{"type":"FeatureCollection","features":[{"type":"Feature","id":1,"geometry":{"type":"Point","coordinates":[6.1478010330725663,6.5906914186685182]},"properties":{"objectid":1,"iso":"aaa","grn_num":2378,"iso_lang_name":"Ghotuo","grn_name":"Ghotuo","scope":"ISO_Lang","state":"Verified","parent_num":null,"longitude":6,"latitude":6.5,"location":"Nigeria, Edo"}},{"type":"Feature","id":2,"geometry":{"type":"Point","coordinates":[7.7749938391947477,8.5482144408389757]},"properties":{"objectid":2,"iso":"aab","grn_num":2140,"iso_lang_name":"Alumu-Tesu","grn_name":"Alumu-Tesu","scope":"ISO_Lang","state":"Verified","parent_num":null,"longitude":7.7300000000000004,"latitude":8.5199999999999996,"location":"Nigeria, Nassarawa"}},{"type":"Feature","id":3,"geometry":{"type":"Point","coordinates":[7.7299999997125077,8.5199999995931091]},"properties":{"objectid":3,"iso":"aab","grn_num":7262,"iso_lang_name":"Alumu-Tesu","grn_name":"Alumu-Tesu: Alumu","scope":"Dialect","state":"Verified","parent_num":2140,"longitude":7.7300000000000004,"latitude":8.5199999999999996,"location":"Nigeria, Nassarawa"}},{"type":"Feature","id":4,"geometry":{"type":"Point","coordinates":[7.6367209411576713,8.55547054108753]},"properties":{"objectid":4,"iso":"aab","grn_num":7263,"iso_lang_name":"Alumu-Tesu","grn_name":"Alumu-Tesu: Tesu","scope":"Dialect","state":"Verified","parent_num":2140,"longitude":7.7300000000000004,"latitude":8.5199999999999996,"location":"Nigeria, Nassarawa"}},{"type":"Feature","id":5,"geometry":{"type":"Point","coordinates":[13.310448815756986,11.959547793977547]},"properties":{"objectid":5,"iso":"aal","grn_num":4766,"iso_lang_name":"Afade","grn_name":"Afade","scope":"ISO_Lang","state":"Verified","parent_num":null,"longitude":13.151999999999999,"latitude":11.884600000000001,"location":"Nigeria, Borno"}},{"type":"Feature","id":6,"geometry":{"type":"Point","coordinates":[8.7204398886691532,5.8796638117939315]},"properties":{"objectid":6,"iso":"abm","grn_num":2224,"iso_lang_name":"Abanyom","grn_name":"Abanyum","scope":"ISO_Lang","state":"Verified","parent_num":null,"longitude":8.5,"latitude":5.75,"location":"Nigeria, Cross River"}},{"type":"Feature","id":7,"geometry":{"type":"Point","coordinates":[7.1128920942552938,4.9336136388373051]},"properties":{"objectid":7,"iso":"abn","grn_num":24066,"iso_lang_name":"Abua","grn_name":"Abua","scope":"ISO_Lang","state":"Verified","parent_num":null,"longitude":6.9112,"latitude":4.8395999999999999,"location":"Nigeria, Rivers"}},{"type":"Feature","id":8,"geometry":{"type":"Point","coordinates":[6.7458694281538545,4.8884067769100037]},"properties":{"objectid":8,"iso":"abn","grn_num":2377,"iso_lang_name":"Abua","grn_name":"Abua: Central","scope":"Dialect","state":"Verified","parent_num":24066,"longitude":6.9112,"latitude":4.8395999999999999,"location":"Nigeria, Rivers"}},{"type":"Feature","id":9,"geometry":{"type":"Point","coordinates":[11.102835551909319,8.0650547714262402]},"properties":{"objectid":9,"iso":"abo","grn_num":4257,"iso_lang_name":"Abon","grn_name":"Abong","scope":"ISO_Lang","state":"Verified","parent_num":null,"longitude":10.774000000000001,"latitude":7.9993999999999996,"location":"Nigeria, Taraba"}},{"type":"Feature","id":10,"geometry":{"type":"Point","coordinates":[10.51942828479735,7.9804953427217233]},"properties":{"objectid":10,"iso":"acb","grn_num":6985,"iso_lang_name":"Áncá","grn_name":"Anca","scope":"ISO_Lang","state":"Verified","parent_num":null,"longitude":10.774000000000001,"latitude":7.9993999999999996,"location":"Nigeria, Taraba"}},{"type":"Feature","id":11,"geometry":null,"properties":{"objectid":11,"iso":"acp","grn_num":6669,"iso_lang_name":"Acipa, Eastern","grn_name":"Acipa, Eastern","scope":"ISO_Lang","state":"Verified","parent_num":null,"longitude":null,"latitude":null,"location":"Nigeria, Niger","shape":null}},{"type":"Feature","id":12,"geometry":null,"properties":{"objectid":12,"iso":"acp","grn_num":23911,"iso_lang_name":"Acipa, Eastern","grn_name":"Acipa, Eastern: Bobi","scope":"Dialect","state":"Verified","parent_num":6669,"longitude":null,"latitude":null,"location":"Nigeria, Niger","shape":null}},{"type":"Feature","id":13,"geometry":null,"properties":{"objectid":13,"iso":"acp","grn_num":6670,"iso_lang_name":"Acipa, Eastern","grn_name":"Acipa, Eastern: Boroma","scope":"Dialect","state":"Verified","parent_num":6669,"longitude":null,"latitude":null,"location":"Nigeria, Niger","shape":null}},{"type":"Feature","id":14,"geometry":null,"properties":{"objectid":14,"iso":"acp","grn_num":23912,"iso_lang_name":"Acipa, Eastern","grn_name":"Acipa, Eastern: Randeggi","scope":"Dialect","state":"Verified","parent_num":6669,"longitude":null,"latitude":null,"location":"Nigeria, Niger","shape":null}},{"type":"Feature","id":15,"geometry":{"type":"Point","coordinates":[6.9369999997040965,6.2209000003291788]},"properties":{"objectid":15,"iso":"adu","grn_num":6686,"iso_lang_name":"Aduge","grn_name":"Aduge","scope":"ISO_Lang","state":"Verified","parent_num":null,"longitude":6.9370000000000003,"latitude":6.2209000000000003,"location":"Nigeria, Anambra"}},{"type":"Feature","id":16,"geometry":{"type":"Point","coordinates":[8.4478805831622168,5.8825068916534562]},"properties":{"objectid":16,"iso":"afe","grn_num":23103,"iso_lang_name":"Utugwang-Irungene-Afrike","grn_name":"Utugwang-Irungene-Afrike","scope":"ISO_Lang","state":"Verified","parent_num":null,"longitude":8.5,"latitude":5.75,"location":"Nigeria, Cross River"}},{"type":"Feature","id":17,"geometry":{"type":"Point","coordinates":[8.4455841578176649,5.6015786317690601]},"properties":{"objectid":17,"iso":"afe","grn_num":2197,"iso_lang_name":"Utugwang-Irungene-Afrike","grn_name":"Utugwang-Irungene-Afrike: Afrike","scope":"Dialect","state":"Verified","parent_num":23103,"longitude":8.5,"latitude":5.75,"location":"Nigeria, Cross River"}},{"type":"Feature","id":18,"geometry":{"type":"Point","coordinates":[8.5714779406595749,5.8251497992932482]},"properties":{"objectid":18,"iso":"afe","grn_num":23863,"iso_lang_name":"Utugwang-Irungene-Afrike","grn_name":"Utugwang-Irungene-Afrike: Irungene","scope":"Dialect","state":"Verified","parent_num":23103,"longitude":8.5,"latitude":5.75,"location":"Nigeria, Cross River"}},{"type":"Feature","id":19,"geometry":{"type":"Point","coordinates":[8.6311239105852735,5.7022618710874511]},"properties":{"objectid":19,"iso":"afe","grn_num":2303,"iso_lang_name":"Utugwang-Irungene-Afrike","grn_name":"Utugwang-Irungene-Afrike: Mbe East","scope":"Dialect","state":"Verified","parent_num":23103,"longitude":8.5,"latitude":5.75,"location":"Nigeria, Cross River"}},{"type":"Feature","id":20,"geometry":{"type":"Point","coordinates":[8.5302402439427922,5.3785521902656743]},"properties":{"objectid":20,"iso":"afe","grn_num":23862,"iso_lang_name":"Utugwang-Irungene-Afrike","grn_name":"Utugwang-Irungene-Afrike: Mgbenege","scope":"Dialect","state":"Verified","parent_num":23103,"longitude":8.5,"latitude":5.75,"location":"Nigeria, Cross River"}},{"type":"Feature","id":21,"geometry":{"type":"Point","coordinates":[8.503378920030034,5.5707666322015488]},"properties":{"objectid":21,"iso":"afe","grn_num":15812,"iso_lang_name":"Utugwang-Irungene-Afrike","grn_name":"Utugwang-Irungene-Afrike: Okworogung","scope":"Dialect","state":"Verified","parent_num":23103,"longitude":8.5,"latitude":5.75,"location":"Nigeria, Cross River"}},{"type":"Feature","id":22,"geometry":{"type":"Point","coordinates":[8.1480772768213914,5.8529311531680239]},"properties":{"objectid":22,"iso":"afe","grn_num":4987,"iso_lang_name":"Utugwang-Irungene-Afrike","grn_name":"Utugwang-Irungene-Afrike: Ukwortung","scope":"Dialect","state":"Verified","parent_num":23103,"longitude":8.5,"latitude":5.75,"location":"Nigeria, Cross River"}},{"type":"Feature","id":23,"geometry":{"type":"Point","coordinates":[8.3540858359387578,5.797196998694452]},"properties":{"objectid":23,"iso":"afe","grn_num":2305,"iso_lang_name":"Utugwang-Irungene-Afrike","grn_name":"Utugwang-Irungene-Afrike: Utugwang","scope":"Dialect","state":"Verified","parent_num":23103,"longitude":8.5,"latitude":5.75,"location":"Nigeria, Cross River"}},{"type":"Feature","id":24,"geometry":{"type":"Point","coordinates":[6.8355872891396441,4.6893012177471194]},"properties":{"objectid":24,"iso":"afn","grn_num":9199,"iso_lang_name":"Defaka","grn_name":"Defaka","scope":"ISO_Lang","state":"Verified","parent_num":null,"longitude":6.9112,"latitude":4.8395999999999999,"location":"Nigeria, Rivers"}},{"type":"Feature","id":25,"geometry":{"type":"Point","coordinates":[9.7349491259573782,9.3671612573286396]},"properties":{"objectid":25,"iso":"afo","grn_num":2086,"iso_lang_name":"Eloyi","grn_name":"Eloyi","scope":"ISO_Lang","state":"Verified","parent_num":null,"longitude":9.5179000000000009,"latitude":9.2181999999999995,"location":"Nigeria, Plateau"}},{"type":"Feature","id":26,"geometry":{"type":"Point","coordinates":[9.2248902216686268,9.1191144442029461]},"properties":{"objectid":26,"iso":"afo","grn_num":27433,"iso_lang_name":"Eloyi","grn_name":"Eloyi: Ambu","scope":"Dialect","state":"Unverified","parent_num":2086,"longitude":9.5179000000000009,"latitude":9.2181999999999995,"location":"Nigeria, Plateau"}},{"type":"Feature","id":27,"geometry":{"type":"Point","coordinates":[9.8486101776729065,9.216612077018441]},"properties":{"objectid":27,"iso":"afo","grn_num":9536,"iso_lang_name":"Eloyi","grn_name":"Eloyi: Mbamu","scope":"Dialect","state":"Unverified","parent_num":2086,"longitude":9.5179000000000009,"latitude":9.2181999999999995,"location":"Nigeria, Plateau"}},{"type":"Feature","id":28,"geometry":{"type":"Point","coordinates":[9.607635591741527,9.26932019907699]},"properties":{"objectid":28,"iso":"afo","grn_num":23898,"iso_lang_name":"Eloyi","grn_name":"Eloyi: Mbeki","scope":"Dialect","state":"Unverified","parent_num":2086,"longitude":9.5179000000000009,"latitude":9.2181999999999995,"location":"Nigeria, Plateau"}},{"type":"Feature","id":29,"geometry":{"type":"Point","coordinates":[9.5613968229210791,9.0009567578272414]},"properties":{"objectid":29,"iso":"afo","grn_num":27434,"iso_lang_name":"Eloyi","grn_name":"Eloyi: Usha-Olugwa","scope":"Dialect","state":"Unverified","parent_num":2086,"longitude":9.5179000000000009,"latitude":9.2181999999999995,"location":"Nigeria, Plateau"}},{"type":"Feature","id":30,"geometry":{"type":"Point","coordinates":[8.7048740161732212,5.8288877957229586]},"properties":{"objectid":30,"iso":"agb","grn_num":2946,"iso_lang_name":"Legbo","grn_name":"Agbo","scope":"ISO_Lang","state":"Verified","parent_num":null,"longitude":8.5,"latitude":5.75,"location":"Nigeria, Cross River"}},{"type":"Feature","id":31,"geometry":{"type":"Point","coordinates":[8.4905359741109194,5.4600473421425839]},"properties":{"objectid":31,"iso":"agb","grn_num":29809,"iso_lang_name":"Legbo","grn_name":"Legbo: Ititgidi","scope":"Dialect","state":"Unverified","parent_num":2946,"longitude":8.5,"latitude":5.75,"location":"Nigeria, Cross River"}},{"type":"Feature","id":32,"geometry":{"type":"Point","coordinates":[8.4781069727730749,5.4084138237877371]},"properties":{"objectid":32,"iso":"agb","grn_num":29810,"iso_lang_name":"Legbo","grn_name":"Legbo: Lemabana","scope":"Dialect","state":"Unverified","parent_num":2946,"longitude":8.5,"latitude":5.75,"location":"Nigeria, Cross River"}},{"type":"Feature","id":33,"geometry":{"type":"Point","coordinates":[8.8845893971674617,7.3995509094239891]},"properties":{"objectid":33,"iso":"agc","grn_num":2135,"iso_lang_name":"Agatu","grn_name":"Agatu","scope":"ISO_Lang","state":"Verified","parent_num":null,"longitude":8.7403999999999993,"latitude":7.3369,"location":"Nigeria, Benue"}},{"type":"Feature","id":34,"geometry":{"type":"Point","coordinates":[4.9509493779799216,7.1418291099094047]},"properties":{"objectid":34,"iso":"ahn","grn_num":6764,"iso_lang_name":"Àhàn","grn_name":"Ahan","scope":"ISO_Lang","state":"Verified","parent_num":null,"longitude":4.8417000000000003,"latitude":7.0999999999999996,"location":"Nigeria, Ondo"}},{"type":"Feature","id":35,"geometry":{"type":"Point","coordinates":[7.6327129027016811,10.570014930570997]},"properties":{"objectid":35,"iso":"ahs","grn_num":7269,"iso_lang_name":"Ashe","grn_name":"Ashe","scope":"ISO_Lang","state":"Verified","parent_num":null,"longitude":7.4408000000000003,"latitude":10.5015,"location":"Nigeria, Kaduna"}},{"type":"Feature","id":36,"geometry":{"type":"Point","coordinates":[7.381421454989721,10.432574470359585]},"properties":{"objectid":36,"iso":"ahs","grn_num":23913,"iso_lang_name":"Ashe","grn_name":"Ashe: Uchek","scope":"Dialect","state":"Unverified","parent_num":7269,"longitude":7.4408000000000003,"latitude":10.5015,"location":"Nigeria, Kaduna"}},{"type":"Feature","id":37,"geometry":{"type":"Point","coordinates":[7.1315593050482224,10.64057311682741]},"properties":{"objectid":37,"iso":"ahs","grn_num":23914,"iso_lang_name":"Ashe","grn_name":"Ashe: Unorr","scope":"Dialect","state":"Unverified","parent_num":7269,"longitude":7.4408000000000003,"latitude":10.5015,"location":"Nigeria, Kaduna"}},{"type":"Feature","id":38,"geometry":{"type":"Point","coordinates":[7.675627701951643,8.40668743741562]},"properties":{"objectid":38,"iso":"aik","grn_num":6817,"iso_lang_name":"Ake","grn_name":"Akye","scope":"ISO_Lang","state":"Verified","parent_num":null,"longitude":7.7300000000000004,"latitude":8.5199999999999996,"location":"Nigeria, Nassarawa"}},{"type":"Feature","id":39,"geometry":{"type":"Point","coordinates":[8.4787853867638514,5.7013128314295098]},"properties":{"objectid":39,"iso":"akd","grn_num":2953,"iso_lang_name":"Ukpet-Ehom","grn_name":"Ukpet-Ehom","scope":"ISO_Lang","state":"Verified","parent_num":null,"longitude":8.5,"latitude":5.75,"location":"Nigeria, Cross River"}},{"type":"Feature","id":40,"geometry":{"type":"Point","coordinates":[8.5436085111653082,5.4839241561510335]},"properties":{"objectid":40,"iso":"akd","grn_num":20933,"iso_lang_name":"Ukpet-Ehom","grn_name":"Ukpet-Ehom: Ehom","scope":"Dialect","state":"Verified","parent_num":2953,"longitude":8.5,"latitude":5.75,"location":"Nigeria, Cross River"}},{"type":"Feature","id":41,"geometry":{"type":"Point","coordinates":[8.7752925811894471,7.376937583159318]},"properties":{"objectid":41,"iso":"akf","grn_num":6832,"iso_lang_name":"Akpa","grn_name":"Akpa","scope":"ISO_Lang","state":"Verified","parent_num":null,"longitude":8.7403999999999993,"latitude":7.3369,"location":"Nigeria, Benue"}},{"type":"Feature","id":42,"geometry":{"type":"Point","coordinates":[8.6028753758714327,7.3541458428024287]},"properties":{"objectid":42,"iso":"akf","grn_num":2132,"iso_lang_name":"Akpa","grn_name":"Idoma: Akpa","scope":"Dialect","state":"Verified","parent_num":6832,"longitude":8.7403999999999993,"latitude":7.3369,"location":"Nigeria, Benue"}},{"type":"Feature","id":43,"geometry":{"type":"Point","coordinates":[7.6898242059846424,8.5547333527789089]},"properties":{"objectid":43,"iso":"ala","grn_num":2139,"iso_lang_name":"Alago","grn_name":"Alago","scope":"ISO_Lang","state":"Verified","parent_num":null,"longitude":7.7300000000000004,"latitude":8.5199999999999996,"location":"Nigeria, Nassarawa"}},{"type":"Feature","id":44,"geometry":{"type":"Point","coordinates":[7.7556098338905546,8.4215840013412926]},"properties":{"objectid":44,"iso":"ala","grn_num":6851,"iso_lang_name":"Alago","grn_name":"Alago: Agwatashi","scope":"Dialect","state":"Verified","parent_num":2139,"longitude":7.7300000000000004,"latitude":8.5199999999999996,"location":"Nigeria, Nassarawa"}},{"type":"Feature","id":45,"geometry":{"type":"Point","coordinates":[7.7391824231382396,8.3710801360872935]},"properties":{"objectid":45,"iso":"ala","grn_num":23885,"iso_lang_name":"Alago","grn_name":"Alago: Akpanaja","scope":"Dialect","state":"Verified","parent_num":2139,"longitude":7.7300000000000004,"latitude":8.5199999999999996,"location":"Nigeria, Nassarawa"}},{"type":"Feature","id":46,"geometry":{"type":"Point","coordinates":[7.6919159519883342,8.4829850639880302]},"properties":{"objectid":46,"iso":"ala","grn_num":23881,"iso_lang_name":"Alago","grn_name":"Alago: Aloshi","scope":"Dialect","state":"Verified","parent_num":2139,"longitude":7.7300000000000004,"latitude":8.5199999999999996,"location":"Nigeria, Nassarawa"}},{"type":"Feature","id":47,"geometry":{"type":"Point","coordinates":[7.7989703520316525,8.5008263926869319]},"properties":{"objectid":47,"iso":"ala","grn_num":23882,"iso_lang_name":"Alago","grn_name":"Alago: Ana","scope":"Dialect","state":"Verified","parent_num":2139,"longitude":7.7300000000000004,"latitude":8.5199999999999996,"location":"Nigeria, Nassarawa"}},{"type":"Feature","id":48,"geometry":{"type":"Point","coordinates":[7.7576439385957237,8.4746534144253935]},"properties":{"objectid":48,"iso":"ala","grn_num":6852,"iso_lang_name":"Alago","grn_name":"Alago: Assaikio","scope":"Dialect","state":"Verified","parent_num":2139,"longitude":7.7300000000000004,"latitude":8.5199999999999996,"location":"Nigeria, Nassarawa"}},{"type":"Feature","id":49,"geometry":{"type":"Point","coordinates":[7.5840798209167994,8.5484411228032346]},"properties":{"objectid":49,"iso":"ala","grn_num":6853,"iso_lang_name":"Alago","grn_name":"Alago: Doma","scope":"Dialect","state":"Verified","parent_num":2139,"longitude":7.7300000000000004,"latitude":8.5199999999999996,"location":"Nigeria, Nassarawa"}},{"type":"Feature","id":50,"geometry":{"type":"Point","coordinates":[7.7266827189976075,8.5929688103798174]},"properties":{"objectid":50,"iso":"ala","grn_num":23884,"iso_lang_name":"Alago","grn_name":"Alago: Ibi","scope":"Dialect","state":"Verified","parent_num":2139,"longitude":7.7300000000000004,"latitude":8.5199999999999996,"location":"Nigeria, Nassarawa"}},{"type":"Feature","id":51,"geometry":{"type":"Point","coordinates":[7.6498673640308885,8.5133885248028882]},"properties":{"objectid":51,"iso":"ala","grn_num":6854,"iso_lang_name":"Alago","grn_name":"Alago: Keana","scope":"Dialect","state":"Verified","parent_num":2139,"longitude":7.7300000000000004,"latitude":8.5199999999999996,"location":"Nigeria, Nassarawa"}},{"type":"Feature","id":52,"geometry":{"type":"Point","coordinates":[8.1957826657174078,5.9586516432320655]},"properties":{"objectid":52,"iso":"alf","grn_num":2287,"iso_lang_name":"Alege","grn_name":"Alege","scope":"ISO_Lang","state":"Verified","parent_num":null,"longitude":8.5,"latitude":5.75,"location":"Nigeria, Cross River"}},{"type":"Feature","id":53,"geometry":{"type":"Point","coordinates":[8.1499903056942351,5.6865016326055668]},"properties":{"objectid":53,"iso":"alf","grn_num":2106,"iso_lang_name":"Alege","grn_name":"Ugbe","scope":"Dialect","state":"Verified","parent_num":2287,"longitude":8.5,"latitude":5.75,"location":"Nigeria, Cross River"}},{"type":"Feature","id":54,"geometry":{"type":"Point","coordinates":[10.794219327965218,7.9502911510196643]},"properties":{"objectid":54,"iso":"amb","grn_num":1751,"iso_lang_name":"Ambo","grn_name":"Ambo","scope":"ISO_Lang","state":"Verified","parent_num":null,"longitude":10.774000000000001,"latitude":7.9993999999999996,"location":"Nigeria, Taraba"}},{"type":"Feature","id":55,"geometry":{"type":"Point","coordinates":[9.6301720099565582,9.3773194112107845]},"properties":{"objectid":55,"iso":"amo","grn_num":2340,"iso_lang_name":"Amo","grn_name":"Amo","scope":"ISO_Lang","state":"Verified","parent_num":null,"longitude":9.5179000000000009,"latitude":9.2181999999999995,"location":"Nigeria, Plateau"}},{"type":"Feature","id":56,"geometry":{"type":"Point","coordinates":[9.0274739422426737,9.255270868579645]},"properties":{"objectid":56,"iso":"anc","grn_num":2463,"iso_lang_name":"Ngas","grn_name":"Ngas","scope":"ISO_Lang","state":"Verified","parent_num":null,"longitude":9.5179000000000009,"latitude":9.2181999999999995,"location":"Nigeria, Plateau"}},{"type":"Feature","id":57,"geometry":{"type":"Point","coordinates":[9.3519986408606925,9.2031817899285873]},"properties":{"objectid":57,"iso":"anc","grn_num":6427,"iso_lang_name":"Ngas","grn_name":"Ngas: Hill","scope":"Dialect","state":"Verified","parent_num":2463,"longitude":9.5179000000000009,"latitude":9.2181999999999995,"location":"Nigeria, Plateau"}},{"type":"Feature","id":58,"geometry":{"type":"Point","coordinates":[9.6450411859490526,9.5238075170121359]},"properties":{"objectid":58,"iso":"anc","grn_num":14882,"iso_lang_name":"Ngas","grn_name":"Ngas: Plain","scope":"Dialect","state":"Verified","parent_num":2463,"longitude":9.5179000000000009,"latitude":9.2181999999999995,"location":"Nigeria, Plateau"}},{"type":"Feature","id":59,"geometry":{"type":"Point","coordinates":[9.4789090390248152,9.5380627960943638]},"properties":{"objectid":59,"iso":"ank","grn_num":2464,"iso_lang_name":"Goemai","grn_name":"Gamai","scope":"ISO_Lang","state":"Verified","parent_num":null,"longitude":9.5179000000000009,"latitude":9.2181999999999995,"location":"Nigeria, Plateau"}},{"type":"Feature","id":60,"geometry":{"type":"Point","coordinates":[6.9112000002652607,4.8395999998085433]},"properties":{"objectid":60,"iso":"ann","grn_num":2358,"iso_lang_name":"Obolo","grn_name":"Obolo","scope":"ISO_Lang","state":"Verified","parent_num":null,"longitude":6.9112,"latitude":4.8395999999999999,"location":"Nigeria, Rivers"}},{"type":"Feature","id":61,"geometry":{"type":"Point","coordinates":[6.8323069992515242,4.7892233218859133]},"properties":{"objectid":61,"iso":"ann","grn_num":15221,"iso_lang_name":"Obolo","grn_name":"Obolo: Ataba","scope":"Dialect","state":"Verified","parent_num":2358,"longitude":6.9112,"latitude":4.8395999999999999,"location":"Nigeria, Rivers"}},{"type":"Feature","id":62,"geometry":{"type":"Point","coordinates":[7.0324619949420777,4.8247543973661102]},"properties":{"objectid":62,"iso":"ann","grn_num":15222,"iso_lang_name":"Obolo","grn_name":"Obolo: Ibot","scope":"Dialect","state":"Verified","parent_num":2358,"longitude":6.9112,"latitude":4.8395999999999999,"location":"Nigeria, Rivers"}},{"type":"Feature","id":63,"geometry":{"type":"Point","coordinates":[6.8177000980843268,5.103899920106568]},"properties":{"objectid":63,"iso":"ann","grn_num":15223,"iso_lang_name":"Obolo","grn_name":"Obolo: Ngo","scope":"Dialect","state":"Verified","parent_num":2358,"longitude":6.9112,"latitude":4.8395999999999999,"location":"Nigeria, Rivers"}},{"type":"Feature","id":64,"geometry":{"type":"Point","coordinates":[6.8035862067180979,5.0321158472433023]},"properties":{"objectid":64,"iso":"ann","grn_num":15224,"iso_lang_name":"Obolo","grn_name":"Obolo: Okoroete","scope":"Dialect","state":"Verified","parent_num":2358,"longitude":6.9112,"latitude":4.8395999999999999,"location":"Nigeria, Rivers"}},{"type":"Feature","id":65,"geometry":{"type":"Point","coordinates":[6.9276956299785528,4.7295375144225451]},"properties":{"objectid":65,"iso":"ann","grn_num":15225,"iso_lang_name":"Obolo","grn_name":"Obolo: Unyeada","scope":"Dialect","state":"Verified","parent_num":2358,"longitude":6.9112,"latitude":4.8395999999999999,"location":"Nigeria, Rivers"}},{"type":"Feature","id":66,"geometry":{"type":"Point","coordinates":[7.9756284211609758,4.9519009413532764]},"properties":{"objectid":66,"iso":"anw","grn_num":6976,"iso_lang_name":"Anaang","grn_name":"Anaang: Abak","scope":"Dialect","state":"Verified","parent_num":2369,"longitude":7.8536999999999999,"latitude":4.9057000000000004,"location":"Nigeria, Akwa Ibom"}},{"type":"Feature","id":67,"geometry":{"type":"Point","coordinates":[7.8597113089998709,4.8012688672651853]},"properties":{"objectid":67,"iso":"anw","grn_num":6977,"iso_lang_name":"Anaang","grn_name":"Anaang: Ikot Ekpene","scope":"Dialect","state":"Verified","parent_num":2369,"longitude":7.8536999999999999,"latitude":4.9057000000000004,"location":"Nigeria, Akwa Ibom"}},{"type":"Feature","id":68,"geometry":{"type":"Point","coordinates":[7.8670217385949028,4.7301308866168208]},"properties":{"objectid":68,"iso":"anw","grn_num":6978,"iso_lang_name":"Anaang","grn_name":"Anaang: Ukanafun","scope":"Dialect","state":"Verified","parent_num":2369,"longitude":7.8536999999999999,"latitude":4.9057000000000004,"location":"Nigeria, Akwa Ibom"}},{"type":"Feature","id":69,"geometry":{"type":"Point","coordinates":[7.8101800520680493,4.7821075830935635]},"properties":{"objectid":69,"iso":"anw","grn_num":2369,"iso_lang_name":"Anaang","grn_name":"Annang","scope":"ISO_Lang","state":"Verified","parent_num":null,"longitude":7.8536999999999999,"latitude":4.9057000000000004,"location":"Nigeria, Akwa Ibom"}},{"type":"Feature","id":435,"geometry":null,"properties":{"objectid":435,"iso":"gbr","grn_num":10083,"iso_lang_name":"Gbabyi","grn_name":"Gbagyi: Kuta","scope":"Dialect","state":"Verified","parent_num":138,"longitude":null,"latitude":null,"location":"Nigeria, Niger","shape":null}},{"type":"Feature","id":70,"geometry":{"type":"Point","coordinates":[4.7324396890955986,7.1898823006517549]},"properties":{"objectid":70,"iso":"aqg","grn_num":7206,"iso_lang_name":"Arigidi","grn_name":"Arigidi","scope":"ISO_Lang","state":"Verified","parent_num":null,"longitude":4.8417000000000003,"latitude":7.0999999999999996,"location":"Nigeria, Ondo"}},{"type":"Feature","id":71,"geometry":{"type":"Point","coordinates":[4.8863115697333566,6.9056651655899932]},"properties":{"objectid":71,"iso":"aqg","grn_num":7204,"iso_lang_name":"Arigidi","grn_name":"Arigidi: Afa","scope":"Dialect","state":"Verified","parent_num":7206,"longitude":4.8417000000000003,"latitude":7.0999999999999996,"location":"Nigeria, Ondo"}},{"type":"Feature","id":72,"geometry":{"type":"Point","coordinates":[4.9147240963938881,7.1030715468354089]},"properties":{"objectid":72,"iso":"aqg","grn_num":7205,"iso_lang_name":"Arigidi","grn_name":"Arigidi: Aje","scope":"Dialect","state":"Verified","parent_num":7206,"longitude":4.8417000000000003,"latitude":7.0999999999999996,"location":"Nigeria, Ondo"}},{"type":"Feature","id":73,"geometry":{"type":"Point","coordinates":[4.9249947120053283,7.0446694130795606]},"properties":{"objectid":73,"iso":"aqg","grn_num":7207,"iso_lang_name":"Arigidi","grn_name":"Arigidi: Erusu","scope":"Dialect","state":"Verified","parent_num":7206,"longitude":4.8417000000000003,"latitude":7.0999999999999996,"location":"Nigeria, Ondo"}},{"type":"Feature","id":74,"geometry":{"type":"Point","coordinates":[4.7807082983185607,6.9816617721041281]},"properties":{"objectid":74,"iso":"aqg","grn_num":7208,"iso_lang_name":"Arigidi","grn_name":"Arigidi: Ese","scope":"Dialect","state":"Verified","parent_num":7206,"longitude":4.8417000000000003,"latitude":7.0999999999999996,"location":"Nigeria, Ondo"}},{"type":"Feature","id":75,"geometry":{"type":"Point","coordinates":[4.7291144430190695,6.9936920463994872]},"properties":{"objectid":75,"iso":"aqg","grn_num":1942,"iso_lang_name":"Arigidi","grn_name":"Arigidi: Gasi","scope":"Dialect","state":"Verified","parent_num":7206,"longitude":4.8417000000000003,"latitude":7.0999999999999996,"location":"Nigeria, Ondo"}},{"type":"Feature","id":76,"geometry":{"type":"Point","coordinates":[4.7926657524042229,7.0796004229310405]},"properties":{"objectid":76,"iso":"aqg","grn_num":7209,"iso_lang_name":"Arigidi","grn_name":"Arigidi: Igashi","scope":"Dialect","state":"Verified","parent_num":7206,"longitude":4.8417000000000003,"latitude":7.0999999999999996,"location":"Nigeria, Ondo"}},{"type":"Feature","id":77,"geometry":{"type":"Point","coordinates":[4.726579268828206,7.033148921656772]},"properties":{"objectid":77,"iso":"aqg","grn_num":7210,"iso_lang_name":"Arigidi","grn_name":"Arigidi: Oge","scope":"Dialect","state":"Verified","parent_num":7206,"longitude":4.8417000000000003,"latitude":7.0999999999999996,"location":"Nigeria, Ondo"}},{"type":"Feature","id":78,"geometry":{"type":"Point","coordinates":[4.9667105936259803,7.0775371076937077]},"properties":{"objectid":78,"iso":"aqg","grn_num":7211,"iso_lang_name":"Arigidi","grn_name":"Arigidi: Ojo","scope":"Dialect","state":"Verified","parent_num":7206,"longitude":4.8417000000000003,"latitude":7.0999999999999996,"location":"Nigeria, Ondo"}},{"type":"Feature","id":79,"geometry":{"type":"Point","coordinates":[4.835368525890928,6.9027577680690984]},"properties":{"objectid":79,"iso":"aqg","grn_num":7212,"iso_lang_name":"Arigidi","grn_name":"Arigidi: Oyin","scope":"Dialect","state":"Verified","parent_num":7206,"longitude":4.8417000000000003,"latitude":7.0999999999999996,"location":"Nigeria, Ondo"}},{"type":"Feature","id":80,"geometry":{"type":"Point","coordinates":[4.7671657624224908,7.0330144732259701]},"properties":{"objectid":80,"iso":"aqg","grn_num":7213,"iso_lang_name":"Arigidi","grn_name":"Arigidi: Udo","scope":"Dialect","state":"Verified","parent_num":7206,"longitude":4.8417000000000003,"latitude":7.0999999999999996,"location":"Nigeria, Ondo"}},{"type":"Feature","id":81,"geometry":{"type":"Point","coordinates":[4.87893678033981,7.062132832270172]},"properties":{"objectid":81,"iso":"aqg","grn_num":7214,"iso_lang_name":"Arigidi","grn_name":"Arigidi: Uro","scope":"Dialect","state":"Verified","parent_num":7206,"longitude":4.8417000000000003,"latitude":7.0999999999999996,"location":"Nigeria, Ondo"}},{"type":"Feature","id":82,"geometry":{"type":"Point","coordinates":[7.5371823875670954,10.453129834630236]},"properties":{"objectid":82,"iso":"aqk","grn_num":26208,"iso_lang_name":"Aninka","grn_name":"Aninka","scope":"ISO_Lang","state":"Verified","parent_num":null,"longitude":7.4408000000000003,"latitude":10.5015,"location":"Nigeria, Kaduna"}},{"type":"Feature","id":83,"geometry":null,"properties":{"objectid":83,"iso":"asg","grn_num":8979,"iso_lang_name":"Cishingini","grn_name":"Cishingini","scope":"ISO_Lang","state":"Verified","parent_num":null,"longitude":null,"latitude":null,"location":"Nigeria, Niger","shape":null}},{"type":"Feature","id":84,"geometry":null,"properties":{"objectid":84,"iso":"asg","grn_num":8980,"iso_lang_name":"Cishingini","grn_name":"Cishingini: Rofia","scope":"Dialect","state":"Verified","parent_num":8979,"longitude":null,"latitude":null,"location":"Nigeria, Niger","shape":null}},{"type":"Feature","id":85,"geometry":{"type":"Point","coordinates":[5.9721923659766869,6.5452463890448183]},"properties":{"objectid":85,"iso":"atg","grn_num":11026,"iso_lang_name":"Ivbie North-Okpela-Arhe","grn_name":"Ivbie North-Okpela-Arhe","scope":"ISO_Lang","state":"Verified","parent_num":null,"longitude":6,"latitude":6.5,"location":"Nigeria, Edo"}},{"type":"Feature","id":86,"geometry":{"type":"Point","coordinates":[5.7968202082271221,6.5383651593677845]},"properties":{"objectid":86,"iso":"atg","grn_num":11025,"iso_lang_name":"Ivbie North-Okpela-Arhe","grn_name":"Ivbie North-Okpela-Arhe: Arhe","scope":"Dialect","state":"Verified","parent_num":11026,"longitude":6,"latitude":6.5,"location":"Nigeria, Edo"}},{"type":"Feature","id":87,"geometry":{"type":"Point","coordinates":[6.0629499262925366,6.2841792429373067]},"properties":{"objectid":87,"iso":"atg","grn_num":2225,"iso_lang_name":"Ivbie North-Okpela-Arhe","grn_name":"Ivbie North-Okpela-Arhe: Ivbie North","scope":"Dialect","state":"Verified","parent_num":11026,"longitude":6,"latitude":6.5,"location":"Nigeria, Edo"}},{"type":"Feature","id":88,"geometry":{"type":"Point","coordinates":[6.1404223018715225,6.486168275596695]},"properties":{"objectid":88,"iso":"atg","grn_num":26988,"iso_lang_name":"Ivbie North-Okpela-Arhe","grn_name":"Ivbie North-Okpela-Arhe: Okpela","scope":"Dialect","state":"Verified","parent_num":11026,"longitude":6,"latitude":6.5,"location":"Nigeria, Edo"}},{"type":"Feature","id":89,"geometry":null,"properties":{"objectid":89,"iso":"aum","grn_num":18942,"iso_lang_name":"Asu (Nigeria)","grn_name":"Asu","scope":"ISO_Lang","state":"Verified","parent_num":null,"longitude":null,"latitude":null,"location":"Nigeria, Niger","shape":null}},{"type":"Feature","id":90,"geometry":null,"properties":{"objectid":90,"iso":"awc","grn_num":6671,"iso_lang_name":"Cicipu","grn_name":"Cicipu","scope":"ISO_Lang","state":"Verified","parent_num":null,"longitude":null,"latitude":null,"location":"Nigeria, Niger","shape":null}},{"type":"Feature","id":91,"geometry":null,"properties":{"objectid":91,"iso":"awc","grn_num":23890,"iso_lang_name":"Cicipu","grn_name":"Cicipu: Ticuhun","scope":"Dialect","state":"Verified","parent_num":6671,"longitude":null,"latitude":null,"location":"Nigeria, Niger","shape":null}},{"type":"Feature","id":92,"geometry":null,"properties":{"objectid":92,"iso":"awc","grn_num":23886,"iso_lang_name":"Cicipu","grn_name":"Cicipu: Tidipo","scope":"Dialect","state":"Verified","parent_num":6671,"longitude":null,"latitude":null,"location":"Nigeria, Niger","shape":null}},{"type":"Feature","id":93,"geometry":null,"properties":{"objectid":93,"iso":"awc","grn_num":23887,"iso_lang_name":"Cicipu","grn_name":"Cicipu: Tidodimo","scope":"Dialect","state":"Verified","parent_num":6671,"longitude":null,"latitude":null,"location":"Nigeria, Niger","shape":null}},{"type":"Feature","id":94,"geometry":null,"properties":{"objectid":94,"iso":"awc","grn_num":23889,"iso_lang_name":"Cicipu","grn_name":"Cicipu: Tikula","scope":"Dialect","state":"Verified","parent_num":6671,"longitude":null,"latitude":null,"location":"Nigeria, Niger","shape":null}},{"type":"Feature","id":95,"geometry":null,"properties":{"objectid":95,"iso":"awc","grn_num":23892,"iso_lang_name":"Cicipu","grn_name":"Cicipu: Tikumbasi","scope":"Dialect","state":"Verified","parent_num":6671,"longitude":null,"latitude":null,"location":"Nigeria, Niger","shape":null}},{"type":"Feature","id":96,"geometry":null,"properties":{"objectid":96,"iso":"awc","grn_num":6672,"iso_lang_name":"Cicipu","grn_name":"Cicipu: Tirisino","scope":"Dialect","state":"Verified","parent_num":6671,"longitude":null,"latitude":null,"location":"Nigeria, Niger","shape":null}},{"type":"Feature","id":97,"geometry":null,"properties":{"objectid":97,"iso":"awc","grn_num":23891,"iso_lang_name":"Cicipu","grn_name":"Cicipu: Tizoriyo","scope":"Dialect","state":"Verified","parent_num":6671,"longitude":null,"latitude":null,"location":"Nigeria, Niger","shape":null}},{"type":"Feature","id":98,"geometry":{"type":"Point","coordinates":[10.150696143574864,10.431774082775988]},"properties":{"objectid":98,"iso":"awo","grn_num":1918,"iso_lang_name":"Awak","grn_name":"Awak","scope":"ISO_Lang","state":"Verified","parent_num":null,"longitude":9.8404000000000007,"latitude":10.305999999999999,"location":"Nigeria, Bauchi"}},{"type":"Feature","id":99,"geometry":{"type":"Point","coordinates":[9.6449938393436998,11.861214440562996]},"properties":{"objectid":99,"iso":"aye","grn_num":7407,"iso_lang_name":"Ayere","grn_name":"Ayere","scope":"ISO_Lang","state":"Verified","parent_num":null,"longitude":9.5999999999999996,"latitude":11.833,"location":"Nigeria, Kwara"}},{"type":"Feature","id":100,"geometry":{"type":"Point","coordinates":[8.5334939005793657,5.8511474942090755]},"properties":{"objectid":100,"iso":"ayi","grn_num":2960,"iso_lang_name":"Leyigha","grn_name":"Assiga","scope":"ISO_Lang","state":"Verified","parent_num":null,"longitude":8.5,"latitude":5.75,"location":"Nigeria, Cross River"}},{"type":"Feature","id":101,"geometry":{"type":"Point","coordinates":[6.2106359333236751,6.3758621321546132]},"properties":{"objectid":101,"iso":"ayk","grn_num":18946,"iso_lang_name":"Akuku","grn_name":"Akuku","scope":"ISO_Lang","state":"Verified","parent_num":null,"longitude":6,"latitude":6.5,"location":"Nigeria, Edo"}},{"type":"Feature","id":102,"geometry":{"type":"Point","coordinates":[7.5335357970454631,10.657976874579612]},"properties":{"objectid":102,"iso":"ayu","grn_num":2300,"iso_lang_name":"Ayu","grn_name":"Ayu","scope":"ISO_Lang","state":"Verified","parent_num":null,"longitude":7.4408000000000003,"latitude":10.5015,"location":"Nigeria, Kaduna"}},{"type":"Feature","id":103,"geometry":{"type":"Point","coordinates":[9.476263930806093,9.120486368728681]},"properties":{"objectid":103,"iso":"bau","grn_num":2510,"iso_lang_name":"Mbat","grn_name":"Jarawa: Gar","scope":"Dialect","state":"Verified","parent_num":2485,"longitude":9.5179000000000009,"latitude":9.2181999999999995,"location":"Nigeria, Plateau"}},{"type":"Feature","id":104,"geometry":{"type":"Point","coordinates":[9.4512816866350065,8.995404233322903]},"properties":{"objectid":104,"iso":"bau","grn_num":2511,"iso_lang_name":"Mbat","grn_name":"Jarawa: Kantana","scope":"Dialect","state":"Verified","parent_num":2485,"longitude":9.5179000000000009,"latitude":9.2181999999999995,"location":"Nigeria, Plateau"}},{"type":"Feature","id":105,"geometry":{"type":"Point","coordinates":[9.2462542135720529,9.0669062362049999]},"properties":{"objectid":105,"iso":"bau","grn_num":2485,"iso_lang_name":"Mbat","grn_name":"Mbat","scope":"ISO_Lang","state":"Verified","parent_num":null,"longitude":9.5179000000000009,"latitude":9.2181999999999995,"location":"Nigeria, Plateau"}},{"type":"Feature","id":106,"geometry":{"type":"Point","coordinates":[9.7571621848061127,9.2618725811685394]},"properties":{"objectid":106,"iso":"bau","grn_num":24057,"iso_lang_name":"Mbat","grn_name":"Mbat: Galamkya","scope":"Dialect","state":"Verified","parent_num":2485,"longitude":9.5179000000000009,"latitude":9.2181999999999995,"location":"Nigeria, Plateau"}},{"type":"Feature","id":107,"geometry":{"type":"Point","coordinates":[9.7154707068184774,10.473816777892365]},"properties":{"objectid":107,"iso":"bbt","grn_num":2654,"iso_lang_name":"Mburku","grn_name":"Burka","scope":"ISO_Lang","state":"Verified","parent_num":null,"longitude":9.8404000000000007,"latitude":10.305999999999999,"location":"Nigeria, Bauchi"}},{"type":"Feature","id":108,"geometry":{"type":"Point","coordinates":[10.919138489029528,7.9340829709323666]},"properties":{"objectid":108,"iso":"bbu","grn_num":402,"iso_lang_name":"Kulung (Nigeria)","grn_name":"Kulung","scope":"ISO_Lang","state":"Verified","parent_num":null,"longitude":10.774000000000001,"latitude":7.9993999999999996,"location":"Nigeria, Taraba"}},{"type":"Feature","id":109,"geometry":{"type":"Point","coordinates":[12.688666859993832,9.4789969757853676]},"properties":{"objectid":109,"iso":"bcn","grn_num":1892,"iso_lang_name":"Bali [Nigeria]","grn_name":"Maya [Nigeria]","scope":"ISO_Lang","state":"Verified","parent_num":null,"longitude":12.398400000000001,"latitude":9.3264999999999993,"location":"Nigeria, Adamawa"}},{"type":"Feature","id":110,"geometry":{"type":"Point","coordinates":[8.552013510086276,5.5921015066297235]},"properties":{"objectid":110,"iso":"bcs","grn_num":2961,"iso_lang_name":"Kohumono","grn_name":"Hohumono","scope":"ISO_Lang","state":"Verified","parent_num":null,"longitude":8.5,"latitude":5.75,"location":"Nigeria, Cross River"}},{"type":"Feature","id":111,"geometry":{"type":"Point","coordinates":[10.899543806333288,7.8508741398521726]},"properties":{"objectid":111,"iso":"bcv","grn_num":23018,"iso_lang_name":"Shoo-Minda-Nye","grn_name":"Shoo-Minda-Nye","scope":"ISO_Lang","state":"Verified","parent_num":null,"longitude":10.774000000000001,"latitude":7.9993999999999996,"location":"Nigeria, Taraba"}},{"type":"Feature","id":112,"geometry":{"type":"Point","coordinates":[10.47664827056925,8.0710663050845657]},"properties":{"objectid":112,"iso":"bcv","grn_num":16639,"iso_lang_name":"Shoo-Minda-Nye","grn_name":"Shoo-Minda-Nye: Kunini","scope":"Dialect","state":"Verified","parent_num":23018,"longitude":10.774000000000001,"latitude":7.9993999999999996,"location":"Nigeria, Taraba"}},{"type":"Feature","id":113,"geometry":{"type":"Point","coordinates":[10.499681845208585,8.1529447010234755]},"properties":{"objectid":113,"iso":"bcv","grn_num":16638,"iso_lang_name":"Shoo-Minda-Nye","grn_name":"Shoo-Minda-Nye: Minda","scope":"Dialect","state":"Verified","parent_num":23018,"longitude":10.774000000000001,"latitude":7.9993999999999996,"location":"Nigeria, Taraba"}},{"type":"Feature","id":114,"geometry":{"type":"Point","coordinates":[10.644069631978573,8.1486387648412002]},"properties":{"objectid":114,"iso":"bcv","grn_num":2656,"iso_lang_name":"Shoo-Minda-Nye","grn_name":"Shoo-Minda-Nye: Shoo","scope":"Dialect","state":"Verified","parent_num":23018,"longitude":10.774000000000001,"latitude":7.9993999999999996,"location":"Nigeria, Taraba"}},{"type":"Feature","id":115,"geometry":{"type":"Point","coordinates":[12.311106715759514,9.4151170629442493]},"properties":{"objectid":115,"iso":"bcy","grn_num":1890,"iso_lang_name":"Bacama","grn_name":"Bacama","scope":"ISO_Lang","state":"Verified","parent_num":null,"longitude":12.398400000000001,"latitude":9.3264999999999993,"location":"Nigeria, Adamawa"}},{"type":"Feature","id":116,"geometry":{"type":"Point","coordinates":[12.44839891042454,9.3444055631288769]},"properties":{"objectid":116,"iso":"bcy","grn_num":23923,"iso_lang_name":"Bacama","grn_name":"Bacama: Central Bwatiye","scope":"Dialect","state":"Verified","parent_num":1890,"longitude":12.398400000000001,"latitude":9.3264999999999993,"location":"Nigeria, Adamawa"}},{"type":"Feature","id":117,"geometry":{"type":"Point","coordinates":[12.194071460682808,9.1080557757636971]},"properties":{"objectid":117,"iso":"bcy","grn_num":7486,"iso_lang_name":"Bacama","grn_name":"Bacama: Mulyen","scope":"Dialect","state":"Verified","parent_num":1890,"longitude":12.398400000000001,"latitude":9.3264999999999993,"location":"Nigeria, Adamawa"}},{"type":"Feature","id":118,"geometry":{"type":"Point","coordinates":[12.516030899632806,9.0360632283277731]},"properties":{"objectid":118,"iso":"bcy","grn_num":7487,"iso_lang_name":"Bacama","grn_name":"Bacama: Opalo","scope":"Dialect","state":"Verified","parent_num":1890,"longitude":12.398400000000001,"latitude":9.3264999999999993,"location":"Nigeria, Adamawa"}},{"type":"Feature","id":119,"geometry":{"type":"Point","coordinates":[12.424153884861028,8.9709818643386861]},"properties":{"objectid":119,"iso":"bcy","grn_num":7488,"iso_lang_name":"Bacama","grn_name":"Bacama: Wa-Duku","scope":"Dialect","state":"Verified","parent_num":1890,"longitude":12.398400000000001,"latitude":9.3264999999999993,"location":"Nigeria, Adamawa"}},{"type":"Feature","id":120,"geometry":{"type":"Point","coordinates":[11.483993838725379,12.322114441343015]},"properties":{"objectid":120,"iso":"bde","grn_num":2198,"iso_lang_name":"Bade","grn_name":"Bade","scope":"ISO_Lang","state":"Verified","parent_num":null,"longitude":11.439,"latitude":12.293900000000001,"location":"Nigeria, Yobe"}},{"type":"Feature","id":121,"geometry":{"type":"Point","coordinates":[11.400109398242785,12.2454346162056]},"properties":{"objectid":121,"iso":"bde","grn_num":2509,"iso_lang_name":"Bade","grn_name":"Bade: Bedde","scope":"Dialect","state":"Verified","parent_num":2198,"longitude":11.439,"latitude":12.293900000000001,"location":"Nigeria, Yobe"}},{"type":"Feature","id":122,"geometry":{"type":"Point","coordinates":[11.34572094068827,12.329370540717424]},"properties":{"objectid":122,"iso":"bde","grn_num":7491,"iso_lang_name":"Bade","grn_name":"Bade: Gashua","scope":"Dialect","state":"Verified","parent_num":2198,"longitude":11.439,"latitude":12.293900000000001,"location":"Nigeria, Yobe"}},{"type":"Feature","id":123,"geometry":{"type":"Point","coordinates":[11.439000000141435,12.293900000135466]},"properties":{"objectid":123,"iso":"bde","grn_num":7493,"iso_lang_name":"Bade","grn_name":"Bade: Southern","scope":"Dialect","state":"Verified","parent_num":2198,"longitude":11.439,"latitude":12.293900000000001,"location":"Nigeria, Yobe"}},{"type":"Feature","id":124,"geometry":{"type":"Point","coordinates":[11.453147882859701,12.242710767206153]},"properties":{"objectid":124,"iso":"bde","grn_num":7494,"iso_lang_name":"Bade","grn_name":"Bade: Western","scope":"Dialect","state":"Verified","parent_num":2198,"longitude":11.439,"latitude":12.293900000000001,"location":"Nigeria, Yobe"}},{"type":"Feature","id":125,"geometry":{"type":"Point","coordinates":[13.092299634270926,11.746706840124217]},"properties":{"objectid":125,"iso":"bdm","grn_num":8415,"iso_lang_name":"Buduma","grn_name":"Buduma: Kuri","scope":"Dialect","state":"Unverified","parent_num":1771,"longitude":13.151999999999999,"latitude":11.884600000000001,"location":"Nigeria, Borno"}},{"type":"Feature","id":126,"geometry":{"type":"Point","coordinates":[4.410203097422575,11.558516388004419]},"properties":{"objectid":126,"iso":"bga","grn_num":24067,"iso_lang_name":"Gwamhi-Wuri","grn_name":"Gwamhi-Wuri","scope":"ISO_Lang","state":"Verified","parent_num":null,"longitude":4.2332999999999998,"latitude":11.494199999999999,"location":"Nigeria, Kebbi"}},{"type":"Feature","id":127,"geometry":{"type":"Point","coordinates":[4.1271588930746361,11.608680482324324]},"properties":{"objectid":127,"iso":"bga","grn_num":2061,"iso_lang_name":"Gwamhi-Wuri","grn_name":"Gwamhi-Wuri: Gwamhi","scope":"Dialect","state":"Verified","parent_num":24067,"longitude":4.2332999999999998,"latitude":11.494199999999999,"location":"Nigeria, Kebbi"}},{"type":"Feature","id":128,"geometry":{"type":"Point","coordinates":[4.1103814609583749,11.43386358624771]},"properties":{"objectid":128,"iso":"bga","grn_num":23879,"iso_lang_name":"Gwamhi-Wuri","grn_name":"Gwamhi-Wuri: Mba","scope":"Dialect","state":"Verified","parent_num":24067,"longitude":4.2332999999999998,"latitude":11.494199999999999,"location":"Nigeria, Kebbi"}},{"type":"Feature","id":129,"geometry":{"type":"Point","coordinates":[4.2590012272015114,11.624387488754484]},"properties":{"objectid":129,"iso":"bga","grn_num":20929,"iso_lang_name":"Gwamhi-Wuri","grn_name":"Gwamhi-Wuri: Wuri","scope":"Dialect","state":"Verified","parent_num":24067,"longitude":4.2332999999999998,"latitude":11.494199999999999,"location":"Nigeria, Kebbi"}},{"type":"Feature","id":130,"geometry":{"type":"Point","coordinates":[10.531270891070564,7.8282209313311473]},"properties":{"objectid":130,"iso":"bgu","grn_num":13926,"iso_lang_name":"Mbongno","grn_name":"Mbongno","scope":"ISO_Lang","state":"Verified","parent_num":null,"longitude":10.774000000000001,"latitude":7.9993999999999996,"location":"Nigeria, Taraba"}},{"type":"Feature","id":131,"geometry":{"type":"Point","coordinates":[12.046070376752283,9.4696142685918474]},"properties":{"objectid":131,"iso":"bil","grn_num":1870,"iso_lang_name":"Bile","grn_name":"Bille","scope":"ISO_Lang","state":"Verified","parent_num":null,"longitude":12.398400000000001,"latitude":9.3264999999999993,"location":"Nigeria, Adamawa"}},{"type":"Feature","id":132,"geometry":{"type":"Point","coordinates":[5.8138059093521113,6.4702557460602517]},"properties":{"objectid":132,"iso":"bin","grn_num":2109,"iso_lang_name":"Bini","grn_name":"Edo","scope":"ISO_Lang","state":"Verified","parent_num":null,"longitude":6,"latitude":6.5,"location":"Nigeria, Edo"}},{"type":"Feature","id":133,"geometry":{"type":"Point","coordinates":[5.911636688332413,6.3766215329451494]},"properties":{"objectid":133,"iso":"bin","grn_num":28005,"iso_lang_name":"Bini","grn_name":"Edo: Oza","scope":"Dialect","state":"Verified","parent_num":2109,"longitude":6,"latitude":6.5,"location":"Nigeria, Edo"}},{"type":"Feature","id":134,"geometry":{"type":"Point","coordinates":[10.623402147034064,8.052948133067753]},"properties":{"objectid":134,"iso":"bka","grn_num":2662,"iso_lang_name":"Kyak","grn_name":"Kyak","scope":"ISO_Lang","state":"Verified","parent_num":null,"longitude":10.774000000000001,"latitude":7.9993999999999996,"location":"Nigeria, Taraba"}},{"type":"Feature","id":135,"geometry":{"type":"Point","coordinates":[8.3173363002478418,5.9452720523087317]},"properties":{"objectid":135,"iso":"bkv","grn_num":2191,"iso_lang_name":"Bekwarra","grn_name":"Bekwarrah","scope":"ISO_Lang","state":"Verified","parent_num":null,"longitude":8.5,"latitude":5.75,"location":"Nigeria, Cross River"}},{"type":"Feature","id":136,"geometry":{"type":"Point","coordinates":[8.239188258624532,5.6754225397569407]},"properties":{"objectid":136,"iso":"bky","grn_num":1744,"iso_lang_name":"Bokyi","grn_name":"Boki","scope":"Dialect","state":"Verified","parent_num":8250,"longitude":8.5,"latitude":5.75,"location":"Nigeria, Cross River"}},{"type":"Feature","id":137,"geometry":{"type":"Point","coordinates":[8.2845528319262289,5.6158795452657797]},"properties":{"objectid":137,"iso":"bky","grn_num":2279,"iso_lang_name":"Bokyi","grn_name":"Boki: Eastern","scope":"Dialect","state":"Verified","parent_num":8250,"longitude":8.5,"latitude":5.75,"location":"Nigeria, Cross River"}},{"type":"Feature","id":138,"geometry":{"type":"Point","coordinates":[8.6230657799416033,5.7839053281478696]},"properties":{"objectid":138,"iso":"bky","grn_num":8247,"iso_lang_name":"Bokyi","grn_name":"Bokyi: Abo","scope":"Dialect","state":"Verified","parent_num":8250,"longitude":8.5,"latitude":5.75,"location":"Nigeria, Cross River"}},{"type":"Feature","id":139,"geometry":{"type":"Point","coordinates":[8.6008596381205518,5.5712555001637094]},"properties":{"objectid":139,"iso":"bky","grn_num":8248,"iso_lang_name":"Bokyi","grn_name":"Bokyi: Basua","scope":"Dialect","state":"Verified","parent_num":8250,"longitude":8.5,"latitude":5.75,"location":"Nigeria, Cross River"}},{"type":"Feature","id":140,"geometry":{"type":"Point","coordinates":[8.1915900423351626,5.8833801182114431]},"properties":{"objectid":140,"iso":"bky","grn_num":8249,"iso_lang_name":"Bokyi","grn_name":"Bokyi: Boje","scope":"Dialect","state":"Verified","parent_num":8250,"longitude":8.5,"latitude":5.75,"location":"Nigeria, Cross River"}},{"type":"Feature","id":141,"geometry":{"type":"Point","coordinates":[8.6606490348611569,5.5941203296431716]},"properties":{"objectid":141,"iso":"bky","grn_num":8251,"iso_lang_name":"Bokyi","grn_name":"Bokyi: Boorim","scope":"Dialect","state":"Verified","parent_num":8250,"longitude":8.5,"latitude":5.75,"location":"Nigeria, Cross River"}},{"type":"Feature","id":142,"geometry":{"type":"Point","coordinates":[8.2726355469068089,5.9268052230064621]},"properties":{"objectid":142,"iso":"bky","grn_num":8252,"iso_lang_name":"Bokyi","grn_name":"Bokyi: Irruan","scope":"Dialect","state":"Verified","parent_num":8250,"longitude":8.5,"latitude":5.75,"location":"Nigeria, Cross River"}},{"type":"Feature","id":143,"geometry":{"type":"Point","coordinates":[8.713745976446857,5.5930180364441391]},"properties":{"objectid":143,"iso":"bky","grn_num":8254,"iso_lang_name":"Bokyi","grn_name":"Bokyi: Kwakwagom","scope":"Dialect","state":"Verified","parent_num":8250,"longitude":8.5,"latitude":5.75,"location":"Nigeria, Cross River"}},{"type":"Feature","id":144,"geometry":{"type":"Point","coordinates":[8.7044691921870481,5.645748238809924]},"properties":{"objectid":144,"iso":"bky","grn_num":8255,"iso_lang_name":"Bokyi","grn_name":"Bokyi: Nsadop","scope":"Dialect","state":"Verified","parent_num":8250,"longitude":8.5,"latitude":5.75,"location":"Nigeria, Cross River"}},{"type":"Feature","id":145,"geometry":{"type":"Point","coordinates":[8.4185241939376994,5.5162674597972918]},"properties":{"objectid":145,"iso":"bky","grn_num":8256,"iso_lang_name":"Bokyi","grn_name":"Bokyi: Oku","scope":"Dialect","state":"Verified","parent_num":8250,"longitude":8.5,"latitude":5.75,"location":"Nigeria, Cross River"}},{"type":"Feature","id":146,"geometry":{"type":"Point","coordinates":[8.1902212685569769,5.7254973093224084]},"properties":{"objectid":146,"iso":"bky","grn_num":8257,"iso_lang_name":"Bokyi","grn_name":"Bokyi: Osokom","scope":"Dialect","state":"Verified","parent_num":8250,"longitude":8.5,"latitude":5.75,"location":"Nigeria, Cross River"}},{"type":"Feature","id":147,"geometry":{"type":"Point","coordinates":[8.5095058776287509,5.9690090008050083]},"properties":{"objectid":147,"iso":"bky","grn_num":8258,"iso_lang_name":"Bokyi","grn_name":"Bokyi: Oyokom","scope":"Dialect","state":"Verified","parent_num":8250,"longitude":8.5,"latitude":5.75,"location":"Nigeria, Cross River"}},{"type":"Feature","id":148,"geometry":{"type":"Point","coordinates":[8.2464953797243545,5.5277776667617005]},"properties":{"objectid":148,"iso":"bky","grn_num":8259,"iso_lang_name":"Bokyi","grn_name":"Bokyi: Wula","scope":"Dialect","state":"Verified","parent_num":8250,"longitude":8.5,"latitude":5.75,"location":"Nigeria, Cross River"}},{"type":"Feature","id":149,"geometry":{"type":"Point","coordinates":[9.5521047673014809,10.365539475195973]},"properties":{"objectid":149,"iso":"bma","grn_num":2567,"iso_lang_name":"Lame","grn_name":"Lame: Bamoro","scope":"Dialect","state":"Verified","parent_num":12733,"longitude":9.8404000000000007,"latitude":10.305999999999999,"location":"Nigeria, Bauchi"}},{"type":"Feature","id":150,"geometry":{"type":"Point","coordinates":[10.054908995034985,10.317804819615457]},"properties":{"objectid":150,"iso":"bma","grn_num":23924,"iso_lang_name":"Lame","grn_name":"Lame: Gura","scope":"Dialect","state":"Verified","parent_num":12733,"longitude":9.8404000000000007,"latitude":10.305999999999999,"location":"Nigeria, Bauchi"}},{"type":"Feature","id":151,"geometry":{"type":"Point","coordinates":[9.7352844832226388,10.183945509187865]},"properties":{"objectid":151,"iso":"bma","grn_num":2561,"iso_lang_name":"Lame","grn_name":"Lame: Gurawa","scope":"Dialect","state":"Verified","parent_num":12733,"longitude":9.8404000000000007,"latitude":10.305999999999999,"location":"Nigeria, Bauchi"}},{"type":"Feature","id":152,"geometry":{"type":"Point","coordinates":[9.6996341701308229,10.260589643711379]},"properties":{"objectid":152,"iso":"bma","grn_num":12733,"iso_lang_name":"Lame","grn_name":"Lame [Nigeria]","scope":"ISO_Lang","state":"Verified","parent_num":null,"longitude":9.8404000000000007,"latitude":10.305999999999999,"location":"Nigeria, Bauchi"}},{"type":"Feature","id":153,"geometry":{"type":"Point","coordinates":[9.5530489487673673,10.419945185247272]},"properties":{"objectid":153,"iso":"bol","grn_num":8265,"iso_lang_name":"Bole","grn_name":"Bole: Bara","scope":"Dialect","state":"Verified","parent_num":2042,"longitude":9.8404000000000007,"latitude":10.305999999999999,"location":"Nigeria, Bauchi"}},{"type":"Feature","id":154,"geometry":{"type":"Point","coordinates":[9.7908981125689678,10.325237033301439]},"properties":{"objectid":154,"iso":"bol","grn_num":8266,"iso_lang_name":"Bole","grn_name":"Bole: Fika","scope":"Dialect","state":"Verified","parent_num":2042,"longitude":9.8404000000000007,"latitude":10.305999999999999,"location":"Nigeria, Bauchi"}},{"type":"Feature","id":155,"geometry":{"type":"Point","coordinates":[9.6795670876811872,10.21696033419096]},"properties":{"objectid":155,"iso":"bol","grn_num":2042,"iso_lang_name":"Bole","grn_name":"Bolewa","scope":"ISO_Lang","state":"Verified","parent_num":null,"longitude":9.8404000000000007,"latitude":10.305999999999999,"location":"Nigeria, Bauchi"}},{"type":"Feature","id":156,"geometry":{"type":"Point","coordinates":[9.0962573021505779,9.258093640124109]},"properties":{"objectid":156,"iso":"bom","grn_num":4759,"iso_lang_name":"Berom","grn_name":"Berom","scope":"ISO_Lang","state":"Verified","parent_num":null,"longitude":9.5179000000000009,"latitude":9.2181999999999995,"location":"Nigeria, Plateau"}},{"type":"Feature","id":157,"geometry":{"type":"Point","coordinates":[9.6295956194292334,9.4815229276638178]},"properties":{"objectid":157,"iso":"bom","grn_num":7996,"iso_lang_name":"Berom","grn_name":"Berom: Bachi","scope":"Dialect","state":"Verified","parent_num":4759,"longitude":9.5179000000000009,"latitude":9.2181999999999995,"location":"Nigeria, Plateau"}},{"type":"Feature","id":158,"geometry":{"type":"Point","coordinates":[9.3873406557402497,8.9248337736958465]},"properties":{"objectid":158,"iso":"bom","grn_num":7993,"iso_lang_name":"Berom","grn_name":"Berom: Du","scope":"Dialect","state":"Verified","parent_num":4759,"longitude":9.5179000000000009,"latitude":9.2181999999999995,"location":"Nigeria, Plateau"}},{"type":"Feature","id":159,"geometry":{"type":"Point","coordinates":[9.2004129977738369,9.0400905097418089]},"properties":{"objectid":159,"iso":"bom","grn_num":7994,"iso_lang_name":"Berom","grn_name":"Berom: Fan","scope":"Dialect","state":"Verified","parent_num":4759,"longitude":9.5179000000000009,"latitude":9.2181999999999995,"location":"Nigeria, Plateau"}},{"type":"Feature","id":160,"geometry":{"type":"Point","coordinates":[9.4182367025645117,9.2945470270346995]},"properties":{"objectid":160,"iso":"bom","grn_num":24053,"iso_lang_name":"Berom","grn_name":"Berom: Foron","scope":"Dialect","state":"Verified","parent_num":4759,"longitude":9.5179000000000009,"latitude":9.2181999999999995,"location":"Nigeria, Plateau"}},{"type":"Feature","id":161,"geometry":{"type":"Point","coordinates":[9.4005187657868152,9.2444813208498591]},"properties":{"objectid":161,"iso":"bom","grn_num":7992,"iso_lang_name":"Berom","grn_name":"Berom: Gashish","scope":"Dialect","state":"Verified","parent_num":4759,"longitude":9.5179000000000009,"latitude":9.2181999999999995,"location":"Nigeria, Plateau"}},{"type":"Feature","id":162,"geometry":{"type":"Point","coordinates":[9.1923882961368211,9.2393678988170702]},"properties":{"objectid":162,"iso":"bom","grn_num":7995,"iso_lang_name":"Berom","grn_name":"Berom: Gyel","scope":"Dialect","state":"Verified","parent_num":4759,"longitude":9.5179000000000009,"latitude":9.2181999999999995,"location":"Nigeria, Plateau"}},{"type":"Feature","id":163,"geometry":{"type":"Point","coordinates":[9.2195605952413882,9.2849986599548924]},"properties":{"objectid":163,"iso":"bom","grn_num":23925,"iso_lang_name":"Berom","grn_name":"Berom: Heikpang","scope":"Dialect","state":"Verified","parent_num":4759,"longitude":9.5179000000000009,"latitude":9.2181999999999995,"location":"Nigeria, Plateau"}},{"type":"Feature","id":164,"geometry":{"type":"Point","coordinates":[9.5050262452685921,9.2697244276046593]},"properties":{"objectid":164,"iso":"bom","grn_num":23926,"iso_lang_name":"Berom","grn_name":"Berom: Kuru","scope":"Dialect","state":"Verified","parent_num":4759,"longitude":9.5179000000000009,"latitude":9.2181999999999995,"location":"Nigeria, Plateau"}},{"type":"Feature","id":165,"geometry":{"type":"Point","coordinates":[9.3936786258025631,9.3416363156111455]},"properties":{"objectid":165,"iso":"bom","grn_num":23927,"iso_lang_name":"Berom","grn_name":"Berom: Rim","scope":"Dialect","state":"Verified","parent_num":4759,"longitude":9.5179000000000009,"latitude":9.2181999999999995,"location":"Nigeria, Plateau"}},{"type":"Feature","id":166,"geometry":{"type":"Point","coordinates":[9.5859250028520613,9.4621724287160216]},"properties":{"objectid":166,"iso":"bom","grn_num":23928,"iso_lang_name":"Berom","grn_name":"Berom: Riyom","scope":"Dialect","state":"Verified","parent_num":4759,"longitude":9.5179000000000009,"latitude":9.2181999999999995,"location":"Nigeria, Plateau"}},{"type":"Feature","id":167,"geometry":{"type":"Point","coordinates":[9.2087007000749015,8.992450816199776]},"properties":{"objectid":167,"iso":"bom","grn_num":23929,"iso_lang_name":"Berom","grn_name":"Berom: Ropp","scope":"Dialect","state":"Verified","parent_num":4759,"longitude":9.5179000000000009,"latitude":9.2181999999999995,"location":"Nigeria, Plateau"}},{"type":"Feature","id":168,"geometry":{"type":"Point","coordinates":[9.437166303167098,8.9014962347331981]},"properties":{"objectid":168,"iso":"bom","grn_num":23930,"iso_lang_name":"Berom","grn_name":"Berom: Vwang","scope":"Dialect","state":"Verified","parent_num":4759,"longitude":9.5179000000000009,"latitude":9.2181999999999995,"location":"Nigeria, Plateau"}},{"type":"Feature","id":169,"geometry":{"type":"Point","coordinates":[9.3134891716792314,9.2901783119319568]},"properties":{"objectid":169,"iso":"bom","grn_num":23931,"iso_lang_name":"Berom","grn_name":"Berom: Zawan","scope":"Dialect","state":"Verified","parent_num":4759,"longitude":9.5179000000000009,"latitude":9.2181999999999995,"location":"Nigeria, Plateau"}},{"type":"Feature","id":170,"geometry":{"type":"Point","coordinates":[9.4530726703933574,9.4917813283247803]},"properties":{"objectid":170,"iso":"bom","grn_num":2533,"iso_lang_name":"Berom","grn_name":"Birom","scope":"Dialect","state":"Verified","parent_num":4759,"longitude":9.5179000000000009,"latitude":9.2181999999999995,"location":"Nigeria, Plateau"}},{"type":"Feature","id":171,"geometry":null,"properties":{"objectid":171,"iso":"bqc","grn_num":8563,"iso_lang_name":"Boko (Benin)","grn_name":"Boko: Illo Busa","scope":"Dialect","state":"Verified","parent_num":2341,"longitude":null,"latitude":null,"location":"Nigeria, Niger","shape":null}},{"type":"Feature","id":172,"geometry":null,"properties":{"objectid":172,"iso":"bqc","grn_num":2058,"iso_lang_name":"Boko (Benin)","grn_name":"Bussawa","scope":"Dialect","state":"Verified","parent_num":2341,"longitude":null,"latitude":null,"location":"Nigeria, Niger","shape":null}},{"type":"Feature","id":173,"geometry":null,"properties":{"objectid":173,"iso":"bqp","grn_num":8562,"iso_lang_name":"Busa","grn_name":"Busa","scope":"ISO_Lang","state":"Verified","parent_num":null,"longitude":null,"latitude":null,"location":"Nigeria, Niger","shape":null}},{"type":"Feature","id":174,"geometry":null,"properties":{"objectid":174,"iso":"bqp","grn_num":8564,"iso_lang_name":"Busa","grn_name":"Busa: New","scope":"Dialect","state":"Verified","parent_num":8562,"longitude":null,"latitude":null,"location":"Nigeria, Niger","shape":null}},{"type":"Feature","id":175,"geometry":null,"properties":{"objectid":175,"iso":"bqp","grn_num":8565,"iso_lang_name":"Busa","grn_name":"Busa: Wawa","scope":"Dialect","state":"Verified","parent_num":8562,"longitude":null,"latitude":null,"location":"Nigeria, Niger","shape":null}},{"type":"Feature","id":176,"geometry":{"type":"Point","coordinates":[7.3443846398676005,10.476376776767895]},"properties":{"objectid":176,"iso":"bqv","grn_num":4543,"iso_lang_name":"Koro Wachi","grn_name":"Koro Wachi","scope":"ISO_Lang","state":"Verified","parent_num":null,"longitude":7.4408000000000003,"latitude":10.5015,"location":"Nigeria, Kaduna"}},{"type":"Feature","id":177,"geometry":{"type":"Point","coordinates":[7.2476517773359213,10.248023384122185]},"properties":{"objectid":177,"iso":"bqv","grn_num":1967,"iso_lang_name":"Koro Wachi","grn_name":"Koro Wachi: Katugal","scope":"Dialect","state":"Verified","parent_num":4543,"longitude":7.4408000000000003,"latitude":10.5015,"location":"Nigeria, Kaduna"}},{"type":"Feature","id":178,"geometry":{"type":"Point","coordinates":[7.2377821382262848,10.567510201725185]},"properties":{"objectid":178,"iso":"bqv","grn_num":23932,"iso_lang_name":"Koro Wachi","grn_name":"Koro Wachi: Miamia","scope":"Dialect","state":"Verified","parent_num":4543,"longitude":7.4408000000000003,"latitude":10.5015,"location":"Nigeria, Kaduna"}},{"type":"Feature","id":179,"geometry":{"type":"Point","coordinates":[7.6219273233620406,10.451065234260764]},"properties":{"objectid":179,"iso":"bqv","grn_num":23933,"iso_lang_name":"Koro Wachi","grn_name":"Koro Wachi: Tinor","scope":"Dialect","state":"Verified","parent_num":4543,"longitude":7.4408000000000003,"latitude":10.5015,"location":"Nigeria, Kaduna"}},{"type":"Feature","id":180,"geometry":{"type":"Point","coordinates":[10.811835374230132,8.036669085443469]},"properties":{"objectid":180,"iso":"bqw","grn_num":4254,"iso_lang_name":"Buru (Nigeria)","grn_name":"Meyambre","scope":"ISO_Lang","state":"Verified","parent_num":null,"longitude":10.774000000000001,"latitude":7.9993999999999996,"location":"Nigeria, Taraba"}},{"type":"Feature","id":181,"geometry":null,"properties":{"objectid":181,"iso":"bqx","grn_num":7471,"iso_lang_name":"Baangi","grn_name":"Baganci","scope":"ISO_Lang","state":"Verified","parent_num":null,"longitude":null,"latitude":null,"location":"Nigeria, Niger","shape":null}},{"type":"Feature","id":182,"geometry":{"type":"Point","coordinates":[10.876819930379719,7.8955770513950503]},"properties":{"objectid":182,"iso":"brt","grn_num":1758,"iso_lang_name":"Bitare","grn_name":"Njwande","scope":"ISO_Lang","state":"Verified","parent_num":null,"longitude":10.774000000000001,"latitude":7.9993999999999996,"location":"Nigeria, Taraba"}},{"type":"Feature","id":183,"geometry":null,"properties":{"objectid":183,"iso":"bsf","grn_num":7877,"iso_lang_name":"Bauchi","grn_name":"Bauchi","scope":"ISO_Lang","state":"Unverified","parent_num":null,"longitude":null,"latitude":null,"location":"Nigeria, Niger","shape":null}},{"type":"Feature","id":184,"geometry":null,"properties":{"objectid":184,"iso":"bsf","grn_num":27435,"iso_lang_name":"Bauchi","grn_name":"Bauchi: Asamburu","scope":"Dialect","state":"Verified","parent_num":7877,"longitude":null,"latitude":null,"location":"Nigeria, Niger","shape":null}},{"type":"Feature","id":185,"geometry":null,"properties":{"objectid":185,"iso":"bsf","grn_num":28507,"iso_lang_name":"Bauchi","grn_name":"Bauchi: Bandeke","scope":"Dialect","state":"Verified","parent_num":7877,"longitude":null,"latitude":null,"location":"Nigeria, Niger","shape":null}},{"type":"Feature","id":186,"geometry":null,"properties":{"objectid":186,"iso":"bsf","grn_num":27437,"iso_lang_name":"Bauchi","grn_name":"Bauchi: Guda","scope":"Dialect","state":"Verified","parent_num":7877,"longitude":null,"latitude":null,"location":"Nigeria, Niger","shape":null}},{"type":"Feature","id":187,"geometry":null,"properties":{"objectid":187,"iso":"bsf","grn_num":2034,"iso_lang_name":"Bauchi","grn_name":"Bauchi: Madaka","scope":"Dialect","state":"Verified","parent_num":7877,"longitude":null,"latitude":null,"location":"Nigeria, Niger","shape":null}},{"type":"Feature","id":188,"geometry":null,"properties":{"objectid":188,"iso":"bsf","grn_num":27436,"iso_lang_name":"Bauchi","grn_name":"Bauchi: Rubu","scope":"Dialect","state":"Verified","parent_num":7877,"longitude":null,"latitude":null,"location":"Nigeria, Niger","shape":null}},{"type":"Feature","id":189,"geometry":null,"properties":{"objectid":189,"iso":"bsf","grn_num":7878,"iso_lang_name":"Bauchi","grn_name":"Bauchi: Supana","scope":"Dialect","state":"Verified","parent_num":7877,"longitude":null,"latitude":null,"location":"Nigeria, Niger","shape":null}},{"type":"Feature","id":190,"geometry":null,"properties":{"objectid":190,"iso":"bsf","grn_num":7879,"iso_lang_name":"Bauchi","grn_name":"Bauchi: Wayam-Rubu","scope":"Dialect","state":"Verified","parent_num":7877,"longitude":null,"latitude":null,"location":"Nigeria, Niger","shape":null}},{"type":"Feature","id":191,"geometry":{"type":"Point","coordinates":[9.565699769301693,10.322247241218291]},"properties":{"objectid":191,"iso":"bsj","grn_num":7731,"iso_lang_name":"Bangwinji","grn_name":"Bangwinji","scope":"ISO_Lang","state":"Verified","parent_num":null,"longitude":9.8404000000000007,"latitude":10.305999999999999,"location":"Nigeria, Bauchi"}},{"type":"Feature","id":192,"geometry":{"type":"Point","coordinates":[9.4984207272702523,10.236060880285255]},"properties":{"objectid":192,"iso":"bsj","grn_num":7732,"iso_lang_name":"Bangwinji","grn_name":"Bangwinji: Kaalo","scope":"Dialect","state":"Verified","parent_num":7731,"longitude":9.8404000000000007,"latitude":10.305999999999999,"location":"Nigeria, Bauchi"}},{"type":"Feature","id":193,"geometry":{"type":"Point","coordinates":[9.6553408306188953,10.385807548785589]},"properties":{"objectid":193,"iso":"bsj","grn_num":7733,"iso_lang_name":"Bangwinji","grn_name":"Bangwinji: Naaban","scope":"Dialect","state":"Verified","parent_num":7731,"longitude":9.8404000000000007,"latitude":10.305999999999999,"location":"Nigeria, Bauchi"}},{"type":"Feature","id":194,"geometry":{"type":"Point","coordinates":[9.3864570791150079,8.9986509116496585]},"properties":{"objectid":194,"iso":"bsx","grn_num":18460,"iso_lang_name":"Yangkam","grn_name":"Yangkam","scope":"ISO_Lang","state":"Verified","parent_num":null,"longitude":9.5179000000000009,"latitude":9.2181999999999995,"location":"Nigeria, Plateau"}},{"type":"Feature","id":195,"geometry":{"type":"Point","coordinates":[12.240978974028309,9.0588599776606156]},"properties":{"objectid":195,"iso":"bta","grn_num":7843,"iso_lang_name":"Bata","grn_name":"Bata","scope":"ISO_Lang","state":"Verified","parent_num":null,"longitude":12.398400000000001,"latitude":9.3264999999999993,"location":"Nigeria, Adamawa"}},{"type":"Feature","id":196,"geometry":{"type":"Point","coordinates":[12.29660137093181,8.9040013756873471]},"properties":{"objectid":196,"iso":"bta","grn_num":23848,"iso_lang_name":"Bata","grn_name":"Bata: Furo","scope":"Dialect","state":"Verified","parent_num":7843,"longitude":12.398400000000001,"latitude":9.3264999999999993,"location":"Nigeria, Adamawa"}},{"type":"Feature","id":197,"geometry":{"type":"Point","coordinates":[12.563761847395273,9.3110513512568982]},"properties":{"objectid":197,"iso":"bta","grn_num":7845,"iso_lang_name":"Bata","grn_name":"Bata: Garoua","scope":"Dialect","state":"Verified","parent_num":7843,"longitude":12.398400000000001,"latitude":9.3264999999999993,"location":"Nigeria, Adamawa"}},{"type":"Feature","id":198,"geometry":{"type":"Point","coordinates":[12.515526351870317,9.1210817955935966]},"properties":{"objectid":198,"iso":"bta","grn_num":7846,"iso_lang_name":"Bata","grn_name":"Bata: Jirai","scope":"Dialect","state":"Verified","parent_num":7843,"longitude":12.398400000000001,"latitude":9.3264999999999993,"location":"Nigeria, Adamawa"}},{"type":"Feature","id":199,"geometry":{"type":"Point","coordinates":[12.43405404243582,9.2871389853790465]},"properties":{"objectid":199,"iso":"bta","grn_num":7847,"iso_lang_name":"Bata","grn_name":"Bata: Kobotachi","scope":"Dialect","state":"Verified","parent_num":7843,"longitude":12.398400000000001,"latitude":9.3264999999999993,"location":"Nigeria, Adamawa"}},{"type":"Feature","id":200,"geometry":{"type":"Point","coordinates":[12.433173503912862,9.4552928640252301]},"properties":{"objectid":200,"iso":"bta","grn_num":7848,"iso_lang_name":"Bata","grn_name":"Bata: Malabu","scope":"Dialect","state":"Verified","parent_num":7843,"longitude":12.398400000000001,"latitude":9.3264999999999993,"location":"Nigeria, Adamawa"}},{"type":"Feature","id":201,"geometry":{"type":"Point","coordinates":[12.28212844809935,9.6959917080832074]},"properties":{"objectid":201,"iso":"bta","grn_num":23841,"iso_lang_name":"Bata","grn_name":"Bata: Njoboliyo","scope":"Dialect","state":"Verified","parent_num":7843,"longitude":12.398400000000001,"latitude":9.3264999999999993,"location":"Nigeria, Adamawa"}},{"type":"Feature","id":202,"geometry":{"type":"Point","coordinates":[12.054436393281474,9.2238396957344797]},"properties":{"objectid":202,"iso":"bta","grn_num":7850,"iso_lang_name":"Bata","grn_name":"Bata: Ribaw","scope":"Dialect","state":"Verified","parent_num":7843,"longitude":12.398400000000001,"latitude":9.3264999999999993,"location":"Nigeria, Adamawa"}},{"type":"Feature","id":203,"geometry":{"type":"Point","coordinates":[12.236667538568259,9.1123037950633954]},"properties":{"objectid":203,"iso":"bta","grn_num":23847,"iso_lang_name":"Bata","grn_name":"Bata: Song","scope":"Dialect","state":"Verified","parent_num":7843,"longitude":12.398400000000001,"latitude":9.3264999999999993,"location":"Nigeria, Adamawa"}},{"type":"Feature","id":204,"geometry":{"type":"Point","coordinates":[12.524861897627796,9.2714709098280288]},"properties":{"objectid":204,"iso":"bta","grn_num":7851,"iso_lang_name":"Bata","grn_name":"Bata: Wadi","scope":"Dialect","state":"Verified","parent_num":7843,"longitude":12.398400000000001,"latitude":9.3264999999999993,"location":"Nigeria, Adamawa"}},{"type":"Feature","id":205,"geometry":{"type":"Point","coordinates":[12.205344085009925,9.2770822569248601]},"properties":{"objectid":205,"iso":"bta","grn_num":7852,"iso_lang_name":"Bata","grn_name":"Bata: Zumu","scope":"Dialect","state":"Verified","parent_num":7843,"longitude":12.398400000000001,"latitude":9.3264999999999993,"location":"Nigeria, Adamawa"}},{"type":"Feature","id":206,"geometry":{"type":"Point","coordinates":[8.4752285172778539,5.5109018600327495]},"properties":{"objectid":206,"iso":"btt","grn_num":2301,"iso_lang_name":"Bete-Bendi","grn_name":"Bendi","scope":"Dialect","state":"Verified","parent_num":22791,"longitude":8.5,"latitude":5.75,"location":"Nigeria, Cross River"}},{"type":"Feature","id":207,"geometry":{"type":"Point","coordinates":[8.6151133441759242,5.8871035350065206]},"properties":{"objectid":207,"iso":"btt","grn_num":22791,"iso_lang_name":"Bete-Bendi","grn_name":"Bete-Bendi","scope":"ISO_Lang","state":"Verified","parent_num":null,"longitude":8.5,"latitude":5.75,"location":"Nigeria, Cross River"}},{"type":"Feature","id":208,"geometry":{"type":"Point","coordinates":[8.4118150786275603,5.5605890046138509]},"properties":{"objectid":208,"iso":"btt","grn_num":2302,"iso_lang_name":"Bete-Bendi","grn_name":"Bete-Bendi: Bete","scope":"Dialect","state":"Verified","parent_num":22791,"longitude":8.5,"latitude":5.75,"location":"Nigeria, Cross River"}},{"type":"Feature","id":209,"geometry":{"type":"Point","coordinates":[10.852323628064939,7.8442845693517436]},"properties":{"objectid":209,"iso":"btu","grn_num":1752,"iso_lang_name":"Batu","grn_name":"Batu","scope":"ISO_Lang","state":"Verified","parent_num":null,"longitude":10.774000000000001,"latitude":7.9993999999999996,"location":"Nigeria, Taraba"}},{"type":"Feature","id":210,"geometry":{"type":"Point","coordinates":[10.656952992203971,7.8547028559137644]},"properties":{"objectid":210,"iso":"btu","grn_num":7873,"iso_lang_name":"Batu","grn_name":"Batu: Amanda-Afi","scope":"Dialect","state":"Verified","parent_num":1752,"longitude":10.774000000000001,"latitude":7.9993999999999996,"location":"Nigeria, Taraba"}},{"type":"Feature","id":211,"geometry":{"type":"Point","coordinates":[10.47548086494179,7.949616801571505]},"properties":{"objectid":211,"iso":"btu","grn_num":7874,"iso_lang_name":"Batu","grn_name":"Batu: Angwe","scope":"Dialect","state":"Verified","parent_num":1752,"longitude":10.774000000000001,"latitude":7.9993999999999996,"location":"Nigeria, Taraba"}},{"type":"Feature","id":212,"geometry":{"type":"Point","coordinates":[10.943447733356045,8.0520015513357777]},"properties":{"objectid":212,"iso":"btu","grn_num":4256,"iso_lang_name":"Batu","grn_name":"Batu: Ndie Ni-Bujigi","scope":"Dialect","state":"Verified","parent_num":1752,"longitude":10.774000000000001,"latitude":7.9993999999999996,"location":"Nigeria, Taraba"}},{"type":"Feature","id":213,"geometry":null,"properties":{"objectid":213,"iso":"buj","grn_num":7813,"iso_lang_name":"Basa-Gurmana","grn_name":"Basa-Gurmana","scope":"ISO_Lang","state":"Verified","parent_num":null,"longitude":null,"latitude":null,"location":"Nigeria, Niger","shape":null}},{"type":"Feature","id":214,"geometry":null,"properties":{"objectid":214,"iso":"buj","grn_num":2096,"iso_lang_name":"Basa-Gurmana","grn_name":"Bassa: Nigeria","scope":"Dialect","state":"Verified","parent_num":7813,"longitude":null,"latitude":null,"location":"Nigeria, Niger","shape":null}},{"type":"Feature","id":215,"geometry":{"type":"Point","coordinates":[9.6533583449066072,11.817630312813973]},"properties":{"objectid":215,"iso":"bus","grn_num":8241,"iso_lang_name":"Bokobaru","grn_name":"Bokobaru","scope":"ISO_Lang","state":"Verified","parent_num":null,"longitude":9.5999999999999996,"latitude":11.833,"location":"Nigeria, Kwara"}},{"type":"Feature","id":216,"geometry":{"type":"Point","coordinates":[9.5598242061335625,11.867733352686866]},"properties":{"objectid":216,"iso":"bus","grn_num":8242,"iso_lang_name":"Bokobaru","grn_name":"Bokobaru: Kaiama","scope":"Dialect","state":"Verified","parent_num":8241,"longitude":9.5999999999999996,"latitude":11.833,"location":"Nigeria, Kwara"}},{"type":"Feature","id":217,"geometry":{"type":"Point","coordinates":[9.5640128787252063,11.793943280625108]},"properties":{"objectid":217,"iso":"bus","grn_num":8243,"iso_lang_name":"Bokobaru","grn_name":"Bokobaru: Village Bokobaru","scope":"Dialect","state":"Verified","parent_num":8241,"longitude":9.5999999999999996,"latitude":11.833,"location":"Nigeria, Kwara"}},{"type":"Feature","id":218,"geometry":{"type":"Point","coordinates":[9.3025290712394533,9.1589039248801534]},"properties":{"objectid":218,"iso":"bux","grn_num":2466,"iso_lang_name":"Boghom","grn_name":"Burrum","scope":"ISO_Lang","state":"Verified","parent_num":null,"longitude":9.5179000000000009,"latitude":9.2181999999999995,"location":"Nigeria, Plateau"}},{"type":"Feature","id":219,"geometry":{"type":"Point","coordinates":[10.756168886215827,8.2312215958277513]},"properties":{"objectid":219,"iso":"buz","grn_num":8443,"iso_lang_name":"Bukwen","grn_name":"Koshin","scope":"ISO_Lang","state":"Verified","parent_num":null,"longitude":10.774000000000001,"latitude":7.9993999999999996,"location":"Nigeria, Taraba"}},{"type":"Feature","id":220,"geometry":{"type":"Point","coordinates":[10.018305693394241,10.575133193839473]},"properties":{"objectid":220,"iso":"bvh","grn_num":2055,"iso_lang_name":"Bure","grn_name":"Bure","scope":"ISO_Lang","state":"Verified","parent_num":null,"longitude":9.8404000000000007,"latitude":10.305999999999999,"location":"Nigeria, Bauchi"}},{"type":"Feature","id":221,"geometry":{"type":"Point","coordinates":[6.9540420674182268,4.9631757202630506]},"properties":{"objectid":221,"iso":"bvj","grn_num":7468,"iso_lang_name":"Baan","grn_name":"Baan","scope":"ISO_Lang","state":"Verified","parent_num":null,"longitude":6.9112,"latitude":4.8395999999999999,"location":"Nigeria, Rivers"}},{"type":"Feature","id":222,"geometry":{"type":"Point","coordinates":[6.8476289818427896,4.6330446971488648]},"properties":{"objectid":222,"iso":"bvj","grn_num":7469,"iso_lang_name":"Baan","grn_name":"Baan: Ka-Ban","scope":"Dialect","state":"Verified","parent_num":7468,"longitude":6.9112,"latitude":4.8395999999999999,"location":"Nigeria, Rivers"}},{"type":"Feature","id":223,"geometry":{"type":"Point","coordinates":[6.7868366313588293,4.9294106563205942]},"properties":{"objectid":223,"iso":"bvj","grn_num":7470,"iso_lang_name":"Baan","grn_name":"Baan: Kesari","scope":"Dialect","state":"Verified","parent_num":7468,"longitude":6.9112,"latitude":4.8395999999999999,"location":"Nigeria, Rivers"}},{"type":"Feature","id":224,"geometry":{"type":"Point","coordinates":[12.35564264261895,9.4219273961623831]},"properties":{"objectid":224,"iso":"bvw","grn_num":4769,"iso_lang_name":"Boga","grn_name":"Boga & Pokta","scope":"ISO_Lang","state":"Verified","parent_num":null,"longitude":12.398400000000001,"latitude":9.3264999999999993,"location":"Nigeria, Adamawa"}},{"type":"Feature","id":225,"geometry":{"type":"Point","coordinates":[12.158571873217584,9.3283982438394446]},"properties":{"objectid":225,"iso":"bwr","grn_num":2056,"iso_lang_name":"Bura-Pabir","grn_name":"Babur","scope":"Dialect","state":"Verified","parent_num":1776,"longitude":12.398400000000001,"latitude":9.3264999999999993,"location":"Nigeria, Adamawa"}},{"type":"Feature","id":226,"geometry":{"type":"Point","coordinates":[12.540883589671928,9.5121077899141806]},"properties":{"objectid":226,"iso":"bwr","grn_num":1776,"iso_lang_name":"Bura-Pabir","grn_name":"Bura","scope":"ISO_Lang","state":"Verified","parent_num":null,"longitude":12.398400000000001,"latitude":9.3264999999999993,"location":"Nigeria, Adamawa"}},{"type":"Feature","id":227,"geometry":{"type":"Point","coordinates":[12.440979263657233,9.0807049827741757]},"properties":{"objectid":227,"iso":"bwr","grn_num":8517,"iso_lang_name":"Bura-Pabir","grn_name":"Bura-Pabir: Hyil Hawul","scope":"Dialect","state":"Verified","parent_num":1776,"longitude":12.398400000000001,"latitude":9.3264999999999993,"location":"Nigeria, Adamawa"}},{"type":"Feature","id":228,"geometry":{"type":"Point","coordinates":[12.591414027422895,9.0821098702780798]},"properties":{"objectid":228,"iso":"bwr","grn_num":8518,"iso_lang_name":"Bura-Pabir","grn_name":"Bura-Pabir: Pela","scope":"Dialect","state":"Verified","parent_num":1776,"longitude":12.398400000000001,"latitude":9.3264999999999993,"location":"Nigeria, Adamawa"}},{"type":"Feature","id":229,"geometry":{"type":"Point","coordinates":[10.191768589805253,10.357997005746077]},"properties":{"objectid":229,"iso":"bxq","grn_num":7917,"iso_lang_name":"Beele","grn_name":"Beele","scope":"ISO_Lang","state":"Verified","parent_num":null,"longitude":9.8404000000000007,"latitude":10.305999999999999,"location":"Nigeria, Bauchi"}},{"type":"Feature","id":230,"geometry":{"type":"Point","coordinates":[9.5102446710434343,10.366164023129148]},"properties":{"objectid":230,"iso":"bxq","grn_num":2587,"iso_lang_name":"Beele","grn_name":"Zumbulawa","scope":"Dialect","state":"Verified","parent_num":7917,"longitude":9.8404000000000007,"latitude":10.305999999999999,"location":"Nigeria, Bauchi"}},{"type":"Feature","id":231,"geometry":{"type":"Point","coordinates":[8.4316252141598511,5.472162043786037]},"properties":{"objectid":231,"iso":"byc","grn_num":2963,"iso_lang_name":"Ubaghara","grn_name":"Ubaghara","scope":"ISO_Lang","state":"Verified","parent_num":null,"longitude":8.5,"latitude":5.75,"location":"Nigeria, Cross River"}},{"type":"Feature","id":232,"geometry":{"type":"Point","coordinates":[8.616813059999739,5.9401847097475597]},"properties":{"objectid":232,"iso":"byc","grn_num":17878,"iso_lang_name":"Ubaghara","grn_name":"Ubaghara: Biakpan","scope":"Dialect","state":"Verified","parent_num":2963,"longitude":8.5,"latitude":5.75,"location":"Nigeria, Cross River"}},{"type":"Feature","id":233,"geometry":{"type":"Point","coordinates":[8.310881091057805,5.90547815464602]},"properties":{"objectid":233,"iso":"byc","grn_num":17879,"iso_lang_name":"Ubaghara","grn_name":"Ubaghara: Etono","scope":"Dialect","state":"Verified","parent_num":2963,"longitude":8.5,"latitude":5.75,"location":"Nigeria, Cross River"}},{"type":"Feature","id":234,"geometry":{"type":"Point","coordinates":[8.1958858938216679,5.6099755340006761]},"properties":{"objectid":234,"iso":"byc","grn_num":17880,"iso_lang_name":"Ubaghara","grn_name":"Ubaghara: Ikun","scope":"Dialect","state":"Verified","parent_num":2963,"longitude":8.5,"latitude":5.75,"location":"Nigeria, Cross River"}},{"type":"Feature","id":235,"geometry":{"type":"Point","coordinates":[8.7434613432386818,5.7940526810993607]},"properties":{"objectid":235,"iso":"byc","grn_num":17881,"iso_lang_name":"Ubaghara","grn_name":"Ubaghara: Ugbem","scope":"Dialect","state":"Verified","parent_num":2963,"longitude":8.5,"latitude":5.75,"location":"Nigeria, Cross River"}},{"type":"Feature","id":236,"geometry":{"type":"Point","coordinates":[8.6615903992103132,5.8750165812045916]},"properties":{"objectid":236,"iso":"byc","grn_num":2954,"iso_lang_name":"Ubaghara","grn_name":"Ubaghara: Utuma","scope":"Dialect","state":"Verified","parent_num":2963,"longitude":8.5,"latitude":5.75,"location":"Nigeria, Cross River"}},{"type":"Feature","id":237,"geometry":{"type":"Point","coordinates":[10.959569524672315,7.8536749931888776]},"properties":{"objectid":237,"iso":"byf","grn_num":8015,"iso_lang_name":"Bete","grn_name":"Bete","scope":"ISO_Lang","state":"Verified","parent_num":null,"longitude":10.774000000000001,"latitude":7.9993999999999996,"location":"Nigeria, Taraba"}},{"type":"Feature","id":238,"geometry":{"type":"Point","coordinates":[7.4395180807819727,10.441104735789738]},"properties":{"objectid":238,"iso":"byj","grn_num":2556,"iso_lang_name":"Bina (Nigeria)","grn_name":"Binawa","scope":"ISO_Lang","state":"Verified","parent_num":null,"longitude":7.4408000000000003,"latitude":10.5015,"location":"Nigeria, Kaduna"}},{"type":"Feature","id":239,"geometry":{"type":"Point","coordinates":[8.3681657170883099,5.9591681165950412]},"properties":{"objectid":239,"iso":"byp","grn_num":8459,"iso_lang_name":"Bumaji","grn_name":"Bumaji","scope":"ISO_Lang","state":"Verified","parent_num":null,"longitude":8.5,"latitude":5.75,"location":"Nigeria, Cross River"}},{"type":"Feature","id":240,"geometry":{"type":"Point","coordinates":[10.467769481302813,8.1104935379952963]},"properties":{"objectid":240,"iso":"bys","grn_num":1922,"iso_lang_name":"Burak","grn_name":"Burak","scope":"ISO_Lang","state":"Verified","parent_num":null,"longitude":10.774000000000001,"latitude":7.9993999999999996,"location":"Nigeria, Taraba"}},{"type":"Feature","id":241,"geometry":{"type":"Point","coordinates":[6.9229938387983134,8.1477144409775537]},"properties":{"objectid":241,"iso":"bzw","grn_num":2039,"iso_lang_name":"Basa[Nigeria]","grn_name":"Basa[Nigeria]","scope":"ISO_Lang","state":"Verified","parent_num":null,"longitude":6.8780000000000001,"latitude":8.1195000000000004,"location":"Nigeria, Kogi"}},{"type":"Feature","id":242,"geometry":{"type":"Point","coordinates":[8.3091440969463424,5.9914084795656546]},"properties":{"objectid":242,"iso":"bzy","grn_num":2243,"iso_lang_name":"Obanliku","grn_name":"Obanliku","scope":"ISO_Lang","state":"Verified","parent_num":null,"longitude":8.5,"latitude":5.75,"location":"Nigeria, Cross River"}},{"type":"Feature","id":243,"geometry":{"type":"Point","coordinates":[8.7571092721788162,5.6527854409698604]},"properties":{"objectid":243,"iso":"bzy","grn_num":15216,"iso_lang_name":"Obanliku","grn_name":"Obanliku: Basang","scope":"Dialect","state":"Verified","parent_num":2243,"longitude":8.5,"latitude":5.75,"location":"Nigeria, Cross River"}},{"type":"Feature","id":244,"geometry":{"type":"Point","coordinates":[8.3796764452713877,5.719439700976169]},"properties":{"objectid":244,"iso":"bzy","grn_num":15217,"iso_lang_name":"Obanliku","grn_name":"Obanliku: Bebi","scope":"Dialect","state":"Verified","parent_num":2243,"longitude":8.5,"latitude":5.75,"location":"Nigeria, Cross River"}},{"type":"Feature","id":245,"geometry":{"type":"Point","coordinates":[8.5616468743099077,5.644328880754184]},"properties":{"objectid":245,"iso":"bzy","grn_num":6323,"iso_lang_name":"Obanliku","grn_name":"Obanliku: Bishiri","scope":"Dialect","state":"Verified","parent_num":2243,"longitude":8.5,"latitude":5.75,"location":"Nigeria, Cross River"}},{"type":"Feature","id":246,"geometry":{"type":"Point","coordinates":[8.4168261301157159,6.0126370866785015]},"properties":{"objectid":246,"iso":"bzy","grn_num":15218,"iso_lang_name":"Obanliku","grn_name":"Obanliku: Bisu","scope":"Dialect","state":"Verified","parent_num":2243,"longitude":8.5,"latitude":5.75,"location":"Nigeria, Cross River"}},{"type":"Feature","id":247,"geometry":{"type":"Point","coordinates":[8.5815239558904217,5.6832791227453185]},"properties":{"objectid":247,"iso":"bzy","grn_num":15219,"iso_lang_name":"Obanliku","grn_name":"Obanliku: Busi","scope":"Dialect","state":"Verified","parent_num":2243,"longitude":8.5,"latitude":5.75,"location":"Nigeria, Cross River"}},{"type":"Feature","id":248,"geometry":{"type":"Point","coordinates":[8.2458571042571212,5.7173114641549638]},"properties":{"objectid":248,"iso":"bzz","grn_num":2245,"iso_lang_name":"Evant","grn_name":"Avande","scope":"Dialect","state":"Verified","parent_num":22984,"longitude":8.5,"latitude":5.75,"location":"Nigeria, Cross River"}},{"type":"Feature","id":249,"geometry":{"type":"Point","coordinates":[8.2794272676972422,5.5694428927555339]},"properties":{"objectid":249,"iso":"bzz","grn_num":4364,"iso_lang_name":"Evant","grn_name":"Evand","scope":"Dialect","state":"Verified","parent_num":22984,"longitude":8.5,"latitude":5.75,"location":"Nigeria, Cross River"}},{"type":"Feature","id":250,"geometry":{"type":"Point","coordinates":[8.4119154069700564,5.7691926553734909]},"properties":{"objectid":250,"iso":"bzz","grn_num":22984,"iso_lang_name":"Evant","grn_name":"Evant","scope":"ISO_Lang","state":"Verified","parent_num":null,"longitude":8.5,"latitude":5.75,"location":"Nigeria, Cross River"}},{"type":"Feature","id":251,"geometry":{"type":"Point","coordinates":[9.6841430168052653,9.3331259987503721]},"properties":{"objectid":251,"iso":"cbo","grn_num":2568,"iso_lang_name":"Izora","grn_name":"Cikobo","scope":"ISO_Lang","state":"Verified","parent_num":null,"longitude":9.5179000000000009,"latitude":9.2181999999999995,"location":"Nigeria, Plateau"}},{"type":"Feature","id":252,"geometry":{"type":"Point","coordinates":[4.3165947119930292,11.438869412716263]},"properties":{"objectid":252,"iso":"cbq","grn_num":23320,"iso_lang_name":"Tsucuba","grn_name":"Tsucuba","scope":"ISO_Lang","state":"Verified","parent_num":null,"longitude":4.2332999999999998,"latitude":11.494199999999999,"location":"Nigeria, Kebbi"}},{"type":"Feature","id":253,"geometry":{"type":"Point","coordinates":[10.781266412983991,8.3007658012484793]},"properties":{"objectid":253,"iso":"ccg","grn_num":1887,"iso_lang_name":"Samba Daka","grn_name":"Samba Daka","scope":"ISO_Lang","state":"Verified","parent_num":null,"longitude":10.774000000000001,"latitude":7.9993999999999996,"location":"Nigeria, Taraba"}},{"type":"Feature","id":254,"geometry":{"type":"Point","coordinates":[10.663282213573753,8.0511276167956165]},"properties":{"objectid":254,"iso":"ccg","grn_num":16256,"iso_lang_name":"Samba Daka","grn_name":"Samba Daka: Dirim","scope":"Dialect","state":"Verified","parent_num":1887,"longitude":10.774000000000001,"latitude":7.9993999999999996,"location":"Nigeria, Taraba"}},{"type":"Feature","id":255,"geometry":{"type":"Point","coordinates":[11.00485136762792,8.0598284587619364]},"properties":{"objectid":255,"iso":"ccg","grn_num":16257,"iso_lang_name":"Samba Daka","grn_name":"Samba Daka: Jangani","scope":"Dialect","state":"Verified","parent_num":1887,"longitude":10.774000000000001,"latitude":7.9993999999999996,"location":"Nigeria, Taraba"}},{"type":"Feature","id":256,"geometry":{"type":"Point","coordinates":[10.583772105892452,7.7677609531215266]},"properties":{"objectid":256,"iso":"ccg","grn_num":16259,"iso_lang_name":"Samba Daka","grn_name":"Samba Daka: Mapeo","scope":"Dialect","state":"Verified","parent_num":1887,"longitude":10.774000000000001,"latitude":7.9993999999999996,"location":"Nigeria, Taraba"}},{"type":"Feature","id":257,"geometry":{"type":"Point","coordinates":[10.570750017939396,7.8052534383140024]},"properties":{"objectid":257,"iso":"ccg","grn_num":16258,"iso_lang_name":"Samba Daka","grn_name":"Samba Daka: Nnakenyare","scope":"Dialect","state":"Verified","parent_num":1887,"longitude":10.774000000000001,"latitude":7.9993999999999996,"location":"Nigeria, Taraba"}},{"type":"Feature","id":258,"geometry":{"type":"Point","coordinates":[10.763485677679736,8.1788800049390318]},"properties":{"objectid":258,"iso":"ccg","grn_num":16260,"iso_lang_name":"Samba Daka","grn_name":"Samba Daka: Taram","scope":"Dialect","state":"Verified","parent_num":1887,"longitude":10.774000000000001,"latitude":7.9993999999999996,"location":"Nigeria, Taraba"}},{"type":"Feature","id":259,"geometry":{"type":"Point","coordinates":[7.5356271388072944,10.506215439831276]},"properties":{"objectid":259,"iso":"cch","grn_num":2052,"iso_lang_name":"Atsam","grn_name":"Atsam","scope":"ISO_Lang","state":"Verified","parent_num":null,"longitude":7.4408000000000003,"latitude":10.5015,"location":"Nigeria, Kaduna"}},{"type":"Feature","id":260,"geometry":null,"properties":{"objectid":260,"iso":"cdr","grn_num":2035,"iso_lang_name":"Kamuku","grn_name":"Kamuku","scope":"ISO_Lang","state":"Verified","parent_num":null,"longitude":null,"latitude":null,"location":"Nigeria, Niger","shape":null}},{"type":"Feature","id":261,"geometry":null,"properties":{"objectid":261,"iso":"cdr","grn_num":8974,"iso_lang_name":"Kamuku","grn_name":"Kamuku: Cinda","scope":"Dialect","state":"Verified","parent_num":2035,"longitude":null,"latitude":null,"location":"Nigeria, Niger","shape":null}},{"type":"Feature","id":262,"geometry":null,"properties":{"objectid":262,"iso":"cdr","grn_num":8976,"iso_lang_name":"Kamuku","grn_name":"Kamuku: Kuki","scope":"Dialect","state":"Verified","parent_num":2035,"longitude":null,"latitude":null,"location":"Nigeria, Niger","shape":null}},{"type":"Feature","id":263,"geometry":null,"properties":{"objectid":263,"iso":"cdr","grn_num":23934,"iso_lang_name":"Kamuku","grn_name":"Kamuku: Kuru","scope":"Dialect","state":"Verified","parent_num":2035,"longitude":null,"latitude":null,"location":"Nigeria, Niger","shape":null}},{"type":"Feature","id":264,"geometry":null,"properties":{"objectid":264,"iso":"cdr","grn_num":27438,"iso_lang_name":"Kamuku","grn_name":"Kamuku: Kwacika","scope":"Dialect","state":"Verified","parent_num":2035,"longitude":null,"latitude":null,"location":"Nigeria, Niger","shape":null}},{"type":"Feature","id":265,"geometry":null,"properties":{"objectid":265,"iso":"cdr","grn_num":23935,"iso_lang_name":"Kamuku","grn_name":"Kamuku: Maruba","scope":"Dialect","state":"Verified","parent_num":2035,"longitude":null,"latitude":null,"location":"Nigeria, Niger","shape":null}},{"type":"Feature","id":266,"geometry":null,"properties":{"objectid":266,"iso":"cdr","grn_num":8975,"iso_lang_name":"Kamuku","grn_name":"Kamuku: Regi","scope":"Dialect","state":"Verified","parent_num":2035,"longitude":null,"latitude":null,"location":"Nigeria, Niger","shape":null}},{"type":"Feature","id":267,"geometry":null,"properties":{"objectid":267,"iso":"cdr","grn_num":27439,"iso_lang_name":"Kamuku","grn_name":"Kamuku: Rogo","scope":"Dialect","state":"Verified","parent_num":2035,"longitude":null,"latitude":null,"location":"Nigeria, Niger","shape":null}},{"type":"Feature","id":268,"geometry":null,"properties":{"objectid":268,"iso":"cdr","grn_num":2036,"iso_lang_name":"Kamuku","grn_name":"Kamuku: Tuchipo","scope":"Dialect","state":"Verified","parent_num":2035,"longitude":null,"latitude":null,"location":"Nigeria, Niger","shape":null}},{"type":"Feature","id":269,"geometry":{"type":"Point","coordinates":[9.4757793669654333,9.0396440583575188]},"properties":{"objectid":269,"iso":"cen","grn_num":20335,"iso_lang_name":"Ibaas","grn_name":"Ibaas","scope":"ISO_Lang","state":"Verified","parent_num":null,"longitude":9.5179000000000009,"latitude":9.2181999999999995,"location":"Nigeria, Plateau"}},{"type":"Feature","id":270,"geometry":{"type":"Point","coordinates":[12.383202873789068,9.0477243969310788]},"properties":{"objectid":270,"iso":"cfa","grn_num":2639,"iso_lang_name":"Dikaka","grn_name":"Dikaka","scope":"ISO_Lang","state":"Verified","parent_num":null,"longitude":12.398400000000001,"latitude":9.3264999999999993,"location":"Nigeria, Adamawa"}},{"type":"Feature","id":271,"geometry":{"type":"Point","coordinates":[12.31095579519852,9.2694852643535786]},"properties":{"objectid":271,"iso":"cfa","grn_num":1920,"iso_lang_name":"Dikaka","grn_name":"Dikaka: Bwilim","scope":"Dialect","state":"Verified","parent_num":2639,"longitude":12.398400000000001,"latitude":9.3264999999999993,"location":"Nigeria, Adamawa"}},{"type":"Feature","id":272,"geometry":{"type":"Point","coordinates":[12.521946462983891,9.4701462058315435]},"properties":{"objectid":272,"iso":"cfa","grn_num":22796,"iso_lang_name":"Dikaka","grn_name":"Dikaka: Dijm","scope":"Dialect","state":"Verified","parent_num":2639,"longitude":12.398400000000001,"latitude":9.3264999999999993,"location":"Nigeria, Adamawa"}},{"type":"Feature","id":273,"geometry":{"type":"Point","coordinates":[9.5351851291808014,9.1328172230514717]},"properties":{"objectid":273,"iso":"cfd","grn_num":2562,"iso_lang_name":"Cara","grn_name":"Fachara","scope":"ISO_Lang","state":"Verified","parent_num":null,"longitude":9.5179000000000009,"latitude":9.2181999999999995,"location":"Nigeria, Plateau"}},{"type":"Feature","id":274,"geometry":{"type":"Point","coordinates":[10.732798701161448,8.2959056267779001]},"properties":{"objectid":274,"iso":"cfg","grn_num":6320,"iso_lang_name":"Karimjo","grn_name":"Karimjo","scope":"ISO_Lang","state":"Verified","parent_num":null,"longitude":10.774000000000001,"latitude":7.9993999999999996,"location":"Nigeria, Taraba"}},{"type":"Feature","id":275,"geometry":{"type":"Point","coordinates":[13.023863794817181,11.89013179777322]},"properties":{"objectid":275,"iso":"cie","grn_num":8977,"iso_lang_name":"Cineni","grn_name":"Cineni","scope":"ISO_Lang","state":"Verified","parent_num":null,"longitude":13.151999999999999,"latitude":11.884600000000001,"location":"Nigeria, Borno"}},{"type":"Feature","id":276,"geometry":{"type":"Point","coordinates":[13.191893549235791,11.712858567562717]},"properties":{"objectid":276,"iso":"ckl","grn_num":1777,"iso_lang_name":"Kibaku","grn_name":"Chibuku","scope":"ISO_Lang","state":"Verified","parent_num":null,"longitude":13.151999999999999,"latitude":11.884600000000001,"location":"Nigeria, Borno"}},{"type":"Feature","id":277,"geometry":{"type":"Point","coordinates":[9.2486676337025813,9.0127252203122126]},"properties":{"objectid":277,"iso":"cky","grn_num":8612,"iso_lang_name":"Cakfem-Mushere","grn_name":"Cakfem-Mushere","scope":"ISO_Lang","state":"Verified","parent_num":null,"longitude":9.5179000000000009,"latitude":9.2181999999999995,"location":"Nigeria, Plateau"}},{"type":"Feature","id":278,"geometry":{"type":"Point","coordinates":[9.7963415492545085,9.2260190223299308]},"properties":{"objectid":278,"iso":"cky","grn_num":8613,"iso_lang_name":"Cakfem-Mushere","grn_name":"Cakfem-Mushere: Jajura","scope":"Dialect","state":"Verified","parent_num":8612,"longitude":9.5179000000000009,"latitude":9.2181999999999995,"location":"Nigeria, Plateau"}},{"type":"Feature","id":279,"geometry":{"type":"Point","coordinates":[9.335781754786785,9.5657571721831385]},"properties":{"objectid":279,"iso":"cky","grn_num":2565,"iso_lang_name":"Cakfem-Mushere","grn_name":"Cakfem-Mushere: Kadim-Kaban","scope":"Dialect","state":"Verified","parent_num":8612,"longitude":9.5179000000000009,"latitude":9.2181999999999995,"location":"Nigeria, Plateau"}},{"type":"Feature","id":280,"geometry":{"type":"Point","coordinates":[9.3493531319933645,9.3708895341677394]},"properties":{"objectid":280,"iso":"cky","grn_num":2467,"iso_lang_name":"Cakfem-Mushere","grn_name":"Chakfem","scope":"Dialect","state":"Verified","parent_num":8612,"longitude":9.5179000000000009,"latitude":9.2181999999999995,"location":"Nigeria, Plateau"}},{"type":"Feature","id":281,"geometry":{"type":"Point","coordinates":[9.1083397550114231,9.1907413753356977]},"properties":{"objectid":281,"iso":"cky","grn_num":2480,"iso_lang_name":"Cakfem-Mushere","grn_name":"Mushere","scope":"Dialect","state":"Verified","parent_num":8612,"longitude":9.5179000000000009,"latitude":9.2181999999999995,"location":"Nigeria, Plateau"}},{"type":"Feature","id":282,"geometry":{"type":"Point","coordinates":[9.585511299019311,9.359188810113789]},"properties":{"objectid":282,"iso":"cla","grn_num":2471,"iso_lang_name":"Ron","grn_name":"Chala: Shagau","scope":"Dialect","state":"Verified","parent_num":16075,"longitude":9.5179000000000009,"latitude":9.2181999999999995,"location":"Nigeria, Plateau"}},{"type":"Feature","id":283,"geometry":{"type":"Point","coordinates":[9.531025529665019,8.857998776156375]},"properties":{"objectid":283,"iso":"cla","grn_num":2542,"iso_lang_name":"Ron","grn_name":"Mangar","scope":"Dialect","state":"Verified","parent_num":16075,"longitude":9.5179000000000009,"latitude":9.2181999999999995,"location":"Nigeria, Plateau"}},{"type":"Feature","id":284,"geometry":{"type":"Point","coordinates":[9.7659108063912363,8.9518186608609351]},"properties":{"objectid":284,"iso":"cla","grn_num":16075,"iso_lang_name":"Ron","grn_name":"Ron","scope":"ISO_Lang","state":"Verified","parent_num":null,"longitude":9.5179000000000009,"latitude":9.2181999999999995,"location":"Nigeria, Plateau"}},{"type":"Feature","id":285,"geometry":{"type":"Point","coordinates":[9.266328312762349,8.9030705992263943]},"properties":{"objectid":285,"iso":"cla","grn_num":2469,"iso_lang_name":"Ron","grn_name":"Ron: Alis I Ron","scope":"Dialect","state":"Verified","parent_num":16075,"longitude":9.5179000000000009,"latitude":9.2181999999999995,"location":"Nigeria, Plateau"}},{"type":"Feature","id":286,"geometry":{"type":"Point","coordinates":[9.5502098709226146,9.260349406413404]},"properties":{"objectid":286,"iso":"cla","grn_num":2470,"iso_lang_name":"Ron","grn_name":"Ron: Lis Ma Ron","scope":"Dialect","state":"Verified","parent_num":16075,"longitude":9.5179000000000009,"latitude":9.2181999999999995,"location":"Nigeria, Plateau"}},{"type":"Feature","id":287,"geometry":{"type":"Point","coordinates":[7.4285105942109366,10.287835755311063]},"properties":{"objectid":287,"iso":"cry","grn_num":2067,"iso_lang_name":"Kyoli","grn_name":"Kyoli","scope":"ISO_Lang","state":"Verified","parent_num":null,"longitude":7.4408000000000003,"latitude":10.5015,"location":"Nigeria, Kaduna"}},{"type":"Feature","id":288,"geometry":{"type":"Point","coordinates":[7.1298655836823066,10.392982911063539]},"properties":{"objectid":288,"iso":"cry","grn_num":23936,"iso_lang_name":"Kyoli","grn_name":"Kyoli: Bobang","scope":"Dialect","state":"Verified","parent_num":2067,"longitude":7.4408000000000003,"latitude":10.5015,"location":"Nigeria, Kaduna"}},{"type":"Feature","id":289,"geometry":{"type":"Point","coordinates":[10.01382931916319,10.528272670240279]},"properties":{"objectid":289,"iso":"cxh","grn_num":28312,"iso_lang_name":"Cha'ari","grn_name":"Cha'ari","scope":"ISO_Lang","state":"Verified","parent_num":null,"longitude":9.8404000000000007,"latitude":10.305999999999999,"location":"Nigeria, Bauchi"}},{"type":"Feature","id":290,"geometry":{"type":"Point","coordinates":[9.4382373150729837,10.245182887584564]},"properties":{"objectid":290,"iso":"dbb","grn_num":2043,"iso_lang_name":"Deno","grn_name":"Deno","scope":"ISO_Lang","state":"Verified","parent_num":null,"longitude":9.8404000000000007,"latitude":10.305999999999999,"location":"Nigeria, Bauchi"}},{"type":"Feature","id":291,"geometry":{"type":"Point","coordinates":[9.9709143905558459,10.374864551029075]},"properties":{"objectid":291,"iso":"dbd","grn_num":1917,"iso_lang_name":"Dadiya","grn_name":"Dadiya","scope":"ISO_Lang","state":"Verified","parent_num":null,"longitude":9.8404000000000007,"latitude":10.305999999999999,"location":"Nigeria, Bauchi"}},{"type":"Feature","id":292,"geometry":{"type":"Point","coordinates":[9.93009590164956,10.516198257438166]},"properties":{"objectid":292,"iso":"dbd","grn_num":9065,"iso_lang_name":"Dadiya","grn_name":"Dadiya: Kookwila","scope":"Dialect","state":"Verified","parent_num":1917,"longitude":9.8404000000000007,"latitude":10.305999999999999,"location":"Nigeria, Bauchi"}},{"type":"Feature","id":293,"geometry":{"type":"Point","coordinates":[9.5544657833115654,10.265432608080099]},"properties":{"objectid":293,"iso":"dbd","grn_num":9066,"iso_lang_name":"Dadiya","grn_name":"Dadiya: Loofaa","scope":"Dialect","state":"Verified","parent_num":1917,"longitude":9.8404000000000007,"latitude":10.305999999999999,"location":"Nigeria, Bauchi"}},{"type":"Feature","id":294,"geometry":{"type":"Point","coordinates":[10.098388179726797,10.228231384049829]},"properties":{"objectid":294,"iso":"dbd","grn_num":9067,"iso_lang_name":"Dadiya","grn_name":"Dadiya: Loofiyo","scope":"Dialect","state":"Verified","parent_num":1917,"longitude":9.8404000000000007,"latitude":10.305999999999999,"location":"Nigeria, Bauchi"}},{"type":"Feature","id":295,"geometry":{"type":"Point","coordinates":[9.9007499957644036,10.189862115883029]},"properties":{"objectid":295,"iso":"dbd","grn_num":9068,"iso_lang_name":"Dadiya","grn_name":"Dadiya: Tunga","scope":"Dialect","state":"Verified","parent_num":1917,"longitude":9.8404000000000007,"latitude":10.305999999999999,"location":"Nigeria, Bauchi"}},{"type":"Feature","id":296,"geometry":{"type":"Point","coordinates":[7.1220185337741819,10.468079372224624]},"properties":{"objectid":296,"iso":"dbi","grn_num":9367,"iso_lang_name":"Doka","grn_name":"Doka Avong","scope":"ISO_Lang","state":"Verified","parent_num":null,"longitude":7.4408000000000003,"latitude":10.5015,"location":"Nigeria, Kaduna"}},{"type":"Feature","id":297,"geometry":{"type":"Point","coordinates":[9.4751933959056007,10.283324052317997]},"properties":{"objectid":297,"iso":"dbm","grn_num":1921,"iso_lang_name":"Duguri","grn_name":"Duguri","scope":"ISO_Lang","state":"Verified","parent_num":null,"longitude":9.8404000000000007,"latitude":10.305999999999999,"location":"Nigeria, Bauchi"}},{"type":"Feature","id":298,"geometry":{"type":"Point","coordinates":[9.6039367381349958,10.435141671969843]},"properties":{"objectid":298,"iso":"dbm","grn_num":9427,"iso_lang_name":"Duguri","grn_name":"Duguri: Badara","scope":"Dialect","state":"Verified","parent_num":1921,"longitude":9.8404000000000007,"latitude":10.305999999999999,"location":"Nigeria, Bauchi"}},{"type":"Feature","id":299,"geometry":{"type":"Point","coordinates":[9.8439346487400119,9.9542637669365934]},"properties":{"objectid":299,"iso":"dbm","grn_num":9428,"iso_lang_name":"Duguri","grn_name":"Duguri: Gar","scope":"Dialect","state":"Verified","parent_num":1921,"longitude":9.8404000000000007,"latitude":10.305999999999999,"location":"Nigeria, Bauchi"}},{"type":"Feature","id":300,"geometry":{"type":"Point","coordinates":[9.9323465030331395,10.291334108099754]},"properties":{"objectid":300,"iso":"dbm","grn_num":9429,"iso_lang_name":"Duguri","grn_name":"Duguri: Northeast","scope":"Dialect","state":"Verified","parent_num":1921,"longitude":9.8404000000000007,"latitude":10.305999999999999,"location":"Nigeria, Bauchi"}},{"type":"Feature","id":301,"geometry":{"type":"Point","coordinates":[9.6103015866889283,10.47529166370323]},"properties":{"objectid":301,"iso":"dbm","grn_num":9430,"iso_lang_name":"Duguri","grn_name":"Duguri: Southwest","scope":"Dialect","state":"Verified","parent_num":1921,"longitude":9.8404000000000007,"latitude":10.305999999999999,"location":"Nigeria, Bauchi"}},{"type":"Feature","id":302,"geometry":{"type":"Point","coordinates":[9.6716285129203534,10.536048401398611]},"properties":{"objectid":302,"iso":"dbo","grn_num":9432,"iso_lang_name":"Dulbu","grn_name":"Dulbu","scope":"ISO_Lang","state":"Verified","parent_num":null,"longitude":9.8404000000000007,"latitude":10.305999999999999,"location":"Nigeria, Bauchi"}},{"type":"Feature","id":303,"geometry":{"type":"Point","coordinates":[11.39882420641357,12.328633353137251]},"properties":{"objectid":303,"iso":"dbp","grn_num":9481,"iso_lang_name":"Duwai","grn_name":"Duwai","scope":"ISO_Lang","state":"Verified","parent_num":null,"longitude":11.439,"latitude":12.293900000000001,"location":"Nigeria, Yobe"}},{"type":"Feature","id":304,"geometry":{"type":"Point","coordinates":[7.2916245162077722,10.225135054314471]},"properties":{"objectid":304,"iso":"dbv","grn_num":2557,"iso_lang_name":"Dungu","grn_name":"Dingi","scope":"ISO_Lang","state":"Verified","parent_num":null,"longitude":7.4408000000000003,"latitude":10.5015,"location":"Nigeria, Kaduna"}},{"type":"Feature","id":305,"geometry":{"type":"Point","coordinates":[6.9950148051436525,5.0482662281943842]},"properties":{"objectid":305,"iso":"deg","grn_num":2356,"iso_lang_name":"Degema","grn_name":"Degama","scope":"ISO_Lang","state":"Verified","parent_num":null,"longitude":6.9112,"latitude":4.8395999999999999,"location":"Nigeria, Rivers"}},{"type":"Feature","id":306,"geometry":{"type":"Point","coordinates":[6.8742460277786339,4.9246416786469025]},"properties":{"objectid":306,"iso":"deg","grn_num":9204,"iso_lang_name":"Degema","grn_name":"Degema: Atala","scope":"Dialect","state":"Verified","parent_num":2356,"longitude":6.9112,"latitude":4.8395999999999999,"location":"Nigeria, Rivers"}},{"type":"Feature","id":307,"geometry":{"type":"Point","coordinates":[6.7747937358115369,4.838753902151419]},"properties":{"objectid":307,"iso":"deg","grn_num":9205,"iso_lang_name":"Degema","grn_name":"Degema: Usokun","scope":"Dialect","state":"Verified","parent_num":2356,"longitude":6.9112,"latitude":4.8395999999999999,"location":"Nigeria, Rivers"}},{"type":"Feature","id":308,"geometry":{"type":"Point","coordinates":[13.001039162923032,11.692770483659798]},"properties":{"objectid":308,"iso":"dgh","grn_num":1770,"iso_lang_name":"Dghwede","grn_name":"Dghwede","scope":"ISO_Lang","state":"Verified","parent_num":null,"longitude":13.151999999999999,"latitude":11.884600000000001,"location":"Nigeria, Borno"}},{"type":"Feature","id":309,"geometry":{"type":"Point","coordinates":[13.151999999881999,11.884600000407092]},"properties":{"objectid":309,"iso":"dgh","grn_num":4427,"iso_lang_name":"Dghwede","grn_name":"Dughude","scope":"Dialect","state":"Verified","parent_num":1770,"longitude":13.151999999999999,"latitude":11.884600000000001,"location":"Nigeria, Borno"}},{"type":"Feature","id":310,"geometry":null,"properties":{"objectid":310,"iso":"dio","grn_num":9250,"iso_lang_name":"Dibo","grn_name":"Dibo","scope":"ISO_Lang","state":"Verified","parent_num":null,"longitude":null,"latitude":null,"location":"Nigeria, Niger","shape":null}},{"type":"Feature","id":311,"geometry":null,"properties":{"objectid":311,"iso":"dio","grn_num":2044,"iso_lang_name":"Dibo","grn_name":"Ganagana: Gopaci","scope":"Dialect","state":"Verified","parent_num":9250,"longitude":null,"latitude":null,"location":"Nigeria, Niger","shape":null}},{"type":"Feature","id":312,"geometry":{"type":"Point","coordinates":[10.666126576207299,8.2354192189751707]},"properties":{"objectid":312,"iso":"dir","grn_num":2590,"iso_lang_name":"Dirim","grn_name":"Jirim","scope":"ISO_Lang","state":"Verified","parent_num":null,"longitude":10.774000000000001,"latitude":7.9993999999999996,"location":"Nigeria, Taraba"}},{"type":"Feature","id":313,"geometry":{"type":"Point","coordinates":[9.60998455415716,10.292932432858199]},"properties":{"objectid":313,"iso":"dkg","grn_num":26218,"iso_lang_name":"Kadung","grn_name":"Kadung","scope":"ISO_Lang","state":"Verified","parent_num":null,"longitude":9.8404000000000007,"latitude":10.305999999999999,"location":"Nigeria, Bauchi"}},{"type":"Feature","id":314,"geometry":{"type":"Point","coordinates":[10.752541960714089,7.803354684318391]},"properties":{"objectid":314,"iso":"doh","grn_num":9396,"iso_lang_name":"Dong","grn_name":"Donga","scope":"ISO_Lang","state":"Verified","parent_num":null,"longitude":10.774000000000001,"latitude":7.9993999999999996,"location":"Nigeria, Taraba"}},{"type":"Feature","id":315,"geometry":{"type":"Point","coordinates":[9.8908873437510252,10.11755939881232]},"properties":{"objectid":315,"iso":"dot","grn_num":9147,"iso_lang_name":"Dass","grn_name":"Dass","scope":"ISO_Lang","state":"Verified","parent_num":null,"longitude":9.8404000000000007,"latitude":10.305999999999999,"location":"Nigeria, Bauchi"}},{"type":"Feature","id":316,"geometry":{"type":"Point","coordinates":[10.04980784701541,10.220639322379695]},"properties":{"objectid":316,"iso":"dot","grn_num":1939,"iso_lang_name":"Dass","grn_name":"Dass: Dot","scope":"Dialect","state":"Verified","parent_num":9147,"longitude":9.8404000000000007,"latitude":10.305999999999999,"location":"Nigeria, Bauchi"}},{"type":"Feature","id":317,"geometry":{"type":"Point","coordinates":[9.9133409543648483,10.579200489027148]},"properties":{"objectid":317,"iso":"dot","grn_num":2001,"iso_lang_name":"Dass","grn_name":"Dass: Durr-Baraza","scope":"Dialect","state":"Verified","parent_num":9147,"longitude":9.8404000000000007,"latitude":10.305999999999999,"location":"Nigeria, Bauchi"}},{"type":"Feature","id":318,"geometry":{"type":"Point","coordinates":[9.4371504667669335,10.307968728826026]},"properties":{"objectid":318,"iso":"dot","grn_num":9148,"iso_lang_name":"Dass","grn_name":"Dass: Lukshi","scope":"Dialect","state":"Verified","parent_num":9147,"longitude":9.8404000000000007,"latitude":10.305999999999999,"location":"Nigeria, Bauchi"}},{"type":"Feature","id":319,"geometry":{"type":"Point","coordinates":[10.004855550123441,10.187457492039083]},"properties":{"objectid":319,"iso":"dot","grn_num":1971,"iso_lang_name":"Dass","grn_name":"Dass: Wandi","scope":"Dialect","state":"Verified","parent_num":9147,"longitude":9.8404000000000007,"latitude":10.305999999999999,"location":"Nigeria, Bauchi"}},{"type":"Feature","id":320,"geometry":{"type":"Point","coordinates":[10.011404735668629,10.348265937384401]},"properties":{"objectid":320,"iso":"dot","grn_num":2665,"iso_lang_name":"Dass","grn_name":"Dass: Zumbul","scope":"Dialect","state":"Verified","parent_num":9147,"longitude":9.8404000000000007,"latitude":10.305999999999999,"location":"Nigeria, Bauchi"}},{"type":"Feature","id":321,"geometry":{"type":"Point","coordinates":[4.1912095139424634,11.604776205029784]},"properties":{"objectid":321,"iso":"dri","grn_num":2073,"iso_lang_name":"C'lela","grn_name":"C'lela","scope":"ISO_Lang","state":"Verified","parent_num":null,"longitude":4.2332999999999998,"latitude":11.494199999999999,"location":"Nigeria, Kebbi"}},{"type":"Feature","id":322,"geometry":{"type":"Point","coordinates":[4.0779393722076644,11.48259982710394]},"properties":{"objectid":322,"iso":"dri","grn_num":8991,"iso_lang_name":"C'lela","grn_name":"Clela: Adoma","scope":"Dialect","state":"Verified","parent_num":2073,"longitude":4.2332999999999998,"latitude":11.494199999999999,"location":"Nigeria, Kebbi"}},{"type":"Feature","id":323,"geometry":{"type":"Point","coordinates":[4.2759849942536832,11.351568113995238]},"properties":{"objectid":323,"iso":"dri","grn_num":8992,"iso_lang_name":"C'lela","grn_name":"Clela: Dabai","scope":"Dialect","state":"Verified","parent_num":2073,"longitude":4.2332999999999998,"latitude":11.494199999999999,"location":"Nigeria, Kebbi"}},{"type":"Feature","id":324,"geometry":{"type":"Point","coordinates":[4.1310477143126301,11.48253429138637]},"properties":{"objectid":324,"iso":"dri","grn_num":8994,"iso_lang_name":"C'lela","grn_name":"Clela: Ribah","scope":"Dialect","state":"Verified","parent_num":2073,"longitude":4.2332999999999998,"latitude":11.494199999999999,"location":"Nigeria, Kebbi"}},{"type":"Feature","id":325,"geometry":{"type":"Point","coordinates":[4.3609854737975073,11.538563298934418]},"properties":{"objectid":325,"iso":"dri","grn_num":8993,"iso_lang_name":"C'lela","grn_name":"C'Lela: Zuru","scope":"Dialect","state":"Verified","parent_num":2073,"longitude":4.2332999999999998,"latitude":11.494199999999999,"location":"Nigeria, Kebbi"}},{"type":"Feature","id":326,"geometry":{"type":"Point","coordinates":[9.9290134820378348,10.407496039562803]},"properties":{"objectid":326,"iso":"dsk","grn_num":28314,"iso_lang_name":"Dokshi","grn_name":"Dokshi","scope":"ISO_Lang","state":"Verified","parent_num":null,"longitude":9.8404000000000007,"latitude":10.305999999999999,"location":"Nigeria, Bauchi"}},{"type":"Feature","id":327,"geometry":{"type":"Point","coordinates":[9.8956759193742574,9.9720244495945618]},"properties":{"objectid":327,"iso":"dwa","grn_num":2645,"iso_lang_name":"Diri","grn_name":"Diriyawa","scope":"ISO_Lang","state":"Verified","parent_num":null,"longitude":9.8404000000000007,"latitude":10.305999999999999,"location":"Nigeria, Bauchi"}},{"type":"Feature","id":328,"geometry":{"type":"Point","coordinates":[9.7408296604023121,10.342947206188125]},"properties":{"objectid":328,"iso":"dyr","grn_num":28315,"iso_lang_name":"Dyarim","grn_name":"Dyarim","scope":"ISO_Lang","state":"Verified","parent_num":null,"longitude":9.8404000000000007,"latitude":10.305999999999999,"location":"Nigeria, Bauchi"}},{"type":"Feature","id":329,"geometry":{"type":"Point","coordinates":[9.7109761174484159,9.1374903738140301]},"properties":{"objectid":329,"iso":"dza","grn_num":2114,"iso_lang_name":"Tunzuii","grn_name":"Duguza","scope":"ISO_Lang","state":"Verified","parent_num":null,"longitude":9.5179000000000009,"latitude":9.2181999999999995,"location":"Nigeria, Plateau"}},{"type":"Feature","id":330,"geometry":{"type":"Point","coordinates":[9.9333977313415485,9.9820469868070134]},"properties":{"objectid":330,"iso":"dzd","grn_num":9190,"iso_lang_name":"Daza","grn_name":"Daza","scope":"ISO_Lang","state":"Verified","parent_num":null,"longitude":9.8404000000000007,"latitude":10.305999999999999,"location":"Nigeria, Bauchi"}},{"type":"Feature","id":331,"geometry":{"type":"Point","coordinates":[7.7452190425586798,4.8579349493568982]},"properties":{"objectid":331,"iso":"ebg","grn_num":9509,"iso_lang_name":"Ebughu","grn_name":"Ebughu","scope":"ISO_Lang","state":"Verified","parent_num":null,"longitude":7.8536999999999999,"latitude":4.9057000000000004,"location":"Nigeria, Akwa Ibom"}},{"type":"Feature","id":332,"geometry":{"type":"Point","coordinates":[7.8505608368521687,4.9847641296812935]},"properties":{"objectid":332,"iso":"efa","grn_num":9512,"iso_lang_name":"Efai","grn_name":"Efai","scope":"ISO_Lang","state":"Verified","parent_num":null,"longitude":7.8536999999999999,"latitude":4.9057000000000004,"location":"Nigeria, Akwa Ibom"}},{"type":"Feature","id":333,"geometry":{"type":"Point","coordinates":[8.45518886578372,6.0493631091500397]},"properties":{"objectid":333,"iso":"efi","grn_num":2370,"iso_lang_name":"Efik","grn_name":"Efik","scope":"ISO_Lang","state":"Verified","parent_num":null,"longitude":8.5,"latitude":5.75,"location":"Nigeria, Cross River"}},{"type":"Feature","id":334,"geometry":{"type":"Point","coordinates":[9.6940925475847308,9.1794873740406437]},"properties":{"objectid":334,"iso":"ego","grn_num":2125,"iso_lang_name":"Eggon","grn_name":"Eggon","scope":"ISO_Lang","state":"Verified","parent_num":null,"longitude":9.5179000000000009,"latitude":9.2181999999999995,"location":"Nigeria, Plateau"}},{"type":"Feature","id":335,"geometry":{"type":"Point","coordinates":[9.3387766588923142,9.2434766711782075]},"properties":{"objectid":335,"iso":"ego","grn_num":28738,"iso_lang_name":"Eggon","grn_name":"Eggon: Agboshon","scope":"Dialect","state":"Verified","parent_num":2125,"longitude":9.5179000000000009,"latitude":9.2181999999999995,"location":"Nigeria, Plateau"}},{"type":"Feature","id":336,"geometry":{"type":"Point","coordinates":[9.6732821532549433,9.2187493169878465]},"properties":{"objectid":336,"iso":"ego","grn_num":28739,"iso_lang_name":"Eggon","grn_name":"Eggon: Agunji","scope":"Dialect","state":"Verified","parent_num":2125,"longitude":9.5179000000000009,"latitude":9.2181999999999995,"location":"Nigeria, Plateau"}},{"type":"Feature","id":337,"geometry":{"type":"Point","coordinates":[9.2737522822227909,9.1123414260063686]},"properties":{"objectid":337,"iso":"ego","grn_num":28740,"iso_lang_name":"Eggon","grn_name":"Eggon: Alizaga","scope":"Dialect","state":"Verified","parent_num":2125,"longitude":9.5179000000000009,"latitude":9.2181999999999995,"location":"Nigeria, Plateau"}},{"type":"Feature","id":338,"geometry":{"type":"Point","coordinates":[9.5599204687010957,9.1857226173994722]},"properties":{"objectid":338,"iso":"ego","grn_num":28741,"iso_lang_name":"Eggon","grn_name":"Eggon: Alogani","scope":"Dialect","state":"Verified","parent_num":2125,"longitude":9.5179000000000009,"latitude":9.2181999999999995,"location":"Nigeria, Plateau"}},{"type":"Feature","id":339,"geometry":{"type":"Point","coordinates":[9.5998168540362574,9.1803586718295378]},"properties":{"objectid":339,"iso":"ego","grn_num":28742,"iso_lang_name":"Eggon","grn_name":"Eggon: Alushi","scope":"Dialect","state":"Verified","parent_num":2125,"longitude":9.5179000000000009,"latitude":9.2181999999999995,"location":"Nigeria, Plateau"}},{"type":"Feature","id":340,"geometry":{"type":"Point","coordinates":[9.474587916132732,8.9391807561969188]},"properties":{"objectid":340,"iso":"ego","grn_num":28743,"iso_lang_name":"Eggon","grn_name":"Eggon: Ambaga","scope":"Dialect","state":"Verified","parent_num":2125,"longitude":9.5179000000000009,"latitude":9.2181999999999995,"location":"Nigeria, Plateau"}},{"type":"Feature","id":341,"geometry":{"type":"Point","coordinates":[9.165090838357024,9.1515467798646508]},"properties":{"objectid":341,"iso":"ego","grn_num":28744,"iso_lang_name":"Eggon","grn_name":"Eggon: Angbashu","scope":"Dialect","state":"Verified","parent_num":2125,"longitude":9.5179000000000009,"latitude":9.2181999999999995,"location":"Nigeria, Plateau"}},{"type":"Feature","id":342,"geometry":{"type":"Point","coordinates":[9.5603970869430945,9.0899696948826882]},"properties":{"objectid":342,"iso":"ego","grn_num":28745,"iso_lang_name":"Eggon","grn_name":"Eggon: Arigbadu","scope":"Dialect","state":"Verified","parent_num":2125,"longitude":9.5179000000000009,"latitude":9.2181999999999995,"location":"Nigeria, Plateau"}},{"type":"Feature","id":343,"geometry":{"type":"Point","coordinates":[9.6396699270999626,9.3250672364170324]},"properties":{"objectid":343,"iso":"ego","grn_num":28746,"iso_lang_name":"Eggon","grn_name":"Eggon: Arikpa","scope":"Dialect","state":"Verified","parent_num":2125,"longitude":9.5179000000000009,"latitude":9.2181999999999995,"location":"Nigeria, Plateau"}},{"type":"Feature","id":344,"geometry":{"type":"Point","coordinates":[9.239775879949967,9.2206518210226882]},"properties":{"objectid":344,"iso":"ego","grn_num":28747,"iso_lang_name":"Eggon","grn_name":"Eggon: Awunza","scope":"Dialect","state":"Verified","parent_num":2125,"longitude":9.5179000000000009,"latitude":9.2181999999999995,"location":"Nigeria, Plateau"}},{"type":"Feature","id":345,"geometry":{"type":"Point","coordinates":[9.5368424373366718,9.4433739837961745]},"properties":{"objectid":345,"iso":"ego","grn_num":28748,"iso_lang_name":"Eggon","grn_name":"Eggon: Bakyano","scope":"Dialect","state":"Verified","parent_num":2125,"longitude":9.5179000000000009,"latitude":9.2181999999999995,"location":"Nigeria, Plateau"}},{"type":"Feature","id":346,"geometry":{"type":"Point","coordinates":[9.4278108390648114,8.9477637092358062]},"properties":{"objectid":346,"iso":"ego","grn_num":28749,"iso_lang_name":"Eggon","grn_name":"Eggon: Ende","scope":"Dialect","state":"Verified","parent_num":2125,"longitude":9.5179000000000009,"latitude":9.2181999999999995,"location":"Nigeria, Plateau"}},{"type":"Feature","id":347,"geometry":{"type":"Point","coordinates":[9.1302087429366203,9.1115000622442395]},"properties":{"objectid":347,"iso":"ego","grn_num":2126,"iso_lang_name":"Eggon","grn_name":"Eggon: Ero","scope":"Dialect","state":"Verified","parent_num":2125,"longitude":9.5179000000000009,"latitude":9.2181999999999995,"location":"Nigeria, Plateau"}},{"type":"Feature","id":348,"geometry":{"type":"Point","coordinates":[9.7041589770304153,9.4234284026325152]},"properties":{"objectid":348,"iso":"ego","grn_num":28750,"iso_lang_name":"Eggon","grn_name":"Eggon: Ezen","scope":"Dialect","state":"Verified","parent_num":2125,"longitude":9.5179000000000009,"latitude":9.2181999999999995,"location":"Nigeria, Plateau"}},{"type":"Feature","id":349,"geometry":{"type":"Point","coordinates":[9.2971710966767755,9.4373269860068838]},"properties":{"objectid":349,"iso":"ego","grn_num":28751,"iso_lang_name":"Eggon","grn_name":"Eggon: Gale","scope":"Dialect","state":"Verified","parent_num":2125,"longitude":9.5179000000000009,"latitude":9.2181999999999995,"location":"Nigeria, Plateau"}},{"type":"Feature","id":350,"geometry":{"type":"Point","coordinates":[9.5357867641642251,9.5383100382680528]},"properties":{"objectid":350,"iso":"ego","grn_num":28752,"iso_lang_name":"Eggon","grn_name":"Eggon: Ginda","scope":"Dialect","state":"Verified","parent_num":2125,"longitude":9.5179000000000009,"latitude":9.2181999999999995,"location":"Nigeria, Plateau"}},{"type":"Feature","id":351,"geometry":{"type":"Point","coordinates":[9.7219535257288037,8.8971572818892906]},"properties":{"objectid":351,"iso":"ego","grn_num":28754,"iso_lang_name":"Eggon","grn_name":"Eggon: Ogba","scope":"Dialect","state":"Verified","parent_num":2125,"longitude":9.5179000000000009,"latitude":9.2181999999999995,"location":"Nigeria, Plateau"}},{"type":"Feature","id":352,"geometry":{"type":"Point","coordinates":[9.403883488328491,9.1918476457814133]},"properties":{"objectid":352,"iso":"ego","grn_num":28755,"iso_lang_name":"Eggon","grn_name":"Eggon: Ogbagi","scope":"Dialect","state":"Verified","parent_num":2125,"longitude":9.5179000000000009,"latitude":9.2181999999999995,"location":"Nigeria, Plateau"}},{"type":"Feature","id":353,"geometry":{"type":"Point","coordinates":[9.5917607751446585,9.2282278542166445]},"properties":{"objectid":353,"iso":"ego","grn_num":28756,"iso_lang_name":"Eggon","grn_name":"Eggon: Ubbe","scope":"Dialect","state":"Verified","parent_num":2125,"longitude":9.5179000000000009,"latitude":9.2181999999999995,"location":"Nigeria, Plateau"}},{"type":"Feature","id":354,"geometry":{"type":"Point","coordinates":[9.3108821277740521,9.066745278860628]},"properties":{"objectid":354,"iso":"ego","grn_num":28757,"iso_lang_name":"Eggon","grn_name":"Eggon: Umme","scope":"Dialect","state":"Verified","parent_num":2125,"longitude":9.5179000000000009,"latitude":9.2181999999999995,"location":"Nigeria, Plateau"}},{"type":"Feature","id":355,"geometry":{"type":"Point","coordinates":[9.6467286433625077,9.1554632050009239]},"properties":{"objectid":355,"iso":"ego","grn_num":28758,"iso_lang_name":"Eggon","grn_name":"Eggon: Uzi","scope":"Dialect","state":"Verified","parent_num":2125,"longitude":9.5179000000000009,"latitude":9.2181999999999995,"location":"Nigeria, Plateau"}},{"type":"Feature","id":356,"geometry":{"type":"Point","coordinates":[9.5879368329314349,9.5144629613774754]},"properties":{"objectid":356,"iso":"ego","grn_num":28759,"iso_lang_name":"Eggon","grn_name":"Eggon: Wakama","scope":"Dialect","state":"Verified","parent_num":2125,"longitude":9.5179000000000009,"latitude":9.2181999999999995,"location":"Nigeria, Plateau"}},{"type":"Feature","id":357,"geometry":{"type":"Point","coordinates":[9.2550841776061485,9.4118870207425918]},"properties":{"objectid":357,"iso":"ego","grn_num":28760,"iso_lang_name":"Eggon","grn_name":"Eggon: Wana","scope":"Dialect","state":"Verified","parent_num":2125,"longitude":9.5179000000000009,"latitude":9.2181999999999995,"location":"Nigeria, Plateau"}},{"type":"Feature","id":358,"geometry":{"type":"Point","coordinates":[9.4967616377551725,9.1694796767405915]},"properties":{"objectid":358,"iso":"ego","grn_num":28761,"iso_lang_name":"Eggon","grn_name":"Eggon: Wangibi","scope":"Dialect","state":"Verified","parent_num":2125,"longitude":9.5179000000000009,"latitude":9.2181999999999995,"location":"Nigeria, Plateau"}},{"type":"Feature","id":359,"geometry":{"type":"Point","coordinates":[9.4274406406412936,9.1404961239633078]},"properties":{"objectid":359,"iso":"ego","grn_num":28762,"iso_lang_name":"Eggon","grn_name":"Eggon: Wulko","scope":"Dialect","state":"Verified","parent_num":2125,"longitude":9.5179000000000009,"latitude":9.2181999999999995,"location":"Nigeria, Plateau"}},{"type":"Feature","id":360,"geometry":{"type":"Point","coordinates":[4.9916200446146357,7.0299156687030369]},"properties":{"objectid":360,"iso":"ehu","grn_num":9518,"iso_lang_name":"Ehueun","grn_name":"Ehueun","scope":"ISO_Lang","state":"Verified","parent_num":null,"longitude":4.8417000000000003,"latitude":7.0999999999999996,"location":"Nigeria, Ondo"}},{"type":"Feature","id":361,"geometry":{"type":"Point","coordinates":[8.2998006496075938,5.8570762467505437]},"properties":{"objectid":361,"iso":"eka","grn_num":2190,"iso_lang_name":"Ekajuk","grn_name":"Ekajuk","scope":"ISO_Lang","state":"Verified","parent_num":null,"longitude":8.5,"latitude":5.75,"location":"Nigeria, Cross River"}},{"type":"Feature","id":362,"geometry":{"type":"Point","coordinates":[8.5711731836061755,5.878257307351662]},"properties":{"objectid":362,"iso":"eka","grn_num":23937,"iso_lang_name":"Ekajuk","grn_name":"Ekajuk: Ebanimbim","scope":"Dialect","state":"Verified","parent_num":2190,"longitude":8.5,"latitude":5.75,"location":"Nigeria, Cross River"}},{"type":"Feature","id":363,"geometry":{"type":"Point","coordinates":[8.6611973027301801,5.9509091698792451]},"properties":{"objectid":363,"iso":"eka","grn_num":23938,"iso_lang_name":"Ekajuk","grn_name":"Ekajuk: Ekagongho","scope":"Dialect","state":"Verified","parent_num":2190,"longitude":8.5,"latitude":5.75,"location":"Nigeria, Cross River"}},{"type":"Feature","id":364,"geometry":{"type":"Point","coordinates":[8.2423793493981972,5.6074948571284535]},"properties":{"objectid":364,"iso":"eka","grn_num":23939,"iso_lang_name":"Ekajuk","grn_name":"Ekajuk: Esham","scope":"Dialect","state":"Verified","parent_num":2190,"longitude":8.5,"latitude":5.75,"location":"Nigeria, Cross River"}},{"type":"Feature","id":436,"geometry":null,"properties":{"objectid":436,"iso":"gbr","grn_num":10084,"iso_lang_name":"Gbabyi","grn_name":"Gbagyi: Louome","scope":"Dialect","state":"Verified","parent_num":138,"longitude":null,"latitude":null,"location":"Nigeria, Niger","shape":null}},{"type":"Feature","id":365,"geometry":{"type":"Point","coordinates":[8.4232749163514704,5.4197142348024343]},"properties":{"objectid":365,"iso":"eka","grn_num":23940,"iso_lang_name":"Ekajuk","grn_name":"Ekajuk: Mfom","scope":"Dialect","state":"Verified","parent_num":2190,"longitude":8.5,"latitude":5.75,"location":"Nigeria, Cross River"}},{"type":"Feature","id":366,"geometry":{"type":"Point","coordinates":[7.8232900078323295,4.7392820812981666]},"properties":{"objectid":366,"iso":"eke","grn_num":9527,"iso_lang_name":"Ekit","grn_name":"Ekit","scope":"ISO_Lang","state":"Verified","parent_num":null,"longitude":7.8536999999999999,"latitude":4.9057000000000004,"location":"Nigeria, Akwa Ibom"}},{"type":"Feature","id":367,"geometry":{"type":"Point","coordinates":[8.4327769702367448,5.7203531687746807]},"properties":{"objectid":367,"iso":"eki","grn_num":9526,"iso_lang_name":"Eki","grn_name":"Eki","scope":"ISO_Lang","state":"Verified","parent_num":null,"longitude":8.5,"latitude":5.75,"location":"Nigeria, Cross River"}},{"type":"Feature","id":368,"geometry":{"type":"Point","coordinates":[6.741980820714903,4.6396346175728134]},"properties":{"objectid":368,"iso":"ekp","grn_num":2375,"iso_lang_name":"Ekpeye","grn_name":"Ekpeye","scope":"ISO_Lang","state":"Verified","parent_num":null,"longitude":6.9112,"latitude":4.8395999999999999,"location":"Nigeria, Rivers"}},{"type":"Feature","id":369,"geometry":{"type":"Point","coordinates":[6.9950198617603805,4.9503722427890331]},"properties":{"objectid":369,"iso":"ekp","grn_num":9528,"iso_lang_name":"Ekpeye","grn_name":"Ekpeye: Ako","scope":"Dialect","state":"Verified","parent_num":2375,"longitude":6.9112,"latitude":4.8395999999999999,"location":"Nigeria, Rivers"}},{"type":"Feature","id":370,"geometry":{"type":"Point","coordinates":[6.9699644992167133,4.7529529589515134]},"properties":{"objectid":370,"iso":"ekp","grn_num":9529,"iso_lang_name":"Ekpeye","grn_name":"Ekpeye: Igbuduya","scope":"Dialect","state":"Verified","parent_num":2375,"longitude":6.9112,"latitude":4.8395999999999999,"location":"Nigeria, Rivers"}},{"type":"Feature","id":371,"geometry":{"type":"Point","coordinates":[7.0143156516053731,4.704774086986272]},"properties":{"objectid":371,"iso":"ekp","grn_num":9530,"iso_lang_name":"Ekpeye","grn_name":"Ekpeye: Ubye","scope":"Dialect","state":"Verified","parent_num":2375,"longitude":6.9112,"latitude":4.8395999999999999,"location":"Nigeria, Rivers"}},{"type":"Feature","id":372,"geometry":{"type":"Point","coordinates":[6.889513423343308,4.9755082375848847]},"properties":{"objectid":372,"iso":"ekp","grn_num":9531,"iso_lang_name":"Ekpeye","grn_name":"Ekpeye: Upata","scope":"Dialect","state":"Verified","parent_num":2375,"longitude":6.9112,"latitude":4.8395999999999999,"location":"Nigeria, Rivers"}},{"type":"Feature","id":373,"geometry":{"type":"Point","coordinates":[8.3954008398722522,5.616581382412579]},"properties":{"objectid":373,"iso":"ekr","grn_num":18378,"iso_lang_name":"Yace","grn_name":"Yace: Alifokpa","scope":"Dialect","state":"Verified","parent_num":2276,"longitude":8.5,"latitude":5.75,"location":"Nigeria, Cross River"}},{"type":"Feature","id":374,"geometry":{"type":"Point","coordinates":[8.3873507222008925,5.3623728569860445]},"properties":{"objectid":374,"iso":"ekr","grn_num":18379,"iso_lang_name":"Yace","grn_name":"Yace: Ijiegu","scope":"Dialect","state":"Verified","parent_num":2276,"longitude":8.5,"latitude":5.75,"location":"Nigeria, Cross River"}},{"type":"Feature","id":375,"geometry":{"type":"Point","coordinates":[8.6723509811305561,5.6882293209318568]},"properties":{"objectid":375,"iso":"ekr","grn_num":2276,"iso_lang_name":"Yace","grn_name":"Yache","scope":"ISO_Lang","state":"Verified","parent_num":null,"longitude":8.5,"latitude":5.75,"location":"Nigeria, Cross River"}},{"type":"Feature","id":376,"geometry":{"type":"Point","coordinates":[7.0981319836197647,4.8931406827608441]},"properties":{"objectid":376,"iso":"elm","grn_num":2382,"iso_lang_name":"Eleme","grn_name":"Eleme","scope":"ISO_Lang","state":"Verified","parent_num":null,"longitude":6.9112,"latitude":4.8395999999999999,"location":"Nigeria, Rivers"}},{"type":"Feature","id":377,"geometry":{"type":"Point","coordinates":[5.9046162771319342,6.440366185760376]},"properties":{"objectid":377,"iso":"ema","grn_num":23943,"iso_lang_name":"Emai-Iuleha-Ora","grn_name":"Emai-Iuleha-Ora","scope":"ISO_Lang","state":"Verified","parent_num":null,"longitude":6,"latitude":6.5,"location":"Nigeria, Edo"}},{"type":"Feature","id":378,"geometry":{"type":"Point","coordinates":[6.0385166839140698,6.4250623869263706]},"properties":{"objectid":378,"iso":"ema","grn_num":9542,"iso_lang_name":"Emai-Iuleha-Ora","grn_name":"Emai-Iuleha-Ora: Emai","scope":"Dialect","state":"Verified","parent_num":23943,"longitude":6,"latitude":6.5,"location":"Nigeria, Edo"}},{"type":"Feature","id":379,"geometry":{"type":"Point","coordinates":[5.8703689321896224,6.6148067082894437]},"properties":{"objectid":379,"iso":"ema","grn_num":9543,"iso_lang_name":"Emai-Iuleha-Ora","grn_name":"Emai-Iuleha-Ora: Iuleha","scope":"Dialect","state":"Verified","parent_num":23943,"longitude":6,"latitude":6.5,"location":"Nigeria, Edo"}},{"type":"Feature","id":380,"geometry":{"type":"Point","coordinates":[5.7936346843132709,6.4211271199841464]},"properties":{"objectid":380,"iso":"ema","grn_num":2194,"iso_lang_name":"Emai-Iuleha-Ora","grn_name":"Emai-Iuleha-Ora: Ivbiosakon","scope":"Dialect","state":"Verified","parent_num":23943,"longitude":6,"latitude":6.5,"location":"Nigeria, Edo"}},{"type":"Feature","id":381,"geometry":{"type":"Point","coordinates":[6.1015116882033,6.2690396253335967]},"properties":{"objectid":381,"iso":"ema","grn_num":9545,"iso_lang_name":"Emai-Iuleha-Ora","grn_name":"Emai-Iuleha-Ora: Ora","scope":"Dialect","state":"Verified","parent_num":23943,"longitude":6,"latitude":6.5,"location":"Nigeria, Edo"}},{"type":"Feature","id":382,"geometry":{"type":"Point","coordinates":[8.8769030971862026,9.0643163882552464]},"properties":{"objectid":382,"iso":"eng","grn_num":20146,"iso_lang_name":"English","grn_name":"English: Nigeria","scope":"Dialect","state":"Verified","parent_num":5185,"longitude":8.6999999999999993,"latitude":9,"location":"Nigeria"}},{"type":"Feature","id":383,"geometry":{"type":"Point","coordinates":[6.8840682322480014,4.5944094640457758]},"properties":{"objectid":383,"iso":"enn","grn_num":2368,"iso_lang_name":"Engenni","grn_name":"Engenni","scope":"ISO_Lang","state":"Verified","parent_num":null,"longitude":6.9112,"latitude":4.8395999999999999,"location":"Nigeria, Rivers"}},{"type":"Feature","id":384,"geometry":{"type":"Point","coordinates":[6.8464995138663802,4.8469619180417123]},"properties":{"objectid":384,"iso":"enn","grn_num":9584,"iso_lang_name":"Engenni","grn_name":"Engenni: Ediro","scope":"Dialect","state":"Verified","parent_num":2368,"longitude":6.9112,"latitude":4.8395999999999999,"location":"Nigeria, Rivers"}},{"type":"Feature","id":385,"geometry":{"type":"Point","coordinates":[6.7798027732768329,4.7812354230583569]},"properties":{"objectid":385,"iso":"enn","grn_num":9585,"iso_lang_name":"Engenni","grn_name":"Engenni: Inedua","scope":"Dialect","state":"Verified","parent_num":2368,"longitude":6.9112,"latitude":4.8395999999999999,"location":"Nigeria, Rivers"}},{"type":"Feature","id":386,"geometry":{"type":"Point","coordinates":[6.9118171778997306,5.0187302298062297]},"properties":{"objectid":386,"iso":"enn","grn_num":9586,"iso_lang_name":"Engenni","grn_name":"Engenni: Ogua","scope":"Dialect","state":"Verified","parent_num":2368,"longitude":6.9112,"latitude":4.8395999999999999,"location":"Nigeria, Rivers"}},{"type":"Feature","id":387,"geometry":{"type":"Point","coordinates":[6.9676603860899675,4.7103120248214934]},"properties":{"objectid":387,"iso":"enn","grn_num":23906,"iso_lang_name":"Engenni","grn_name":"Engenni: Zarama","scope":"Dialect","state":"Verified","parent_num":2368,"longitude":6.9112,"latitude":4.8395999999999999,"location":"Nigeria, Rivers"}},{"type":"Feature","id":388,"geometry":{"type":"Point","coordinates":[5.8538266457770813,6.462919875124947]},"properties":{"objectid":388,"iso":"env","grn_num":2380,"iso_lang_name":"Enwan (Edo State)","grn_name":"Enwan","scope":"ISO_Lang","state":"Verified","parent_num":null,"longitude":6,"latitude":6.5,"location":"Nigeria, Edo"}},{"type":"Feature","id":389,"geometry":{"type":"Point","coordinates":[7.8875320677720318,4.9466376531927363]},"properties":{"objectid":389,"iso":"enw","grn_num":9639,"iso_lang_name":"Enwan","grn_name":"Enwan","scope":"ISO_Lang","state":"Verified","parent_num":null,"longitude":7.8536999999999999,"latitude":4.9057000000000004,"location":"Nigeria, Akwa Ibom"}},{"type":"Feature","id":390,"geometry":{"type":"Point","coordinates":[6.2283488161796008,4.8468477942084771]},"properties":{"objectid":390,"iso":"epi","grn_num":2365,"iso_lang_name":"Epie","grn_name":"Epie","scope":"ISO_Lang","state":"Verified","parent_num":null,"longitude":6.0698999999999996,"latitude":4.7719000000000005,"location":"Nigeria, Bayelsa"}},{"type":"Feature","id":391,"geometry":{"type":"Point","coordinates":[6.1032998332853907,4.4984265897682798]},"properties":{"objectid":391,"iso":"epi","grn_num":20803,"iso_lang_name":"Epie","grn_name":"Epie: Atisa","scope":"Dialect","state":"Verified","parent_num":2365,"longitude":6.0698999999999996,"latitude":4.7719000000000005,"location":"Nigeria, Bayelsa"}},{"type":"Feature","id":392,"geometry":{"type":"Point","coordinates":[6.0837480496355392,5.7573481270398981]},"properties":{"objectid":392,"iso":"erh","grn_num":6383,"iso_lang_name":"Eruwa","grn_name":"Erohwa","scope":"ISO_Lang","state":"Verified","parent_num":null,"longitude":5.9339000000000004,"latitude":5.7039999999999997,"location":"Nigeria, Delta"}},{"type":"Feature","id":393,"geometry":{"type":"Point","coordinates":[7.8165185503397581,4.9436214981331972]},"properties":{"objectid":393,"iso":"etb","grn_num":9661,"iso_lang_name":"Etebi","grn_name":"Etebi","scope":"ISO_Lang","state":"Verified","parent_num":null,"longitude":7.8536999999999999,"latitude":4.9057000000000004,"location":"Nigeria, Akwa Ibom"}},{"type":"Feature","id":394,"geometry":{"type":"Point","coordinates":[5.8547380531081323,6.4221271338703696]},"properties":{"objectid":394,"iso":"ets","grn_num":2199,"iso_lang_name":"Yekhee","grn_name":"Yekhee","scope":"ISO_Lang","state":"Verified","parent_num":null,"longitude":6,"latitude":6.5,"location":"Nigeria, Edo"}},{"type":"Feature","id":395,"geometry":{"type":"Point","coordinates":[5.9504062952471415,6.4129177826496653]},"properties":{"objectid":395,"iso":"ets","grn_num":18523,"iso_lang_name":"Yekhee","grn_name":"Yekhee: Auchi","scope":"Dialect","state":"Verified","parent_num":2199,"longitude":6,"latitude":6.5,"location":"Nigeria, Edo"}},{"type":"Feature","id":396,"geometry":{"type":"Point","coordinates":[6.0054191663657486,6.3853167771687271]},"properties":{"objectid":396,"iso":"ets","grn_num":18524,"iso_lang_name":"Yekhee","grn_name":"Yekhee: Avianwu","scope":"Dialect","state":"Verified","parent_num":2199,"longitude":6,"latitude":6.5,"location":"Nigeria, Edo"}},{"type":"Feature","id":397,"geometry":{"type":"Point","coordinates":[6.0000000003625527,6.4999999997319708]},"properties":{"objectid":397,"iso":"ets","grn_num":18525,"iso_lang_name":"Yekhee","grn_name":"Yekhee: Aviele","scope":"Dialect","state":"Verified","parent_num":2199,"longitude":6,"latitude":6.5,"location":"Nigeria, Edo"}},{"type":"Feature","id":398,"geometry":{"type":"Point","coordinates":[6.2031209860845271,6.4371484218784305]},"properties":{"objectid":398,"iso":"ets","grn_num":30587,"iso_lang_name":"Yekhee","grn_name":"Yekhee: Ekpheri","scope":"Dialect","state":"Verified","parent_num":2199,"longitude":6,"latitude":6.5,"location":"Nigeria, Edo"}},{"type":"Feature","id":437,"geometry":null,"properties":{"objectid":437,"iso":"gbr","grn_num":10085,"iso_lang_name":"Gbabyi","grn_name":"Gbagyi: Ngenge","scope":"Dialect","state":"Verified","parent_num":138,"longitude":null,"latitude":null,"location":"Nigeria, Niger","shape":null}},{"type":"Feature","id":399,"geometry":{"type":"Point","coordinates":[5.9565731236713981,6.5845793954084915]},"properties":{"objectid":399,"iso":"ets","grn_num":18527,"iso_lang_name":"Yekhee","grn_name":"Yekhee: Ivhiadaobi","scope":"Dialect","state":"Verified","parent_num":2199,"longitude":6,"latitude":6.5,"location":"Nigeria, Edo"}},{"type":"Feature","id":400,"geometry":{"type":"Point","coordinates":[6.0034234062484835,6.2554904398316262]},"properties":{"objectid":400,"iso":"ets","grn_num":18528,"iso_lang_name":"Yekhee","grn_name":"Yekhee: South Ibie","scope":"Dialect","state":"Verified","parent_num":2199,"longitude":6,"latitude":6.5,"location":"Nigeria, Edo"}},{"type":"Feature","id":401,"geometry":{"type":"Point","coordinates":[5.9322542413201891,6.3276785377020097]},"properties":{"objectid":401,"iso":"ets","grn_num":18529,"iso_lang_name":"Yekhee","grn_name":"Yekhee: Uwepa-Uwano","scope":"Dialect","state":"Verified","parent_num":2199,"longitude":6,"latitude":6.5,"location":"Nigeria, Edo"}},{"type":"Feature","id":402,"geometry":{"type":"Point","coordinates":[5.9565465317423527,6.28045158831564]},"properties":{"objectid":402,"iso":"ets","grn_num":18530,"iso_lang_name":"Yekhee","grn_name":"Yekhee: Uzairue","scope":"Dialect","state":"Verified","parent_num":2199,"longitude":6,"latitude":6.5,"location":"Nigeria, Edo"}},{"type":"Feature","id":403,"geometry":{"type":"Point","coordinates":[8.2310404177249925,5.9189352586439163]},"properties":{"objectid":403,"iso":"etu","grn_num":2192,"iso_lang_name":"Ejagham","grn_name":"Ejagham","scope":"ISO_Lang","state":"Verified","parent_num":null,"longitude":8.5,"latitude":5.75,"location":"Nigeria, Cross River"}},{"type":"Feature","id":404,"geometry":{"type":"Point","coordinates":[8.3437368450136891,5.7585401528338336]},"properties":{"objectid":404,"iso":"etu","grn_num":2962,"iso_lang_name":"Ejagham","grn_name":"Ejagham: Qua","scope":"Dialect","state":"Verified","parent_num":2192,"longitude":8.5,"latitude":5.75,"location":"Nigeria, Cross River"}},{"type":"Feature","id":405,"geometry":{"type":"Point","coordinates":[8.170499738352726,5.7888924089275582]},"properties":{"objectid":405,"iso":"etu","grn_num":9522,"iso_lang_name":"Ejagham","grn_name":"Ejagham: Western","scope":"Dialect","state":"Verified","parent_num":2192,"longitude":8.5,"latitude":5.75,"location":"Nigeria, Cross River"}},{"type":"Feature","id":406,"geometry":{"type":"Point","coordinates":[8.4563190937348391,5.7802072618638967]},"properties":{"objectid":406,"iso":"etu","grn_num":1745,"iso_lang_name":"Ejagham","grn_name":"Etung","scope":"Dialect","state":"Verified","parent_num":2192,"longitude":8.5,"latitude":5.75,"location":"Nigeria, Cross River"}},{"type":"Feature","id":407,"geometry":{"type":"Point","coordinates":[8.4079915828770275,5.6649677109920589]},"properties":{"objectid":407,"iso":"etu","grn_num":2637,"iso_lang_name":"Ejagham","grn_name":"Keaka","scope":"Dialect","state":"Verified","parent_num":2192,"longitude":8.5,"latitude":5.75,"location":"Nigeria, Cross River"}},{"type":"Feature","id":408,"geometry":{"type":"Point","coordinates":[9.3642211159214774,9.290791487766958]},"properties":{"objectid":408,"iso":"etx","grn_num":2539,"iso_lang_name":"Eten","grn_name":"Eten","scope":"ISO_Lang","state":"Verified","parent_num":null,"longitude":9.5179000000000009,"latitude":9.2181999999999995,"location":"Nigeria, Plateau"}},{"type":"Feature","id":409,"geometry":{"type":"Point","coordinates":[5.7926227528069569,5.7515099508259677]},"properties":{"objectid":409,"iso":"evh","grn_num":17983,"iso_lang_name":"Uvbie","grn_name":"Uvbie","scope":"ISO_Lang","state":"Verified","parent_num":null,"longitude":5.9339000000000004,"latitude":5.7039999999999997,"location":"Nigeria, Delta"}},{"type":"Feature","id":410,"geometry":{"type":"Point","coordinates":[8.8028798336832885,7.2057061027900593]},"properties":{"objectid":410,"iso":"eza","grn_num":2238,"iso_lang_name":"Ezaa","grn_name":"Ezza","scope":"ISO_Lang","state":"Verified","parent_num":null,"longitude":8.7403999999999993,"latitude":7.3369,"location":"Nigeria, Benue"}},{"type":"Feature","id":411,"geometry":{"type":"Point","coordinates":[8.4960204368555008,5.8879868043935408]},"properties":{"objectid":411,"iso":"eze","grn_num":2237,"iso_lang_name":"Uzekwe","grn_name":"Ezekwe","scope":"ISO_Lang","state":"Verified","parent_num":null,"longitude":8.5,"latitude":5.75,"location":"Nigeria, Cross River"}},{"type":"Feature","id":412,"geometry":{"type":"Point","coordinates":[11.141043635414654,8.0281678812059187]},"properties":{"objectid":412,"iso":"fam","grn_num":9756,"iso_lang_name":"Fam","grn_name":"Fam","scope":"ISO_Lang","state":"Verified","parent_num":null,"longitude":10.774000000000001,"latitude":7.9993999999999996,"location":"Nigeria, Taraba"}},{"type":"Feature","id":413,"geometry":{"type":"Point","coordinates":[9.4596168846617772,9.2972651300570348]},"properties":{"objectid":413,"iso":"fie","grn_num":2465,"iso_lang_name":"Fyer","grn_name":"Fer","scope":"ISO_Lang","state":"Verified","parent_num":null,"longitude":9.5179000000000009,"latitude":9.2181999999999995,"location":"Nigeria, Plateau"}},{"type":"Feature","id":414,"geometry":{"type":"Point","coordinates":[9.4128259043681783,9.0399607151026622]},"properties":{"objectid":414,"iso":"fir","grn_num":2541,"iso_lang_name":"Firan","grn_name":"Kwakwi","scope":"ISO_Lang","state":"Verified","parent_num":null,"longitude":9.5179000000000009,"latitude":9.2181999999999995,"location":"Nigeria, Plateau"}},{"type":"Feature","id":415,"geometry":{"type":"Point","coordinates":[12.172200283563251,9.5569958333011584]},"properties":{"objectid":415,"iso":"fkk","grn_num":23415,"iso_lang_name":"Kirya-Konzəl","grn_name":"Kirya-Konzel","scope":"ISO_Lang","state":"Verified","parent_num":null,"longitude":12.398400000000001,"latitude":9.3264999999999993,"location":"Nigeria, Adamawa"}},{"type":"Feature","id":416,"geometry":{"type":"Point","coordinates":[12.573754411070095,9.3669062873877404]},"properties":{"objectid":416,"iso":"fkk","grn_num":27441,"iso_lang_name":"Kirya-Konzəl","grn_name":"Kirya-Konzel: Kirya","scope":"Dialect","state":"Verified","parent_num":23415,"longitude":12.398400000000001,"latitude":9.3264999999999993,"location":"Nigeria, Adamawa"}},{"type":"Feature","id":417,"geometry":{"type":"Point","coordinates":[12.247803194069068,9.3147896040223177]},"properties":{"objectid":417,"iso":"fkk","grn_num":27440,"iso_lang_name":"Kirya-Konzəl","grn_name":"Kirya-Konzel: Konzel","scope":"Dialect","state":"Verified","parent_num":23415,"longitude":12.398400000000001,"latitude":9.3264999999999993,"location":"Nigeria, Adamawa"}},{"type":"Feature","id":418,"geometry":{"type":"Point","coordinates":[12.215169673432992,9.407653465250057]},"properties":{"objectid":418,"iso":"fli","grn_num":1778,"iso_lang_name":"Fali Muchella","grn_name":"Fali","scope":"ISO_Lang","state":"Verified","parent_num":null,"longitude":12.398400000000001,"latitude":9.3264999999999993,"location":"Nigeria, Adamawa"}},{"type":"Feature","id":419,"geometry":{"type":"Point","coordinates":[12.210143895862386,9.2346835620484811]},"properties":{"objectid":419,"iso":"fli","grn_num":9753,"iso_lang_name":"Fali Muchella","grn_name":"Fali: Bahuli","scope":"Dialect","state":"Verified","parent_num":1778,"longitude":12.398400000000001,"latitude":9.3264999999999993,"location":"Nigeria, Adamawa"}},{"type":"Feature","id":420,"geometry":{"type":"Point","coordinates":[12.319855298717096,9.1299972102875557]},"properties":{"objectid":420,"iso":"fli","grn_num":9752,"iso_lang_name":"Fali Muchella","grn_name":"Fali: Bwin","scope":"Dialect","state":"Verified","parent_num":1778,"longitude":12.398400000000001,"latitude":9.3264999999999993,"location":"Nigeria, Adamawa"}},{"type":"Feature","id":421,"geometry":{"type":"Point","coordinates":[12.475854362099879,9.2031776558925404]},"properties":{"objectid":421,"iso":"fli","grn_num":9754,"iso_lang_name":"Fali Muchella","grn_name":"Fali: Madzarin","scope":"Dialect","state":"Verified","parent_num":1778,"longitude":12.398400000000001,"latitude":9.3264999999999993,"location":"Nigeria, Adamawa"}},{"type":"Feature","id":422,"geometry":{"type":"Point","coordinates":[12.275221266845479,8.9855764551399844]},"properties":{"objectid":422,"iso":"fli","grn_num":30630,"iso_lang_name":"Fali Muchella","grn_name":"Fali: Muntu","scope":"Dialect","state":"Unverified","parent_num":1778,"longitude":12.398400000000001,"latitude":9.3264999999999993,"location":"Nigeria, Adamawa"}},{"type":"Feature","id":423,"geometry":{"type":"Point","coordinates":[12.483192196599296,9.1632125768546135]},"properties":{"objectid":423,"iso":"fli","grn_num":9755,"iso_lang_name":"Fali Muchella","grn_name":"Fali: Vimtim","scope":"Dialect","state":"Verified","parent_num":1778,"longitude":12.398400000000001,"latitude":9.3264999999999993,"location":"Nigeria, Adamawa"}},{"type":"Feature","id":424,"geometry":{"type":"Point","coordinates":[10.857782902048942,8.2703232220361365]},"properties":{"objectid":424,"iso":"fum","grn_num":9947,"iso_lang_name":"Fum","grn_name":"Fum","scope":"ISO_Lang","state":"Verified","parent_num":null,"longitude":10.774000000000001,"latitude":7.9993999999999996,"location":"Nigeria, Taraba"}},{"type":"Feature","id":425,"geometry":{"type":"Point","coordinates":[8.6369938386216099,12.030414440580165]},"properties":{"objectid":425,"iso":"fuv","grn_num":9930,"iso_lang_name":"Fulfulde, Nigerian","grn_name":"Fulfulde, Nigerian","scope":"ISO_Lang","state":"Verified","parent_num":null,"longitude":8.5920000000000005,"latitude":12.0022,"location":"Nigeria, Kano"}},{"type":"Feature","id":426,"geometry":{"type":"Point","coordinates":[6.1166670000716952,9.0166669997335198]},"properties":{"objectid":426,"iso":"fuv","grn_num":2905,"iso_lang_name":"Fulfulde, Nigerian","grn_name":"Fulfulde, Nigerian: Bororo","scope":"Dialect","state":"Verified","parent_num":9930,"longitude":6.1166669999999996,"latitude":9.016667,"location":"Nigeria, Niger, Bororo"}},{"type":"Feature","id":427,"geometry":{"type":"Point","coordinates":[7.3358480503339134,8.9474481272076982]},"properties":{"objectid":427,"iso":"fuv","grn_num":9925,"iso_lang_name":"Fulfulde, Nigerian","grn_name":"Fulfulde, Nigerian: Caka","scope":"Dialect","state":"Verified","parent_num":9930,"longitude":7.1859999999999999,"latitude":8.8940999999999999,"location":"Nigeria, Abuja Capital Territory"}},{"type":"Feature","id":428,"geometry":{"type":"Point","coordinates":[8.5461290311389551,12.02896479842738]},"properties":{"objectid":428,"iso":"fuv","grn_num":9927,"iso_lang_name":"Fulfulde, Nigerian","grn_name":"Fulfulde, Nigerian: Kano-Katsina","scope":"Dialect","state":"Verified","parent_num":9930,"longitude":8.5920000000000005,"latitude":12.0022,"location":"Nigeria, Kano"}},{"type":"Feature","id":429,"geometry":{"type":"Point","coordinates":[7.4447847083583358,10.330674796580555]},"properties":{"objectid":429,"iso":"fuv","grn_num":4582,"iso_lang_name":"Fulfulde, Nigerian","grn_name":"Fulfulde, Nigerian: Sokoto","scope":"Dialect","state":"Verified","parent_num":9930,"longitude":7.4408000000000003,"latitude":10.5015,"location":"Nigeria, Kaduna"}},{"type":"Feature","id":430,"geometry":{"type":"Point","coordinates":[9.5966827191465285,11.905968809707653]},"properties":{"objectid":430,"iso":"fuv","grn_num":1792,"iso_lang_name":"Fulfulde, Nigerian","grn_name":"Fulfulde: Western","scope":"Dialect","state":"Verified","parent_num":9930,"longitude":9.5999999999999996,"latitude":11.833,"location":"Nigeria, Kwara"}},{"type":"Feature","id":431,"geometry":null,"properties":{"objectid":431,"iso":"gbr","grn_num":138,"iso_lang_name":"Gbabyi","grn_name":"Gbabyi","scope":"ISO_Lang","state":"Verified","parent_num":null,"longitude":null,"latitude":null,"location":"Nigeria, Niger","shape":null}},{"type":"Feature","id":432,"geometry":null,"properties":{"objectid":432,"iso":"gbr","grn_num":10080,"iso_lang_name":"Gbabyi","grn_name":"Gbagyi: Diko","scope":"Dialect","state":"Verified","parent_num":138,"longitude":null,"latitude":null,"location":"Nigeria, Niger","shape":null}},{"type":"Feature","id":433,"geometry":null,"properties":{"objectid":433,"iso":"gbr","grn_num":10081,"iso_lang_name":"Gbabyi","grn_name":"Gbagyi: Kaduna","scope":"Dialect","state":"Verified","parent_num":138,"longitude":null,"latitude":null,"location":"Nigeria, Niger","shape":null}},{"type":"Feature","id":434,"geometry":null,"properties":{"objectid":434,"iso":"gbr","grn_num":10082,"iso_lang_name":"Gbabyi","grn_name":"Gbagyi: Karu","scope":"Dialect","state":"Verified","parent_num":138,"longitude":null,"latitude":null,"location":"Nigeria, Niger","shape":null}},{"type":"Feature","id":438,"geometry":null,"properties":{"objectid":438,"iso":"gbr","grn_num":10086,"iso_lang_name":"Gbabyi","grn_name":"Gbagyi: Tawari","scope":"Dialect","state":"Verified","parent_num":138,"longitude":null,"latitude":null,"location":"Nigeria, Niger","shape":null}},{"type":"Feature","id":439,"geometry":null,"properties":{"objectid":439,"iso":"gbr","grn_num":10087,"iso_lang_name":"Gbabyi","grn_name":"Gbagyi: Vwezhi","scope":"Dialect","state":"Verified","parent_num":138,"longitude":null,"latitude":null,"location":"Nigeria, Niger","shape":null}},{"type":"Feature","id":440,"geometry":{"type":"Point","coordinates":[7.0965942061939113,8.8804766161561801]},"properties":{"objectid":440,"iso":"gby","grn_num":23014,"iso_lang_name":"Gbari","grn_name":"Gbari","scope":"ISO_Lang","state":"Verified","parent_num":null,"longitude":7.1859999999999999,"latitude":8.8940999999999999,"location":"Nigeria, Abuja Capital Territory"}},{"type":"Feature","id":441,"geometry":{"type":"Point","coordinates":[7.0292289923705011,8.9579184268177166]},"properties":{"objectid":441,"iso":"gby","grn_num":10090,"iso_lang_name":"Gbari","grn_name":"Gbari: Botai","scope":"Dialect","state":"Verified","parent_num":23014,"longitude":7.1859999999999999,"latitude":8.8940999999999999,"location":"Nigeria, Abuja Capital Territory"}},{"type":"Feature","id":442,"geometry":{"type":"Point","coordinates":[7.1766432383669603,8.9463776360946667]},"properties":{"objectid":442,"iso":"gby","grn_num":10091,"iso_lang_name":"Gbari","grn_name":"Gbari: Gayegi","scope":"Dialect","state":"Verified","parent_num":23014,"longitude":7.1859999999999999,"latitude":8.8940999999999999,"location":"Nigeria, Abuja Capital Territory"}},{"type":"Feature","id":443,"geometry":{"type":"Point","coordinates":[7.1814146229305695,8.788078098568807]},"properties":{"objectid":443,"iso":"gby","grn_num":10079,"iso_lang_name":"Gbari","grn_name":"Gbari: Gbagyi Nkwa","scope":"Dialect","state":"Verified","parent_num":23014,"longitude":7.1859999999999999,"latitude":8.8940999999999999,"location":"Nigeria, Abuja Capital Territory"}},{"type":"Feature","id":444,"geometry":{"type":"Point","coordinates":[7.2172916528337732,8.9871237469395133]},"properties":{"objectid":444,"iso":"gby","grn_num":10092,"iso_lang_name":"Gbari","grn_name":"Gbari: Izem","scope":"Dialect","state":"Verified","parent_num":23014,"longitude":7.1859999999999999,"latitude":8.8940999999999999,"location":"Nigeria, Abuja Capital Territory"}},{"type":"Feature","id":445,"geometry":{"type":"Point","coordinates":[7.1344621246505868,8.8659287548352292]},"properties":{"objectid":445,"iso":"gby","grn_num":10093,"iso_lang_name":"Gbari","grn_name":"Gbari: Jezhu","scope":"Dialect","state":"Verified","parent_num":23014,"longitude":7.1859999999999999,"latitude":8.8940999999999999,"location":"Nigeria, Abuja Capital Territory"}},{"type":"Feature","id":446,"geometry":{"type":"Point","coordinates":[7.2621869031119326,8.8224517563744591]},"properties":{"objectid":446,"iso":"gby","grn_num":10094,"iso_lang_name":"Gbari","grn_name":"Gbari: Kong","scope":"Dialect","state":"Verified","parent_num":23014,"longitude":7.1859999999999999,"latitude":8.8940999999999999,"location":"Nigeria, Abuja Capital Territory"}},{"type":"Feature","id":447,"geometry":{"type":"Point","coordinates":[7.1198189827498863,8.8136206910037096]},"properties":{"objectid":447,"iso":"gby","grn_num":10095,"iso_lang_name":"Gbari","grn_name":"Gbari: Kwali","scope":"Dialect","state":"Verified","parent_num":23014,"longitude":7.1859999999999999,"latitude":8.8940999999999999,"location":"Nigeria, Abuja Capital Territory"}},{"type":"Feature","id":448,"geometry":{"type":"Point","coordinates":[7.2212577597289158,8.7886093952281765]},"properties":{"objectid":448,"iso":"gby","grn_num":10096,"iso_lang_name":"Gbari","grn_name":"Gbari: Kwange","scope":"Dialect","state":"Verified","parent_num":23014,"longitude":7.1859999999999999,"latitude":8.8940999999999999,"location":"Nigeria, Abuja Capital Territory"}},{"type":"Feature","id":449,"geometry":{"type":"Point","coordinates":[7.1292942803144452,8.9223240224318374]},"properties":{"objectid":449,"iso":"gby","grn_num":4541,"iso_lang_name":"Gbari","grn_name":"Gbari: Paigo","scope":"Dialect","state":"Verified","parent_num":23014,"longitude":7.1859999999999999,"latitude":8.8940999999999999,"location":"Nigeria, Abuja Capital Territory"}},{"type":"Feature","id":450,"geometry":{"type":"Point","coordinates":[7.2937812553222647,8.9328010450470856]},"properties":{"objectid":450,"iso":"gby","grn_num":10098,"iso_lang_name":"Gbari","grn_name":"Gbari: Wahe","scope":"Dialect","state":"Verified","parent_num":23014,"longitude":7.1859999999999999,"latitude":8.8940999999999999,"location":"Nigeria, Abuja Capital Territory"}},{"type":"Feature","id":451,"geometry":{"type":"Point","coordinates":[7.1739524148834493,8.8304179513838434]},"properties":{"objectid":451,"iso":"gby","grn_num":2046,"iso_lang_name":"Gbari","grn_name":"Gbari: Yamma","scope":"Dialect","state":"Verified","parent_num":23014,"longitude":7.1859999999999999,"latitude":8.8940999999999999,"location":"Nigeria, Abuja Capital Territory"}},{"type":"Feature","id":452,"geometry":{"type":"Point","coordinates":[12.462716434594311,8.9514090650455884]},"properties":{"objectid":452,"iso":"gde","grn_num":1786,"iso_lang_name":"Gude","grn_name":"Gude","scope":"ISO_Lang","state":"Verified","parent_num":null,"longitude":12.398400000000001,"latitude":9.3264999999999993,"location":"Nigeria, Adamawa"}},{"type":"Feature","id":453,"geometry":{"type":"Point","coordinates":[13.105361457403927,12.058511203228313]},"properties":{"objectid":453,"iso":"gdf","grn_num":10387,"iso_lang_name":"Guduf-Gava","grn_name":"Guduf-Gava","scope":"ISO_Lang","state":"Verified","parent_num":null,"longitude":13.151999999999999,"latitude":11.884600000000001,"location":"Nigeria, Borno"}},{"type":"Feature","id":454,"geometry":{"type":"Point","coordinates":[13.059913418934249,12.006933963294992]},"properties":{"objectid":454,"iso":"gdf","grn_num":10389,"iso_lang_name":"Guduf-Gava","grn_name":"Guduf-Gava: Gava","scope":"Dialect","state":"Verified","parent_num":10387,"longitude":13.151999999999999,"latitude":11.884600000000001,"location":"Nigeria, Borno"}},{"type":"Feature","id":455,"geometry":{"type":"Point","coordinates":[13.104973562169322,11.909278216067833]},"properties":{"objectid":455,"iso":"gdf","grn_num":1766,"iso_lang_name":"Guduf-Gava","grn_name":"Guduf-Gava: Guduf","scope":"Dialect","state":"Verified","parent_num":10387,"longitude":13.151999999999999,"latitude":11.884600000000001,"location":"Nigeria, Borno"}},{"type":"Feature","id":456,"geometry":{"type":"Point","coordinates":[12.096165195370846,9.4142534621664229]},"properties":{"objectid":456,"iso":"gdu","grn_num":10383,"iso_lang_name":"Gudu","grn_name":"Gudu","scope":"ISO_Lang","state":"Verified","parent_num":null,"longitude":12.398400000000001,"latitude":9.3264999999999993,"location":"Nigeria, Adamawa"}},{"type":"Feature","id":457,"geometry":{"type":"Point","coordinates":[12.340119442793972,9.5165946413841294]},"properties":{"objectid":457,"iso":"gdu","grn_num":10384,"iso_lang_name":"Gudu","grn_name":"Gudu: Kumbi","scope":"Dialect","state":"Verified","parent_num":10383,"longitude":12.398400000000001,"latitude":9.3264999999999993,"location":"Nigeria, Adamawa"}},{"type":"Feature","id":458,"geometry":{"type":"Point","coordinates":[9.981335611419631,10.444470548086759]},"properties":{"objectid":458,"iso":"gea","grn_num":2667,"iso_lang_name":"Geruma","grn_name":"Geremawa","scope":"ISO_Lang","state":"Verified","parent_num":null,"longitude":9.8404000000000007,"latitude":10.305999999999999,"location":"Nigeria, Bauchi"}},{"type":"Feature","id":459,"geometry":{"type":"Point","coordinates":[9.7949688920593374,10.218758156095721]},"properties":{"objectid":459,"iso":"gea","grn_num":10180,"iso_lang_name":"Geruma","grn_name":"Geruma: Duurum","scope":"Dialect","state":"Verified","parent_num":2667,"longitude":9.8404000000000007,"latitude":10.305999999999999,"location":"Nigeria, Bauchi"}},{"type":"Feature","id":460,"geometry":{"type":"Point","coordinates":[9.806724102136867,10.528280899823422]},"properties":{"objectid":460,"iso":"gea","grn_num":10181,"iso_lang_name":"Geruma","grn_name":"Geruma: Sum","scope":"Dialect","state":"Verified","parent_num":2667,"longitude":9.8404000000000007,"latitude":10.305999999999999,"location":"Nigeria, Bauchi"}},{"type":"Feature","id":461,"geometry":{"type":"Point","coordinates":[7.2208925810912117,8.9341375828028813]},"properties":{"objectid":461,"iso":"ged","grn_num":393,"iso_lang_name":"Gade","grn_name":"Gade","scope":"ISO_Lang","state":"Verified","parent_num":null,"longitude":7.1859999999999999,"latitude":8.8940999999999999,"location":"Nigeria, Abuja Capital Territory"}},{"type":"Feature","id":462,"geometry":{"type":"Point","coordinates":[12.578150263014022,9.0438661670922755]},"properties":{"objectid":462,"iso":"geg","grn_num":4253,"iso_lang_name":"Gengle","grn_name":"Gengle","scope":"ISO_Lang","state":"Verified","parent_num":null,"longitude":12.398400000000001,"latitude":9.3264999999999993,"location":"Nigeria, Adamawa"}},{"type":"Feature","id":463,"geometry":{"type":"Point","coordinates":[9.7831347874419539,9.1068363998442603]},"properties":{"objectid":463,"iso":"gek","grn_num":2478,"iso_lang_name":"Ywom","grn_name":"Youm","scope":"ISO_Lang","state":"Verified","parent_num":null,"longitude":9.5179000000000009,"latitude":9.2181999999999995,"location":"Nigeria, Plateau"}},{"type":"Feature","id":464,"geometry":{"type":"Point","coordinates":[4.2283007804455464,11.351664734057309]},"properties":{"objectid":464,"iso":"gel","grn_num":2047,"iso_lang_name":"ut-Ma'in","grn_name":"Gelewa","scope":"Dialect","state":"Verified","parent_num":2065,"longitude":4.2332999999999998,"latitude":11.494199999999999,"location":"Nigeria, Kebbi"}},{"type":"Feature","id":465,"geometry":{"type":"Point","coordinates":[4.3511166782058801,11.47908193886051]},"properties":{"objectid":465,"iso":"gel","grn_num":2065,"iso_lang_name":"ut-Ma'in","grn_name":"ut-Ma'in","scope":"ISO_Lang","state":"Verified","parent_num":null,"longitude":4.2332999999999998,"latitude":11.494199999999999,"location":"Nigeria, Kebbi"}},{"type":"Feature","id":466,"geometry":{"type":"Point","coordinates":[4.1528775680308412,11.536913239406141]},"properties":{"objectid":466,"iso":"gel","grn_num":11300,"iso_lang_name":"ut-Ma'in","grn_name":"ut-Ma'in: Fer","scope":"Dialect","state":"Verified","parent_num":2065,"longitude":4.2332999999999998,"latitude":11.494199999999999,"location":"Nigeria, Kebbi"}},{"type":"Feature","id":467,"geometry":{"type":"Point","coordinates":[4.1797502798864361,11.323094994123817]},"properties":{"objectid":467,"iso":"gel","grn_num":20812,"iso_lang_name":"ut-Ma'in","grn_name":"ut-Ma'in: Jiir","scope":"Dialect","state":"Verified","parent_num":2065,"longitude":4.2332999999999998,"latitude":11.494199999999999,"location":"Nigeria, Kebbi"}},{"type":"Feature","id":468,"geometry":{"type":"Point","coordinates":[4.0577540472121489,11.583458533850163]},"properties":{"objectid":468,"iso":"gel","grn_num":11302,"iso_lang_name":"ut-Ma'in","grn_name":"ut-Ma'in: Kag","scope":"Dialect","state":"Verified","parent_num":2065,"longitude":4.2332999999999998,"latitude":11.494199999999999,"location":"Nigeria, Kebbi"}},{"type":"Feature","id":469,"geometry":{"type":"Point","coordinates":[4.2389709613054842,11.299639283930464]},"properties":{"objectid":469,"iso":"gel","grn_num":11303,"iso_lang_name":"ut-Ma'in","grn_name":"ut-Ma'in: Koor","scope":"Dialect","state":"Verified","parent_num":2065,"longitude":4.2332999999999998,"latitude":11.494199999999999,"location":"Nigeria, Kebbi"}},{"type":"Feature","id":470,"geometry":{"type":"Point","coordinates":[4.1416165418523176,11.302647398678845]},"properties":{"objectid":470,"iso":"gel","grn_num":20813,"iso_lang_name":"ut-Ma'in","grn_name":"ut-Ma'in: Kur","scope":"Dialect","state":"Verified","parent_num":2065,"longitude":4.2332999999999998,"latitude":11.494199999999999,"location":"Nigeria, Kebbi"}},{"type":"Feature","id":471,"geometry":{"type":"Point","coordinates":[4.3129183629809491,11.515978944173709]},"properties":{"objectid":471,"iso":"gel","grn_num":11305,"iso_lang_name":"ut-Ma'in","grn_name":"ut-Ma'in: Ror","scope":"Dialect","state":"Verified","parent_num":2065,"longitude":4.2332999999999998,"latitude":11.494199999999999,"location":"Nigeria, Kebbi"}},{"type":"Feature","id":472,"geometry":{"type":"Point","coordinates":[4.2317002372459926,11.578833606632431]},"properties":{"objectid":472,"iso":"gel","grn_num":11306,"iso_lang_name":"ut-Ma'in","grn_name":"ut-Ma'in: Us","scope":"Dialect","state":"Verified","parent_num":2065,"longitude":4.2332999999999998,"latitude":11.494199999999999,"location":"Nigeria, Kebbi"}},{"type":"Feature","id":473,"geometry":{"type":"Point","coordinates":[4.2074806618528129,11.447790280568906]},"properties":{"objectid":473,"iso":"gel","grn_num":20814,"iso_lang_name":"ut-Ma'in","grn_name":"ut-Ma'in: Zuksun","scope":"Dialect","state":"Verified","parent_num":2065,"longitude":4.2332999999999998,"latitude":11.494199999999999,"location":"Nigeria, Kebbi"}},{"type":"Feature","id":474,"geometry":{"type":"Point","coordinates":[9.9181262601204114,10.369201195867296]},"properties":{"objectid":474,"iso":"gew","grn_num":2003,"iso_lang_name":"Gera","grn_name":"Gera","scope":"ISO_Lang","state":"Verified","parent_num":null,"longitude":9.8404000000000007,"latitude":10.305999999999999,"location":"Nigeria, Bauchi"}},{"type":"Feature","id":475,"geometry":{"type":"Point","coordinates":[5.2925938387026985,13.034114441431116]},"properties":{"objectid":475,"iso":"gib","grn_num":10215,"iso_lang_name":"Gibanawa","grn_name":"Gibanawa","scope":"ISO_Lang","state":"Verified","parent_num":null,"longitude":5.2476000000000003,"latitude":13.0059,"location":"Nigeria, Sokoto"}},{"type":"Feature","id":476,"geometry":{"type":"Point","coordinates":[7.0854704506756523,4.8251121574459832]},"properties":{"objectid":476,"iso":"gkn","grn_num":2357,"iso_lang_name":"Gokana","grn_name":"Gokana","scope":"ISO_Lang","state":"Verified","parent_num":null,"longitude":6.9112,"latitude":4.8395999999999999,"location":"Nigeria, Rivers"}},{"type":"Feature","id":477,"geometry":{"type":"Point","coordinates":[6.8874041736663063,4.6409519856066437]},"properties":{"objectid":477,"iso":"gkn","grn_num":23944,"iso_lang_name":"Gokana","grn_name":"Gokana: Bodo","scope":"Dialect","state":"Verified","parent_num":2357,"longitude":6.9112,"latitude":4.8395999999999999,"location":"Nigeria, Rivers"}},{"type":"Feature","id":478,"geometry":{"type":"Point","coordinates":[6.9498254599162106,5.0612338383876425]},"properties":{"objectid":478,"iso":"gkn","grn_num":23945,"iso_lang_name":"Gokana","grn_name":"Gokana: Bomu","scope":"Dialect","state":"Verified","parent_num":2357,"longitude":6.9112,"latitude":4.8395999999999999,"location":"Nigeria, Rivers"}},{"type":"Feature","id":479,"geometry":{"type":"Point","coordinates":[6.7498453742963385,4.9675177053984418]},"properties":{"objectid":479,"iso":"gkn","grn_num":23946,"iso_lang_name":"Gokana","grn_name":"Gokana: Dere","scope":"Dialect","state":"Verified","parent_num":2357,"longitude":6.9112,"latitude":4.8395999999999999,"location":"Nigeria, Rivers"}},{"type":"Feature","id":480,"geometry":{"type":"Point","coordinates":[6.9262191338247598,4.7886595854340106]},"properties":{"objectid":480,"iso":"gkn","grn_num":23947,"iso_lang_name":"Gokana","grn_name":"Gokana: Kibangha","scope":"Dialect","state":"Verified","parent_num":2357,"longitude":6.9112,"latitude":4.8395999999999999,"location":"Nigeria, Rivers"}},{"type":"Feature","id":481,"geometry":{"type":"Point","coordinates":[9.6309004735833845,9.2184593033425397]},"properties":{"objectid":481,"iso":"glb","grn_num":26199,"iso_lang_name":"Belning","grn_name":"Belning","scope":"ISO_Lang","state":"Verified","parent_num":null,"longitude":9.5179000000000009,"latitude":9.2181999999999995,"location":"Nigeria, Plateau"}},{"type":"Feature","id":482,"geometry":{"type":"Point","coordinates":[9.7210995971011656,10.516732291104477]},"properties":{"objectid":482,"iso":"glo","grn_num":2659,"iso_lang_name":"Galambu","grn_name":"Galambawa","scope":"ISO_Lang","state":"Verified","parent_num":null,"longitude":9.8404000000000007,"latitude":10.305999999999999,"location":"Nigeria, Bauchi"}},{"type":"Feature","id":483,"geometry":{"type":"Point","coordinates":[13.278742779600615,11.811774549742028]},"properties":{"objectid":483,"iso":"glw","grn_num":4428,"iso_lang_name":"Glavda","grn_name":"Glavda","scope":"ISO_Lang","state":"Verified","parent_num":null,"longitude":13.151999999999999,"latitude":11.884600000000001,"location":"Nigeria, Borno"}},{"type":"Feature","id":484,"geometry":{"type":"Point","coordinates":[13.234584305958956,12.035892234646724]},"properties":{"objectid":484,"iso":"glw","grn_num":10263,"iso_lang_name":"Glavda","grn_name":"Glavda: Ngoshie","scope":"Dialect","state":"Verified","parent_num":4428,"longitude":13.151999999999999,"latitude":11.884600000000001,"location":"Nigeria, Borno"}},{"type":"Feature","id":485,"geometry":{"type":"Point","coordinates":[10.924405705002391,7.7663789763978368]},"properties":{"objectid":485,"iso":"gmd","grn_num":13275,"iso_lang_name":"Mághdì","grn_name":"Maghdi","scope":"ISO_Lang","state":"Verified","parent_num":null,"longitude":10.774000000000001,"latitude":7.9993999999999996,"location":"Nigeria, Taraba"}},{"type":"Feature","id":486,"geometry":{"type":"Point","coordinates":[8.8418774213389888,7.3679884726650506]},"properties":{"objectid":486,"iso":"gmz","grn_num":2143,"iso_lang_name":"Mgbolizhia","grn_name":"Ngbo","scope":"ISO_Lang","state":"Verified","parent_num":null,"longitude":8.7403999999999993,"latitude":7.3369,"location":"Nigeria, Benue"}},{"type":"Feature","id":487,"geometry":{"type":"Point","coordinates":[9.3611771853610239,9.4214138173572373]},"properties":{"objectid":487,"iso":"gne","grn_num":20355,"iso_lang_name":"Ganang","grn_name":"Ganang","scope":"ISO_Lang","state":"Verified","parent_num":null,"longitude":9.5179000000000009,"latitude":9.2181999999999995,"location":"Nigeria, Plateau"}},{"type":"Feature","id":488,"geometry":{"type":"Point","coordinates":[7.1658086289791081,8.9889699009652748]},"properties":{"objectid":488,"iso":"gpa","grn_num":2127,"iso_lang_name":"Gupa-Abawa","grn_name":"Abawa: Nganima","scope":"Dialect","state":"Verified","parent_num":10450,"longitude":7.1859999999999999,"latitude":8.8940999999999999,"location":"Nigeria, Abuja Capital Territory"}},{"type":"Feature","id":489,"geometry":{"type":"Point","coordinates":[7.217739532173197,8.8515194610168439]},"properties":{"objectid":489,"iso":"gpa","grn_num":10450,"iso_lang_name":"Gupa-Abawa","grn_name":"Gupa-Abawa","scope":"ISO_Lang","state":"Verified","parent_num":null,"longitude":7.1859999999999999,"latitude":8.8940999999999999,"location":"Nigeria, Abuja Capital Territory"}},{"type":"Feature","id":490,"geometry":{"type":"Point","coordinates":[7.0771663720869666,8.9386818439019589]},"properties":{"objectid":490,"iso":"gpa","grn_num":10452,"iso_lang_name":"Gupa-Abawa","grn_name":"Gupa-Abawa: Gupa","scope":"Dialect","state":"Verified","parent_num":10450,"longitude":7.1859999999999999,"latitude":8.8940999999999999,"location":"Nigeria, Abuja Capital Territory"}},{"type":"Feature","id":491,"geometry":{"type":"Point","coordinates":[12.512145133565076,8.9574717639914621]},"properties":{"objectid":491,"iso":"gqa","grn_num":1787,"iso_lang_name":"Ga'anda","grn_name":"Ga'anda","scope":"ISO_Lang","state":"Verified","parent_num":null,"longitude":12.398400000000001,"latitude":9.3264999999999993,"location":"Nigeria, Adamawa"}},{"type":"Feature","id":492,"geometry":{"type":"Point","coordinates":[12.611227290889012,9.3484780722215195]},"properties":{"objectid":492,"iso":"gqa","grn_num":23949,"iso_lang_name":"Ga'anda","grn_name":"Ga'anda: Gabin","scope":"Dialect","state":"Verified","parent_num":1787,"longitude":12.398400000000001,"latitude":9.3264999999999993,"location":"Nigeria, Adamawa"}},{"type":"Feature","id":493,"geometry":{"type":"Point","coordinates":[12.443995179357239,9.1337276617260255]},"properties":{"objectid":493,"iso":"gqa","grn_num":9962,"iso_lang_name":"Ga'anda","grn_name":"Ga'anda: Kabinda","scope":"Dialect","state":"Verified","parent_num":1787,"longitude":12.398400000000001,"latitude":9.3264999999999993,"location":"Nigeria, Adamawa"}},{"type":"Feature","id":494,"geometry":{"type":"Point","coordinates":[9.930296358010267,10.145731482861413]},"properties":{"objectid":494,"iso":"grd","grn_num":1966,"iso_lang_name":"Guruntum-Mbaaru","grn_name":"Guruntum-Mbaaru","scope":"ISO_Lang","state":"Verified","parent_num":null,"longitude":9.8404000000000007,"latitude":10.305999999999999,"location":"Nigeria, Bauchi"}},{"type":"Feature","id":495,"geometry":{"type":"Point","coordinates":[10.040365913778812,10.148148312345759]},"properties":{"objectid":495,"iso":"grd","grn_num":10480,"iso_lang_name":"Guruntum-Mbaaru","grn_name":"Guruntum-Mbaaru: Dooka","scope":"Dialect","state":"Verified","parent_num":1966,"longitude":9.8404000000000007,"latitude":10.305999999999999,"location":"Nigeria, Bauchi"}},{"type":"Feature","id":496,"geometry":{"type":"Point","coordinates":[9.7564543069723388,10.454221623360979]},"properties":{"objectid":496,"iso":"grd","grn_num":10481,"iso_lang_name":"Guruntum-Mbaaru","grn_name":"Guruntum-Mbaaru: Gar","scope":"Dialect","state":"Verified","parent_num":1966,"longitude":9.8404000000000007,"latitude":10.305999999999999,"location":"Nigeria, Bauchi"}},{"type":"Feature","id":497,"geometry":{"type":"Point","coordinates":[9.7427148271283155,10.298856803036013]},"properties":{"objectid":497,"iso":"grd","grn_num":10482,"iso_lang_name":"Guruntum-Mbaaru","grn_name":"Guruntum-Mbaaru: Gayar","scope":"Dialect","state":"Verified","parent_num":1966,"longitude":9.8404000000000007,"latitude":10.305999999999999,"location":"Nigeria, Bauchi"}},{"type":"Feature","id":498,"geometry":{"type":"Point","coordinates":[9.5374778633478474,10.156660525333924]},"properties":{"objectid":498,"iso":"grd","grn_num":10483,"iso_lang_name":"Guruntum-Mbaaru","grn_name":"Guruntum-Mbaaru: Karakara","scope":"Dialect","state":"Verified","parent_num":1966,"longitude":9.8404000000000007,"latitude":10.305999999999999,"location":"Nigeria, Bauchi"}},{"type":"Feature","id":499,"geometry":{"type":"Point","coordinates":[9.8903989099681375,10.323905563089003]},"properties":{"objectid":499,"iso":"grd","grn_num":10484,"iso_lang_name":"Guruntum-Mbaaru","grn_name":"Guruntum-Mbaaru: Kuuku","scope":"Dialect","state":"Verified","parent_num":1966,"longitude":9.8404000000000007,"latitude":10.305999999999999,"location":"Nigeria, Bauchi"}},{"type":"Feature","id":500,"geometry":{"type":"Point","coordinates":[9.6134372963253352,10.132412132324269]},"properties":{"objectid":500,"iso":"grd","grn_num":10485,"iso_lang_name":"Guruntum-Mbaaru","grn_name":"Guruntum-Mbaaru: Mbaaru","scope":"Dialect","state":"Verified","parent_num":1966,"longitude":9.8404000000000007,"latitude":10.305999999999999,"location":"Nigeria, Bauchi"}},{"type":"Feature","id":501,"geometry":{"type":"Point","coordinates":[7.1739163322534356,10.648277234682856]},"properties":{"objectid":501,"iso":"grh","grn_num":24060,"iso_lang_name":"Tugbiri-Niragu","grn_name":"Tugbiri-Niragu","scope":"ISO_Lang","state":"Verified","parent_num":null,"longitude":7.4408000000000003,"latitude":10.5015,"location":"Nigeria, Kaduna"}},{"type":"Feature","id":502,"geometry":{"type":"Point","coordinates":[7.2723088008314614,10.716977070228378]},"properties":{"objectid":502,"iso":"grh","grn_num":29988,"iso_lang_name":"Tugbiri-Niragu","grn_name":"Tugbiri-Niragu: Kahugu","scope":"Dialect","state":"Verified","parent_num":24060,"longitude":7.4408000000000003,"latitude":10.5015,"location":"Nigeria, Kaduna"}},{"type":"Feature","id":503,"geometry":{"type":"Point","coordinates":[7.730988515732613,10.60522877236343]},"properties":{"objectid":503,"iso":"grh","grn_num":2569,"iso_lang_name":"Tugbiri-Niragu","grn_name":"Tugbiri-Niragu: Niragu","scope":"Dialect","state":"Verified","parent_num":24060,"longitude":7.4408000000000003,"latitude":10.5015,"location":"Nigeria, Kaduna"}},{"type":"Feature","id":504,"geometry":{"type":"Point","coordinates":[7.5222973949374055,10.377019183840726]},"properties":{"objectid":504,"iso":"grh","grn_num":2537,"iso_lang_name":"Tugbiri-Niragu","grn_name":"Tugbiri-Niragu: Tugbri","scope":"Dialect","state":"Verified","parent_num":24060,"longitude":7.4408000000000003,"latitude":10.5015,"location":"Nigeria, Kaduna"}},{"type":"Feature","id":505,"geometry":{"type":"Point","coordinates":[9.8892416993208023,10.442691287912185]},"properties":{"objectid":505,"iso":"gua","grn_num":24069,"iso_lang_name":"Shiki","grn_name":"Shiki","scope":"ISO_Lang","state":"Verified","parent_num":null,"longitude":9.8404000000000007,"latitude":10.305999999999999,"location":"Nigeria, Bauchi"}},{"type":"Feature","id":506,"geometry":{"type":"Point","coordinates":[9.5126056169849793,10.321017895936423]},"properties":{"objectid":506,"iso":"gua","grn_num":2660,"iso_lang_name":"Shiki","grn_name":"Shiki: Gubi","scope":"Dialect","state":"Verified","parent_num":24069,"longitude":9.8404000000000007,"latitude":10.305999999999999,"location":"Nigeria, Bauchi"}},{"type":"Feature","id":507,"geometry":{"type":"Point","coordinates":[10.161953191114977,10.311767700623257]},"properties":{"objectid":507,"iso":"gua","grn_num":16621,"iso_lang_name":"Shiki","grn_name":"Shiki: Guru","scope":"Dialect","state":"Verified","parent_num":24069,"longitude":9.8404000000000007,"latitude":10.305999999999999,"location":"Nigeria, Bauchi"}},{"type":"Feature","id":508,"geometry":{"type":"Point","coordinates":[3.3449938393223237,6.5682144408098262]},"properties":{"objectid":508,"iso":"guw","grn_num":10437,"iso_lang_name":"Gun","grn_name":"Gun: Gbekon","scope":"Dialect","state":"Verified","parent_num":2751,"longitude":3.2999999999999998,"latitude":6.54,"location":"Nigeria, Lagos"}},{"type":"Feature","id":509,"geometry":null,"properties":{"objectid":509,"iso":"gvm","grn_num":10478,"iso_lang_name":"Gurmana","grn_name":"Gurmana","scope":"ISO_Lang","state":"Verified","parent_num":null,"longitude":null,"latitude":null,"location":"Nigeria, Niger","shape":null}},{"type":"Feature","id":510,"geometry":{"type":"Point","coordinates":[9.6865757327481159,10.162780493951011]},"properties":{"objectid":510,"iso":"gwb","grn_num":10493,"iso_lang_name":"Gwa","grn_name":"Gwa","scope":"ISO_Lang","state":"Verified","parent_num":null,"longitude":9.8404000000000007,"latitude":10.305999999999999,"location":"Nigeria, Bauchi"}},{"type":"Feature","id":511,"geometry":{"type":"Point","coordinates":[10.873957019332174,7.7452282728004365]},"properties":{"objectid":511,"iso":"gwg","grn_num":14269,"iso_lang_name":"Moo","grn_name":"Moo","scope":"ISO_Lang","state":"Verified","parent_num":null,"longitude":10.774000000000001,"latitude":7.9993999999999996,"location":"Nigeria, Taraba"}},{"type":"Feature","id":512,"geometry":{"type":"Point","coordinates":[7.2970983752387495,8.862472868196889]},"properties":{"objectid":512,"iso":"gwn","grn_num":2129,"iso_lang_name":"Gwandara","grn_name":"Gwandara","scope":"ISO_Lang","state":"Verified","parent_num":null,"longitude":7.1859999999999999,"latitude":8.8940999999999999,"location":"Nigeria, Abuja Capital Territory"}},{"type":"Feature","id":513,"geometry":{"type":"Point","coordinates":[7.1166079116476801,8.9742467873619436]},"properties":{"objectid":513,"iso":"gwn","grn_num":10498,"iso_lang_name":"Gwandara","grn_name":"Gwandara: Eastern","scope":"Dialect","state":"Verified","parent_num":2129,"longitude":7.1859999999999999,"latitude":8.8940999999999999,"location":"Nigeria, Abuja Capital Territory"}},{"type":"Feature","id":514,"geometry":{"type":"Point","coordinates":[7.3430438270509359,8.8891096027726757]},"properties":{"objectid":514,"iso":"gwn","grn_num":10499,"iso_lang_name":"Gwandara","grn_name":"Gwandara: Gitata","scope":"Dialect","state":"Verified","parent_num":2129,"longitude":7.1859999999999999,"latitude":8.8940999999999999,"location":"Nigeria, Abuja Capital Territory"}},{"type":"Feature","id":515,"geometry":{"type":"Point","coordinates":[7.0859615722178892,8.7727039959415798]},"properties":{"objectid":515,"iso":"gwn","grn_num":10500,"iso_lang_name":"Gwandara","grn_name":"Gwandara: Karashi","scope":"Dialect","state":"Verified","parent_num":2129,"longitude":7.1859999999999999,"latitude":8.8940999999999999,"location":"Nigeria, Abuja Capital Territory"}},{"type":"Feature","id":516,"geometry":{"type":"Point","coordinates":[7.1843545124114581,8.7304610953915844]},"properties":{"objectid":516,"iso":"gwn","grn_num":10501,"iso_lang_name":"Gwandara","grn_name":"Gwandara: Koro","scope":"Dialect","state":"Verified","parent_num":2129,"longitude":7.1859999999999999,"latitude":8.8940999999999999,"location":"Nigeria, Abuja Capital Territory"}},{"type":"Feature","id":517,"geometry":{"type":"Point","coordinates":[7.1859999996365236,8.8940999997005417]},"properties":{"objectid":517,"iso":"gwn","grn_num":20824,"iso_lang_name":"Gwandara","grn_name":"Gwandara: Nimbia","scope":"Dialect","state":"Verified","parent_num":2129,"longitude":7.1859999999999999,"latitude":8.8940999999999999,"location":"Nigeria, Abuja Capital Territory"}},{"type":"Feature","id":518,"geometry":{"type":"Point","coordinates":[7.2298354669497797,8.7391225398733745]},"properties":{"objectid":518,"iso":"gwn","grn_num":4756,"iso_lang_name":"Gwandara","grn_name":"Gwandara: Nisaba","scope":"Dialect","state":"Verified","parent_num":2129,"longitude":7.1859999999999999,"latitude":8.8940999999999999,"location":"Nigeria, Abuja Capital Territory"}},{"type":"Feature","id":519,"geometry":{"type":"Point","coordinates":[7.2568681561810715,8.8946182834032079]},"properties":{"objectid":519,"iso":"gwn","grn_num":10502,"iso_lang_name":"Gwandara","grn_name":"Gwandara: Southern","scope":"Dialect","state":"Verified","parent_num":2129,"longitude":7.1859999999999999,"latitude":8.8940999999999999,"location":"Nigeria, Abuja Capital Territory"}},{"type":"Feature","id":520,"geometry":{"type":"Point","coordinates":[7.1337731734215248,8.7646091311573038]},"properties":{"objectid":520,"iso":"gwn","grn_num":2130,"iso_lang_name":"Gwandara","grn_name":"Kenkera","scope":"Dialect","state":"Verified","parent_num":2129,"longitude":7.1859999999999999,"latitude":8.8940999999999999,"location":"Nigeria, Abuja Capital Territory"}},{"type":"Feature","id":521,"geometry":{"type":"Point","coordinates":[11.01193045857943,7.9761797340099418]},"properties":{"objectid":521,"iso":"gya","grn_num":2589,"iso_lang_name":"Gbaya, Northwest","grn_name":"Baya: Nigeria","scope":"Dialect","state":"Verified","parent_num":23036,"longitude":10.774000000000001,"latitude":7.9993999999999996,"location":"Nigeria, Taraba"}},{"type":"Feature","id":522,"geometry":{"type":"Point","coordinates":[9.7175771573450564,10.569723730308333]},"properties":{"objectid":522,"iso":"gye","grn_num":4991,"iso_lang_name":"Gyem","grn_name":"Gyam","scope":"ISO_Lang","state":"Verified","parent_num":null,"longitude":9.8404000000000007,"latitude":10.305999999999999,"location":"Nigeria, Bauchi"}},{"type":"Feature","id":523,"geometry":{"type":"Point","coordinates":[9.8667080973242065,10.016536981660931]},"properties":{"objectid":523,"iso":"gyz","grn_num":4992,"iso_lang_name":"Gyaazi","grn_name":"Gyaazi","scope":"ISO_Lang","state":"Verified","parent_num":null,"longitude":9.8404000000000007,"latitude":10.305999999999999,"location":"Nigeria, Bauchi"}},{"type":"Feature","id":524,"geometry":{"type":"Point","coordinates":[9.9619721838236153,10.063395189374551]},"properties":{"objectid":524,"iso":"gyz","grn_num":27442,"iso_lang_name":"Gyaazi","grn_name":"Gyazzi: Fyalu","scope":"Dialect","state":"Verified","parent_num":4992,"longitude":9.8404000000000007,"latitude":10.305999999999999,"location":"Nigeria, Bauchi"}},{"type":"Feature","id":525,"geometry":{"type":"Point","coordinates":[9.756895566626417,10.020626974874277]},"properties":{"objectid":525,"iso":"gyz","grn_num":10144,"iso_lang_name":"Gyaazi","grn_name":"Gyazzi: Mugan","scope":"Dialect","state":"Verified","parent_num":4992,"longitude":9.8404000000000007,"latitude":10.305999999999999,"location":"Nigeria, Bauchi"}},{"type":"Feature","id":526,"geometry":{"type":"Point","coordinates":[8.6632987532339172,9.0383864386018775]},"properties":{"objectid":526,"iso":"hau","grn_num":4519,"iso_lang_name":"Hausa","grn_name":"Hausa","scope":"ISO_Lang","state":"Verified","parent_num":null,"longitude":8.6999999999999993,"latitude":9,"location":"Nigeria"}},{"type":"Feature","id":527,"geometry":{"type":"Point","coordinates":[8.5718637949218746,9.0055317975923792]},"properties":{"objectid":527,"iso":"hau","grn_num":10582,"iso_lang_name":"Hausa","grn_name":"Hausa: Adarawa","scope":"Dialect","state":"Verified","parent_num":4519,"longitude":8.6999999999999993,"latitude":9,"location":"Nigeria"}},{"type":"Feature","id":528,"geometry":{"type":"Point","coordinates":[8.7348925814414127,9.0400375828392701]},"properties":{"objectid":528,"iso":"hau","grn_num":10584,"iso_lang_name":"Hausa","grn_name":"Hausa: Arewa","scope":"Dialect","state":"Verified","parent_num":4519,"longitude":8.6999999999999993,"latitude":9,"location":"Nigeria"}},{"type":"Feature","id":529,"geometry":{"type":"Point","coordinates":[8.7059392653865952,8.941566303855895]},"properties":{"objectid":529,"iso":"hau","grn_num":10588,"iso_lang_name":"Hausa","grn_name":"Hausa: Gobirawa","scope":"Dialect","state":"Unverified","parent_num":4519,"longitude":8.6999999999999993,"latitude":9,"location":"Nigeria"}},{"type":"Feature","id":530,"geometry":{"type":"Point","coordinates":[8.7594056193699199,8.9726673851985552]},"properties":{"objectid":530,"iso":"hau","grn_num":10589,"iso_lang_name":"Hausa","grn_name":"Hausa: Hadejiya","scope":"Dialect","state":"Unverified","parent_num":4519,"longitude":8.6999999999999993,"latitude":9,"location":"Nigeria"}},{"type":"Feature","id":531,"geometry":{"type":"Point","coordinates":[8.5920000000376664,12.002200000117172]},"properties":{"objectid":531,"iso":"hau","grn_num":1068,"iso_lang_name":"Hausa","grn_name":"Hausa: Kano","scope":"Dialect","state":"Verified","parent_num":4519,"longitude":8.5920000000000005,"latitude":12.0022,"location":"Nigeria, Kano"}},{"type":"Feature","id":532,"geometry":{"type":"Point","coordinates":[8.6608739020413879,8.9067794440915797]},"properties":{"objectid":532,"iso":"hau","grn_num":10590,"iso_lang_name":"Hausa","grn_name":"Hausa: Katagum","scope":"Dialect","state":"Unverified","parent_num":4519,"longitude":8.6999999999999993,"latitude":9,"location":"Nigeria"}},{"type":"Feature","id":533,"geometry":{"type":"Point","coordinates":[8.6999664676737716,9.0781460829257039]},"properties":{"objectid":533,"iso":"hau","grn_num":10592,"iso_lang_name":"Hausa","grn_name":"Hausa: Kebbawa","scope":"Dialect","state":"Unverified","parent_num":4519,"longitude":8.6999999999999993,"latitude":9,"location":"Nigeria"}},{"type":"Feature","id":534,"geometry":{"type":"Point","coordinates":[5.2476000001187222,13.005899999709197]},"properties":{"objectid":534,"iso":"hau","grn_num":2004,"iso_lang_name":"Hausa","grn_name":"Hausa: Sokoto","scope":"Dialect","state":"Verified","parent_num":4519,"longitude":5.2476000000000003,"latitude":13.0059,"location":"Nigeria, Sokoto"}},{"type":"Feature","id":535,"geometry":{"type":"Point","coordinates":[6.2235999999908707,12.122199999772965]},"properties":{"objectid":535,"iso":"hau","grn_num":10594,"iso_lang_name":"Hausa","grn_name":"Hausa: Zamfarawa","scope":"Dialect","state":"Unverified","parent_num":4519,"longitude":6.2236000000000002,"latitude":12.122199999999999,"location":"Nigeria, Zamfara"}},{"type":"Feature","id":536,"geometry":{"type":"Point","coordinates":[12.111762616699538,9.3097786302411389]},"properties":{"objectid":536,"iso":"hbb","grn_num":1779,"iso_lang_name":"Huba","grn_name":"Nya Huba","scope":"ISO_Lang","state":"Verified","parent_num":null,"longitude":12.398400000000001,"latitude":9.3264999999999993,"location":"Nigeria, Adamawa"}},{"type":"Feature","id":537,"geometry":{"type":"Point","coordinates":[13.049888863557198,12.044941850346964]},"properties":{"objectid":537,"iso":"hia","grn_num":4429,"iso_lang_name":"Lamang","grn_name":"Lamang","scope":"ISO_Lang","state":"Verified","parent_num":null,"longitude":13.151999999999999,"latitude":11.884600000000001,"location":"Nigeria, Borno"}},{"type":"Feature","id":538,"geometry":{"type":"Point","coordinates":[13.201553341895094,11.652705007252361]},"properties":{"objectid":538,"iso":"hia","grn_num":12727,"iso_lang_name":"Lamang","grn_name":"Lamang: Ghudavan","scope":"Dialect","state":"Verified","parent_num":4429,"longitude":13.151999999999999,"latitude":11.884600000000001,"location":"Nigeria, Borno"}},{"type":"Feature","id":539,"geometry":{"type":"Point","coordinates":[13.238238000357835,11.800129275987663]},"properties":{"objectid":539,"iso":"hia","grn_num":1767,"iso_lang_name":"Lamang","grn_name":"Lamang: Ghumbagha","scope":"Dialect","state":"Verified","parent_num":4429,"longitude":13.151999999999999,"latitude":11.884600000000001,"location":"Nigeria, Borno"}},{"type":"Feature","id":540,"geometry":{"type":"Point","coordinates":[12.974675557779962,11.95066089741271]},"properties":{"objectid":540,"iso":"hia","grn_num":12726,"iso_lang_name":"Lamang","grn_name":"Lamang: Zaladva","scope":"Dialect","state":"Verified","parent_num":4429,"longitude":13.151999999999999,"latitude":11.884600000000001,"location":"Nigeria, Borno"}},{"type":"Feature","id":541,"geometry":{"type":"Point","coordinates":[12.580042156324856,9.2019589768428887]},"properties":{"objectid":541,"iso":"hig","grn_num":11491,"iso_lang_name":"Kamwe","grn_name":"Kamwe","scope":"ISO_Lang","state":"Verified","parent_num":null,"longitude":12.398400000000001,"latitude":9.3264999999999993,"location":"Nigeria, Adamawa"}},{"type":"Feature","id":542,"geometry":{"type":"Point","coordinates":[12.332543790102868,9.5543562650311067]},"properties":{"objectid":542,"iso":"hig","grn_num":1784,"iso_lang_name":"Kamwe","grn_name":"Kamwe: Bazza","scope":"Dialect","state":"Verified","parent_num":11491,"longitude":12.398400000000001,"latitude":9.3264999999999993,"location":"Nigeria, Adamawa"}},{"type":"Feature","id":543,"geometry":{"type":"Point","coordinates":[12.426890023859052,9.2237444686010512]},"properties":{"objectid":543,"iso":"hig","grn_num":23856,"iso_lang_name":"Kamwe","grn_name":"Kamwe: Humsi","scope":"Dialect","state":"Verified","parent_num":11491,"longitude":12.398400000000001,"latitude":9.3264999999999993,"location":"Nigeria, Adamawa"}},{"type":"Feature","id":544,"geometry":{"type":"Point","coordinates":[12.281915221288573,9.2250201615816572]},"properties":{"objectid":544,"iso":"hig","grn_num":23855,"iso_lang_name":"Kamwe","grn_name":"Kamwe: Modi","scope":"Dialect","state":"Verified","parent_num":11491,"longitude":12.398400000000001,"latitude":9.3264999999999993,"location":"Nigeria, Adamawa"}},{"type":"Feature","id":545,"geometry":{"type":"Point","coordinates":[12.370379392565527,9.4729502179727323]},"properties":{"objectid":545,"iso":"hig","grn_num":4438,"iso_lang_name":"Kamwe","grn_name":"Kamwe: Nkafa","scope":"Dialect","state":"Verified","parent_num":11491,"longitude":12.398400000000001,"latitude":9.3264999999999993,"location":"Nigeria, Adamawa"}},{"type":"Feature","id":546,"geometry":{"type":"Point","coordinates":[12.441769154083218,9.5499529149059086]},"properties":{"objectid":546,"iso":"hig","grn_num":11495,"iso_lang_name":"Kamwe","grn_name":"Kamwe: Sina","scope":"Dialect","state":"Verified","parent_num":11491,"longitude":12.398400000000001,"latitude":9.3264999999999993,"location":"Nigeria, Adamawa"}},{"type":"Feature","id":547,"geometry":{"type":"Point","coordinates":[9.0872081500854662,9.3382721473091621]},"properties":{"objectid":547,"iso":"hoe","grn_num":2564,"iso_lang_name":"Horom","grn_name":"Horom","scope":"ISO_Lang","state":"Verified","parent_num":null,"longitude":9.5179000000000009,"latitude":9.2181999999999995,"location":"Nigeria, Plateau"}},{"type":"Feature","id":548,"geometry":{"type":"Point","coordinates":[12.527431883332547,9.3498495623917517]},"properties":{"objectid":548,"iso":"hwo","grn_num":1780,"iso_lang_name":"Hwana","grn_name":"Whana","scope":"ISO_Lang","state":"Verified","parent_num":null,"longitude":12.398400000000001,"latitude":9.3264999999999993,"location":"Nigeria, Adamawa"}},{"type":"Feature","id":549,"geometry":{"type":"Point","coordinates":[7.6794947273658947,5.5228499448106563]},"properties":{"objectid":549,"iso":"ibb","grn_num":4546,"iso_lang_name":"Ibibio","grn_name":"Beebo","scope":"Dialect","state":"Verified","parent_num":2376,"longitude":7.5247999999999999,"latitude":5.4527000000000001,"location":"Nigeria, Abia"}},{"type":"Feature","id":550,"geometry":{"type":"Point","coordinates":[7.4177008933092692,5.3465792372861927]},"properties":{"objectid":550,"iso":"ibb","grn_num":2376,"iso_lang_name":"Ibibio","grn_name":"Ibibio","scope":"ISO_Lang","state":"Verified","parent_num":null,"longitude":7.5247999999999999,"latitude":5.4527000000000001,"location":"Nigeria, Abia"}},{"type":"Feature","id":551,"geometry":{"type":"Point","coordinates":[7.3849178238396673,5.5107615836902113]},"properties":{"objectid":551,"iso":"ibb","grn_num":10770,"iso_lang_name":"Ibibio","grn_name":"Ibibio: Central","scope":"Dialect","state":"Verified","parent_num":2376,"longitude":7.5247999999999999,"latitude":5.4527000000000001,"location":"Nigeria, Abia"}},{"type":"Feature","id":552,"geometry":{"type":"Point","coordinates":[7.4785056100014389,5.4787255575613747]},"properties":{"objectid":552,"iso":"ibb","grn_num":10772,"iso_lang_name":"Ibibio","grn_name":"Ibibio: Itak","scope":"Dialect","state":"Verified","parent_num":2376,"longitude":7.5247999999999999,"latitude":5.4527000000000001,"location":"Nigeria, Abia"}},{"type":"Feature","id":553,"geometry":{"type":"Point","coordinates":[7.5110668360200723,5.5206810923838496]},"properties":{"objectid":553,"iso":"ibb","grn_num":10773,"iso_lang_name":"Ibibio","grn_name":"Ibibio: Nsit","scope":"Dialect","state":"Verified","parent_num":2376,"longitude":7.5247999999999999,"latitude":5.4527000000000001,"location":"Nigeria, Abia"}},{"type":"Feature","id":554,"geometry":{"type":"Point","coordinates":[4.6879447047518727,7.112850998755313]},"properties":{"objectid":554,"iso":"ibe","grn_num":6833,"iso_lang_name":"Akpes","grn_name":"Akpes","scope":"ISO_Lang","state":"Verified","parent_num":null,"longitude":4.8417000000000003,"latitude":7.0999999999999996,"location":"Nigeria, Ondo"}},{"type":"Feature","id":555,"geometry":{"type":"Point","coordinates":[4.965364548122789,6.9158823138813625]},"properties":{"objectid":555,"iso":"ibe","grn_num":6834,"iso_lang_name":"Akpes","grn_name":"Akpes: Akunnu","scope":"Dialect","state":"Verified","parent_num":6833,"longitude":4.8417000000000003,"latitude":7.0999999999999996,"location":"Nigeria, Ondo"}},{"type":"Feature","id":556,"geometry":{"type":"Point","coordinates":[4.930565058182645,6.8763031331568136]},"properties":{"objectid":556,"iso":"ibe","grn_num":6835,"iso_lang_name":"Akpes","grn_name":"Akpes: Ase","scope":"Dialect","state":"Verified","parent_num":6833,"longitude":4.8417000000000003,"latitude":7.0999999999999996,"location":"Nigeria, Ondo"}},{"type":"Feature","id":557,"geometry":{"type":"Point","coordinates":[4.8430676268649906,7.1823058059836784]},"properties":{"objectid":557,"iso":"ibe","grn_num":6836,"iso_lang_name":"Akpes","grn_name":"Akpes: Daja","scope":"Dialect","state":"Verified","parent_num":6833,"longitude":4.8417000000000003,"latitude":7.0999999999999996,"location":"Nigeria, Ondo"}},{"type":"Feature","id":558,"geometry":{"type":"Point","coordinates":[4.8280296250912889,7.0399785006946827]},"properties":{"objectid":558,"iso":"ibe","grn_num":6837,"iso_lang_name":"Akpes","grn_name":"Akpes: Efifa","scope":"Dialect","state":"Verified","parent_num":6833,"longitude":4.8417000000000003,"latitude":7.0999999999999996,"location":"Nigeria, Ondo"}},{"type":"Feature","id":559,"geometry":{"type":"Point","coordinates":[4.8493234657575117,6.9913259305754876]},"properties":{"objectid":559,"iso":"ibe","grn_num":6838,"iso_lang_name":"Akpes","grn_name":"Akpes: Esuku","scope":"Dialect","state":"Verified","parent_num":6833,"longitude":4.8417000000000003,"latitude":7.0999999999999996,"location":"Nigeria, Ondo"}},{"type":"Feature","id":560,"geometry":{"type":"Point","coordinates":[4.768456174361841,7.1184286179580427]},"properties":{"objectid":560,"iso":"ibe","grn_num":6839,"iso_lang_name":"Akpes","grn_name":"Akpes: Gedegede","scope":"Dialect","state":"Verified","parent_num":6833,"longitude":4.8417000000000003,"latitude":7.0999999999999996,"location":"Nigeria, Ondo"}},{"type":"Feature","id":561,"geometry":{"type":"Point","coordinates":[4.6855404267759706,7.164963242616623]},"properties":{"objectid":561,"iso":"ibe","grn_num":6840,"iso_lang_name":"Akpes","grn_name":"Akpes: Ibaram","scope":"Dialect","state":"Verified","parent_num":6833,"longitude":4.8417000000000003,"latitude":7.0999999999999996,"location":"Nigeria, Ondo"}},{"type":"Feature","id":562,"geometry":{"type":"Point","coordinates":[4.8987357111855374,7.1798429019131831]},"properties":{"objectid":562,"iso":"ibe","grn_num":6841,"iso_lang_name":"Akpes","grn_name":"Akpes: Ikorom","scope":"Dialect","state":"Verified","parent_num":6833,"longitude":4.8417000000000003,"latitude":7.0999999999999996,"location":"Nigeria, Ondo"}},{"type":"Feature","id":563,"geometry":{"type":"Point","coordinates":[4.8417000002354298,7.1000000002442194]},"properties":{"objectid":563,"iso":"ibe","grn_num":6842,"iso_lang_name":"Akpes","grn_name":"Akpes: Iyani","scope":"Dialect","state":"Verified","parent_num":6833,"longitude":4.8417000000000003,"latitude":7.0999999999999996,"location":"Nigeria, Ondo"}},{"type":"Feature","id":564,"geometry":{"type":"Point","coordinates":[8.4902919018482415,5.8202591872562639]},"properties":{"objectid":564,"iso":"ibm","grn_num":6736,"iso_lang_name":"Robambami","grn_name":"Agoi: Iko","scope":"Dialect","state":"Verified","parent_num":2949,"longitude":8.5,"latitude":5.75,"location":"Nigeria, Cross River"}},{"type":"Feature","id":565,"geometry":{"type":"Point","coordinates":[8.6481320318631205,5.5425080749787954]},"properties":{"objectid":565,"iso":"ibm","grn_num":2949,"iso_lang_name":"Robambami","grn_name":"Robambami","scope":"ISO_Lang","state":"Verified","parent_num":null,"longitude":8.5,"latitude":5.75,"location":"Nigeria, Cross River"}},{"type":"Feature","id":566,"geometry":{"type":"Point","coordinates":[7.9617422554142081,4.8733698586221887]},"properties":{"objectid":566,"iso":"ibn","grn_num":10775,"iso_lang_name":"Ibino","grn_name":"Ibino","scope":"ISO_Lang","state":"Verified","parent_num":null,"longitude":7.8536999999999999,"latitude":4.9057000000000004,"location":"Nigeria, Akwa Ibom"}},{"type":"Feature","id":567,"geometry":{"type":"Point","coordinates":[7.4554079118204948,5.53284678658044]},"properties":{"objectid":567,"iso":"ibo","grn_num":10812,"iso_lang_name":"Igbo","grn_name":"Igbo","scope":"ISO_Lang","state":"Verified","parent_num":null,"longitude":7.5247999999999999,"latitude":5.4527000000000001,"location":"Nigeria, Abia"}},{"type":"Feature","id":568,"geometry":{"type":"Point","coordinates":[7.5873764080407939,5.2394190560826415]},"properties":{"objectid":568,"iso":"ibo","grn_num":10813,"iso_lang_name":"Igbo","grn_name":"Igbo: Afikpo","scope":"Dialect","state":"Verified","parent_num":10812,"longitude":7.5247999999999999,"latitude":5.4527000000000001,"location":"Nigeria, Abia"}},{"type":"Feature","id":569,"geometry":{"type":"Point","coordinates":[7.581835710759445,5.5325429020776591]},"properties":{"objectid":569,"iso":"ibo","grn_num":30144,"iso_lang_name":"Igbo","grn_name":"Igbo: Akaeze","scope":"Dialect","state":"Unverified","parent_num":10812,"longitude":7.5247999999999999,"latitude":5.4527000000000001,"location":"Nigeria, Abia"}},{"type":"Feature","id":570,"geometry":{"type":"Point","coordinates":[7.4350316615894103,5.4931802438911728]},"properties":{"objectid":570,"iso":"ibo","grn_num":23951,"iso_lang_name":"Igbo","grn_name":"Igbo: Anicha","scope":"Dialect","state":"Verified","parent_num":10812,"longitude":7.5247999999999999,"latitude":5.4527000000000001,"location":"Nigeria, Abia"}},{"type":"Feature","id":571,"geometry":{"type":"Point","coordinates":[7.5699823516522748,5.3098636337859313]},"properties":{"objectid":571,"iso":"ibo","grn_num":2247,"iso_lang_name":"Igbo","grn_name":"Igbo: Asaa","scope":"Dialect","state":"Verified","parent_num":10812,"longitude":7.5247999999999999,"latitude":5.4527000000000001,"location":"Nigeria, Abia"}},{"type":"Feature","id":572,"geometry":{"type":"Point","coordinates":[7.5596925812640272,5.4927375830839118]},"properties":{"objectid":572,"iso":"ibo","grn_num":10815,"iso_lang_name":"Igbo","grn_name":"Igbo: Bonny-Opobo","scope":"Dialect","state":"Verified","parent_num":10812,"longitude":7.5247999999999999,"latitude":5.4527000000000001,"location":"Nigeria, Abia"}},{"type":"Feature","id":573,"geometry":{"type":"Point","coordinates":[7.4742810030018036,5.3429270613551845]},"properties":{"objectid":573,"iso":"ibo","grn_num":30219,"iso_lang_name":"Igbo","grn_name":"Igbo: Edda","scope":"Dialect","state":"Unverified","parent_num":10812,"longitude":7.5247999999999999,"latitude":5.4527000000000001,"location":"Nigeria, Abia"}},{"type":"Feature","id":574,"geometry":{"type":"Point","coordinates":[7.4378067506398526,5.3043248694010341]},"properties":{"objectid":574,"iso":"ibo","grn_num":10817,"iso_lang_name":"Igbo","grn_name":"Igbo: Egbema","scope":"Dialect","state":"Verified","parent_num":10812,"longitude":7.5247999999999999,"latitude":5.4527000000000001,"location":"Nigeria, Abia"}},{"type":"Feature","id":575,"geometry":{"type":"Point","coordinates":[7.4401870220380566,5.4452101462655502]},"properties":{"objectid":575,"iso":"ibo","grn_num":10814,"iso_lang_name":"Igbo","grn_name":"Igbo: Enuani","scope":"Dialect","state":"Verified","parent_num":10812,"longitude":7.5247999999999999,"latitude":5.4527000000000001,"location":"Nigeria, Abia"}},{"type":"Feature","id":576,"geometry":{"type":"Point","coordinates":[7.5402018659855239,5.2638129659671149]},"properties":{"objectid":576,"iso":"ibo","grn_num":10816,"iso_lang_name":"Igbo","grn_name":"Igbo: Etche","scope":"Dialect","state":"Verified","parent_num":10812,"longitude":7.5247999999999999,"latitude":5.4527000000000001,"location":"Nigeria, Abia"}},{"type":"Feature","id":577,"geometry":{"type":"Point","coordinates":[7.4379876192357814,5.3956602821748385]},"properties":{"objectid":577,"iso":"ibo","grn_num":27443,"iso_lang_name":"Igbo","grn_name":"Igbo: Ghudavan","scope":"Dialect","state":"Verified","parent_num":10812,"longitude":7.5247999999999999,"latitude":5.4527000000000001,"location":"Nigeria, Abia"}},{"type":"Feature","id":578,"geometry":{"type":"Point","coordinates":[7.4874843655893102,5.414910534831777]},"properties":{"objectid":578,"iso":"ibo","grn_num":30141,"iso_lang_name":"Igbo","grn_name":"Igbo: Iburu","scope":"Dialect","state":"Unverified","parent_num":10812,"longitude":7.5247999999999999,"latitude":5.4527000000000001,"location":"Nigeria, Abia"}},{"type":"Feature","id":579,"geometry":{"type":"Point","coordinates":[7.5620367799137185,5.4148328321123422]},"properties":{"objectid":579,"iso":"ibo","grn_num":30143,"iso_lang_name":"Igbo","grn_name":"Igbo: Isiagu","scope":"Dialect","state":"Unverified","parent_num":10812,"longitude":7.5247999999999999,"latitude":5.4527000000000001,"location":"Nigeria, Abia"}},{"type":"Feature","id":580,"geometry":{"type":"Point","coordinates":[7.5186474698694479,5.3719063348204914]},"properties":{"objectid":580,"iso":"ibo","grn_num":10818,"iso_lang_name":"Igbo","grn_name":"Igbo: Mbaisne","scope":"Dialect","state":"Verified","parent_num":10812,"longitude":7.5247999999999999,"latitude":5.4527000000000001,"location":"Nigeria, Abia"}},{"type":"Feature","id":581,"geometry":{"type":"Point","coordinates":[7.6080947115792688,5.3973694128436165]},"properties":{"objectid":581,"iso":"ibo","grn_num":10819,"iso_lang_name":"Igbo","grn_name":"Igbo: Ngwa","scope":"Dialect","state":"Verified","parent_num":10812,"longitude":7.5247999999999999,"latitude":5.4527000000000001,"location":"Nigeria, Abia"}},{"type":"Feature","id":582,"geometry":{"type":"Point","coordinates":[7.6362693760306577,5.4919943260908584]},"properties":{"objectid":582,"iso":"ibo","grn_num":10820,"iso_lang_name":"Igbo","grn_name":"Igbo: Nsa","scope":"Dialect","state":"Verified","parent_num":10812,"longitude":7.5247999999999999,"latitude":5.4527000000000001,"location":"Nigeria, Abia"}},{"type":"Feature","id":583,"geometry":{"type":"Point","coordinates":[7.5399416869297884,5.5651832296149122]},"properties":{"objectid":583,"iso":"ibo","grn_num":10821,"iso_lang_name":"Igbo","grn_name":"Igbo: Nsuka","scope":"Dialect","state":"Verified","parent_num":10812,"longitude":7.5247999999999999,"latitude":5.4527000000000001,"location":"Nigeria, Abia"}},{"type":"Feature","id":584,"geometry":{"type":"Point","coordinates":[7.5247999998093373,5.4526999996587833]},"properties":{"objectid":584,"iso":"ibo","grn_num":10822,"iso_lang_name":"Igbo","grn_name":"Igbo: Oguta","scope":"Dialect","state":"Verified","parent_num":10812,"longitude":7.5247999999999999,"latitude":5.4527000000000001,"location":"Nigeria, Abia"}},{"type":"Feature","id":585,"geometry":{"type":"Point","coordinates":[7.6156169908677613,5.2826978494351078]},"properties":{"objectid":585,"iso":"ibo","grn_num":2385,"iso_lang_name":"Igbo","grn_name":"Igbo: Ohafia","scope":"Dialect","state":"Verified","parent_num":10812,"longitude":7.5247999999999999,"latitude":5.4527000000000001,"location":"Nigeria, Abia"}},{"type":"Feature","id":586,"geometry":{"type":"Point","coordinates":[7.5702501421334167,5.3601096663216472]},"properties":{"objectid":586,"iso":"ibo","grn_num":10824,"iso_lang_name":"Igbo","grn_name":"Igbo: Oka","scope":"Dialect","state":"Verified","parent_num":10812,"longitude":7.5247999999999999,"latitude":5.4527000000000001,"location":"Nigeria, Abia"}},{"type":"Feature","id":587,"geometry":{"type":"Point","coordinates":[7.5250827562231235,5.32762323184319]},"properties":{"objectid":587,"iso":"ibo","grn_num":10826,"iso_lang_name":"Igbo","grn_name":"Igbo: Olu","scope":"Dialect","state":"Verified","parent_num":10812,"longitude":7.5247999999999999,"latitude":5.4527000000000001,"location":"Nigeria, Abia"}},{"type":"Feature","id":588,"geometry":{"type":"Point","coordinates":[7.4910100644332882,5.2868856343547739]},"properties":{"objectid":588,"iso":"ibo","grn_num":30142,"iso_lang_name":"Igbo","grn_name":"Igbo: Onicha","scope":"Dialect","state":"Unverified","parent_num":10812,"longitude":7.5247999999999999,"latitude":5.4527000000000001,"location":"Nigeria, Abia"}},{"type":"Feature","id":589,"geometry":{"type":"Point","coordinates":[7.6497445194157798,5.4303207979483581]},"properties":{"objectid":589,"iso":"ibo","grn_num":10827,"iso_lang_name":"Igbo","grn_name":"Igbo: Owere","scope":"Dialect","state":"Verified","parent_num":10812,"longitude":7.5247999999999999,"latitude":5.4527000000000001,"location":"Nigeria, Abia"}},{"type":"Feature","id":590,"geometry":{"type":"Point","coordinates":[7.6205556058046646,5.3560134845634684]},"properties":{"objectid":590,"iso":"ibo","grn_num":10828,"iso_lang_name":"Igbo","grn_name":"Igbo: Umuahia","scope":"Dialect","state":"Verified","parent_num":10812,"longitude":7.5247999999999999,"latitude":5.4527000000000001,"location":"Nigeria, Abia"}},{"type":"Feature","id":591,"geometry":{"type":"Point","coordinates":[7.5189435842314722,5.6038381563308963]},"properties":{"objectid":591,"iso":"ibo","grn_num":364,"iso_lang_name":"Igbo","grn_name":"Igbo: Union","scope":"Dialect","state":"Verified","parent_num":10812,"longitude":7.5247999999999999,"latitude":5.4527000000000001,"location":"Nigeria, Abia"}},{"type":"Feature","id":592,"geometry":{"type":"Point","coordinates":[7.5978240959677965,5.4557715469511967]},"properties":{"objectid":592,"iso":"ibo","grn_num":10829,"iso_lang_name":"Igbo","grn_name":"Igbo: Unwana","scope":"Dialect","state":"Verified","parent_num":10812,"longitude":7.5247999999999999,"latitude":5.4527000000000001,"location":"Nigeria, Abia"}},{"type":"Feature","id":593,"geometry":{"type":"Point","coordinates":[7.9274783832672968,4.9294939327013667]},"properties":{"objectid":593,"iso":"ibr","grn_num":10777,"iso_lang_name":"Ibuoro","grn_name":"Ibuoro","scope":"ISO_Lang","state":"Verified","parent_num":null,"longitude":7.8536999999999999,"latitude":4.9057000000000004,"location":"Nigeria, Akwa Ibom"}},{"type":"Feature","id":594,"geometry":{"type":"Point","coordinates":[6.9546487949509954,5.0137541233706147]},"properties":{"objectid":594,"iso":"iby","grn_num":2394,"iso_lang_name":"Ibani","grn_name":"Ibani","scope":"ISO_Lang","state":"Verified","parent_num":null,"longitude":6.9112,"latitude":4.8395999999999999,"location":"Nigeria, Rivers"}},{"type":"Feature","id":595,"geometry":{"type":"Point","coordinates":[10.8603080196002,7.628775073736211]},"properties":{"objectid":595,"iso":"ich","grn_num":1759,"iso_lang_name":"Etkywan","grn_name":"Ichen","scope":"ISO_Lang","state":"Verified","parent_num":null,"longitude":10.774000000000001,"latitude":7.9993999999999996,"location":"Nigeria, Taraba"}},{"type":"Feature","id":596,"geometry":{"type":"Point","coordinates":[10.568114905274843,8.0976675149517927]},"properties":{"objectid":596,"iso":"ich","grn_num":30008,"iso_lang_name":"Etkywan","grn_name":"Ichen: Benye","scope":"Dialect","state":"Verified","parent_num":1759,"longitude":10.774000000000001,"latitude":7.9993999999999996,"location":"Nigeria, Taraba"}},{"type":"Feature","id":597,"geometry":{"type":"Point","coordinates":[7.5938449958403691,10.593256434792691]},"properties":{"objectid":597,"iso":"idc","grn_num":10789,"iso_lang_name":"Ajiya","grn_name":"Ajiya","scope":"ISO_Lang","state":"Verified","parent_num":null,"longitude":7.4408000000000003,"latitude":10.5015,"location":"Nigeria, Kaduna"}},{"type":"Feature","id":598,"geometry":{"type":"Point","coordinates":[7.6851552518213042,10.578399457730095]},"properties":{"objectid":598,"iso":"idc","grn_num":28998,"iso_lang_name":"Ajiya","grn_name":"Ajiya: Ajuwa","scope":"Dialect","state":"Verified","parent_num":10789,"longitude":7.4408000000000003,"latitude":10.5015,"location":"Nigeria, Kaduna"}},{"type":"Feature","id":599,"geometry":{"type":"Point","coordinates":[7.7875189827259135,4.8252206912649322]},"properties":{"objectid":599,"iso":"ide","grn_num":10785,"iso_lang_name":"Idere","grn_name":"Idere","scope":"ISO_Lang","state":"Verified","parent_num":null,"longitude":7.8536999999999999,"latitude":4.9057000000000004,"location":"Nigeria, Akwa Ibom"}},{"type":"Feature","id":600,"geometry":{"type":"Point","coordinates":[6.1334435419574991,6.4446926732038854]},"properties":{"objectid":600,"iso":"ids","grn_num":15276,"iso_lang_name":"Idesa","grn_name":"Idesa","scope":"ISO_Lang","state":"Verified","parent_num":null,"longitude":6,"latitude":6.5,"location":"Nigeria, Edo"}},{"type":"Feature","id":601,"geometry":{"type":"Point","coordinates":[8.7595964628587843,7.2364802809136961]},"properties":{"objectid":601,"iso":"idu","grn_num":10787,"iso_lang_name":"Idoma","grn_name":"Idoma","scope":"ISO_Lang","state":"Verified","parent_num":null,"longitude":8.7403999999999993,"latitude":7.3369,"location":"Nigeria, Benue"}},{"type":"Feature","id":602,"geometry":{"type":"Point","coordinates":[8.797435710684864,7.4167429023309985]},"properties":{"objectid":602,"iso":"idu","grn_num":2133,"iso_lang_name":"Idoma","grn_name":"Idoma: Central","scope":"Dialect","state":"Verified","parent_num":10787,"longitude":8.7403999999999993,"latitude":7.3369,"location":"Nigeria, Benue"}},{"type":"Feature","id":603,"geometry":{"type":"Point","coordinates":[8.8045952322953305,7.3342649716852355]},"properties":{"objectid":603,"iso":"idu","grn_num":10788,"iso_lang_name":"Idoma","grn_name":"Idoma: Okpogu","scope":"Dialect","state":"Verified","parent_num":10787,"longitude":8.7403999999999993,"latitude":7.3369,"location":"Nigeria, Benue"}},{"type":"Feature","id":604,"geometry":{"type":"Point","coordinates":[8.7036987529819481,7.3752864393818465]},"properties":{"objectid":604,"iso":"idu","grn_num":2134,"iso_lang_name":"Idoma","grn_name":"Idoma: South","scope":"Dialect","state":"Verified","parent_num":10787,"longitude":8.7403999999999993,"latitude":7.3369,"location":"Nigeria, Benue"}},{"type":"Feature","id":605,"geometry":{"type":"Point","coordinates":[8.5576440721336979,7.3819780065945828]},"properties":{"objectid":605,"iso":"idu","grn_num":20943,"iso_lang_name":"Idoma","grn_name":"Idoma: Western","scope":"Dialect","state":"Verified","parent_num":10787,"longitude":8.7403999999999993,"latitude":7.3369,"location":"Nigeria, Benue"}},{"type":"Feature","id":606,"geometry":{"type":"Point","coordinates":[9.5855332628280117,11.737070362875857]},"properties":{"objectid":606,"iso":"igb","grn_num":9507,"iso_lang_name":"Ebira","grn_name":"Ebira","scope":"ISO_Lang","state":"Verified","parent_num":null,"longitude":9.5999999999999996,"latitude":11.833,"location":"Nigeria, Kwara"}},{"type":"Feature","id":607,"geometry":{"type":"Point","coordinates":[9.5262587417807243,11.826576823725484]},"properties":{"objectid":607,"iso":"igb","grn_num":9508,"iso_lang_name":"Ebira","grn_name":"Ebira: Igara","scope":"Dialect","state":"Verified","parent_num":9507,"longitude":9.5999999999999996,"latitude":11.833,"location":"Nigeria, Kwara"}},{"type":"Feature","id":608,"geometry":{"type":"Point","coordinates":[9.5999999998614278,11.832999999892682]},"properties":{"objectid":608,"iso":"igb","grn_num":2057,"iso_lang_name":"Ebira","grn_name":"Ebira: Koto","scope":"Dialect","state":"Verified","parent_num":9507,"longitude":9.5999999999999996,"latitude":11.833,"location":"Nigeria, Kwara"}},{"type":"Feature","id":609,"geometry":{"type":"Point","coordinates":[9.6141478825796938,11.781810766607084]},"properties":{"objectid":609,"iso":"igb","grn_num":343,"iso_lang_name":"Ebira","grn_name":"Ebira: Okene","scope":"Dialect","state":"Verified","parent_num":9507,"longitude":9.5999999999999996,"latitude":11.833,"location":"Nigeria, Kwara"}},{"type":"Feature","id":610,"geometry":{"type":"Point","coordinates":[8.7403999997347572,7.3368999997457545]},"properties":{"objectid":610,"iso":"ige","grn_num":2136,"iso_lang_name":"Igede","grn_name":"Igedde","scope":"ISO_Lang","state":"Verified","parent_num":null,"longitude":8.7403999999999993,"latitude":7.3369,"location":"Nigeria, Benue"}},{"type":"Feature","id":611,"geometry":{"type":"Point","coordinates":[8.7944842787509057,7.2821279518773396]},"properties":{"objectid":611,"iso":"ige","grn_num":2280,"iso_lang_name":"Igede","grn_name":"Igede: Gabu","scope":"Dialect","state":"Verified","parent_num":2136,"longitude":8.7403999999999993,"latitude":7.3369,"location":"Nigeria, Benue"}},{"type":"Feature","id":612,"geometry":{"type":"Point","coordinates":[8.735292883308432,7.4139519170531187]},"properties":{"objectid":612,"iso":"ige","grn_num":10830,"iso_lang_name":"Igede","grn_name":"Igede: Itoo","scope":"Dialect","state":"Verified","parent_num":2136,"longitude":8.7403999999999993,"latitude":7.3369,"location":"Nigeria, Benue"}},{"type":"Feature","id":613,"geometry":{"type":"Point","coordinates":[8.6506316624131294,7.3773802442138869]},"properties":{"objectid":613,"iso":"ige","grn_num":10831,"iso_lang_name":"Igede","grn_name":"Igede: Oju","scope":"Dialect","state":"Verified","parent_num":2136,"longitude":8.7403999999999993,"latitude":7.3369,"location":"Nigeria, Benue"}},{"type":"Feature","id":614,"geometry":{"type":"Point","coordinates":[8.7485825910627142,7.1978140271863307]},"properties":{"objectid":614,"iso":"ige","grn_num":10832,"iso_lang_name":"Igede","grn_name":"Igede: Uwookwu","scope":"Dialect","state":"Verified","parent_num":2136,"longitude":8.7403999999999993,"latitude":7.3369,"location":"Nigeria, Benue"}},{"type":"Feature","id":615,"geometry":{"type":"Point","coordinates":[6.8420128790781494,8.0804432807335438]},"properties":{"objectid":615,"iso":"igl","grn_num":288,"iso_lang_name":"Igala","grn_name":"Igala","scope":"ISO_Lang","state":"Verified","parent_num":null,"longitude":6.8780000000000001,"latitude":8.1195000000000004,"location":"Nigeria, Kogi"}},{"type":"Feature","id":616,"geometry":{"type":"Point","coordinates":[6.7847209407612388,8.1549705409937872]},"properties":{"objectid":616,"iso":"igl","grn_num":10804,"iso_lang_name":"Igala","grn_name":"Igala: Ankpa","scope":"Dialect","state":"Verified","parent_num":288,"longitude":6.8780000000000001,"latitude":8.1195000000000004,"location":"Nigeria, Kogi"}},{"type":"Feature","id":617,"geometry":{"type":"Point","coordinates":[6.8314100979156702,8.2258160981788429]},"properties":{"objectid":617,"iso":"igl","grn_num":10806,"iso_lang_name":"Igala","grn_name":"Igala: Ebu","scope":"Dialect","state":"Verified","parent_num":288,"longitude":6.8780000000000001,"latitude":8.1195000000000004,"location":"Nigeria, Kogi"}},{"type":"Feature","id":618,"geometry":{"type":"Point","coordinates":[6.7938539298968639,8.098896048056492]},"properties":{"objectid":618,"iso":"igl","grn_num":10807,"iso_lang_name":"Igala","grn_name":"Igala: Ibaji","scope":"Dialect","state":"Verified","parent_num":288,"longitude":6.8780000000000001,"latitude":8.1195000000000004,"location":"Nigeria, Kogi"}},{"type":"Feature","id":619,"geometry":{"type":"Point","coordinates":[6.8716421369600997,8.1911479093447106]},"properties":{"objectid":619,"iso":"igl","grn_num":10808,"iso_lang_name":"Igala","grn_name":"Igala: Idah","scope":"Dialect","state":"Verified","parent_num":288,"longitude":6.8780000000000001,"latitude":8.1195000000000004,"location":"Nigeria, Kogi"}},{"type":"Feature","id":620,"geometry":{"type":"Point","coordinates":[6.8531772582101826,8.0405059529684877]},"properties":{"objectid":620,"iso":"igl","grn_num":10809,"iso_lang_name":"Igala","grn_name":"Igala: Ife","scope":"Dialect","state":"Verified","parent_num":288,"longitude":6.8780000000000001,"latitude":8.1195000000000004,"location":"Nigeria, Kogi"}},{"type":"Feature","id":621,"geometry":{"type":"Point","coordinates":[6.9277043562132237,8.1007923209595241]},"properties":{"objectid":621,"iso":"igl","grn_num":10810,"iso_lang_name":"Igala","grn_name":"Igala: Ogugu","scope":"Dialect","state":"Verified","parent_num":288,"longitude":6.8780000000000001,"latitude":8.1195000000000004,"location":"Nigeria, Kogi"}},{"type":"Feature","id":622,"geometry":{"type":"Point","coordinates":[5.8918165949752304,6.5745731467003896]},"properties":{"objectid":622,"iso":"igw","grn_num":16370,"iso_lang_name":"Igwe","grn_name":"Igwe","scope":"ISO_Lang","state":"Verified","parent_num":null,"longitude":6,"latitude":6.5,"location":"Nigeria, Edo"}},{"type":"Feature","id":623,"geometry":{"type":"Point","coordinates":[13.17328533529917,12.07654347306314]},"properties":{"objectid":623,"iso":"ihi","grn_num":19062,"iso_lang_name":"Ihievbe","grn_name":"Ihievbe","scope":"ISO_Lang","state":"Verified","parent_num":null,"longitude":13.151999999999999,"latitude":11.884600000000001,"location":"Nigeria, Borno"}},{"type":"Feature","id":624,"geometry":{"type":"Point","coordinates":[6.2446614599678387,4.7846350903801582]},"properties":{"objectid":624,"iso":"ijc","grn_num":4290,"iso_lang_name":"Izon","grn_name":"Ijaw","scope":"ISO_Lang","state":"Verified","parent_num":null,"longitude":6.0698999999999996,"latitude":4.7719000000000005,"location":"Nigeria, Bayelsa"}},{"type":"Feature","id":625,"geometry":{"type":"Point","coordinates":[5.9573144430882534,4.6655920461438205]},"properties":{"objectid":625,"iso":"ijc","grn_num":2392,"iso_lang_name":"Izon","grn_name":"Ijaw: Amegi","scope":"Dialect","state":"Verified","parent_num":4290,"longitude":6.0698999999999996,"latitude":4.7719000000000005,"location":"Nigeria, Bayelsa"}},{"type":"Feature","id":626,"geometry":{"type":"Point","coordinates":[6.0363777278489188,4.5540832243917801]},"properties":{"objectid":626,"iso":"ijc","grn_num":2393,"iso_lang_name":"Izon","grn_name":"Ijaw: Angiama","scope":"Dialect","state":"Verified","parent_num":4290,"longitude":6.0698999999999996,"latitude":4.7719000000000005,"location":"Nigeria, Bayelsa"}},{"type":"Feature","id":627,"geometry":{"type":"Point","coordinates":[5.9749297042256044,4.8927016836121835]},"properties":{"objectid":627,"iso":"ijc","grn_num":2399,"iso_lang_name":"Izon","grn_name":"Ijaw: Western","scope":"Dialect","state":"Verified","parent_num":4290,"longitude":6.0698999999999996,"latitude":4.7719000000000005,"location":"Nigeria, Bayelsa"}},{"type":"Feature","id":628,"geometry":{"type":"Point","coordinates":[5.9317691672364461,4.8617554680895179]},"properties":{"objectid":628,"iso":"ijc","grn_num":11035,"iso_lang_name":"Izon","grn_name":"Izon: Apoi","scope":"Dialect","state":"Verified","parent_num":4290,"longitude":6.0698999999999996,"latitude":4.7719000000000005,"location":"Nigeria, Bayelsa"}},{"type":"Feature","id":629,"geometry":{"type":"Point","coordinates":[6.1666958239578937,4.6559295621051531]},"properties":{"objectid":629,"iso":"ijc","grn_num":11036,"iso_lang_name":"Izon","grn_name":"Izon: Arogbo","scope":"Dialect","state":"Verified","parent_num":4290,"longitude":6.0698999999999996,"latitude":4.7719000000000005,"location":"Nigeria, Bayelsa"}},{"type":"Feature","id":630,"geometry":{"type":"Point","coordinates":[6.0721377171520921,4.6010818703981951]},"properties":{"objectid":630,"iso":"ijc","grn_num":23955,"iso_lang_name":"Izon","grn_name":"Izon: Basan","scope":"Dialect","state":"Verified","parent_num":4290,"longitude":6.0698999999999996,"latitude":4.7719000000000005,"location":"Nigeria, Bayelsa"}},{"type":"Feature","id":631,"geometry":{"type":"Point","coordinates":[6.2437213406836589,4.6998881208092627]},"properties":{"objectid":631,"iso":"ijc","grn_num":11038,"iso_lang_name":"Izon","grn_name":"Izon: Bumo","scope":"Dialect","state":"Verified","parent_num":4290,"longitude":6.0698999999999996,"latitude":4.7719000000000005,"location":"Nigeria, Bayelsa"}},{"type":"Feature","id":632,"geometry":{"type":"Point","coordinates":[6.0718649571907743,4.7188279809178253]},"properties":{"objectid":632,"iso":"ijc","grn_num":23957,"iso_lang_name":"Izon","grn_name":"Izon: East Olodiama","scope":"Dialect","state":"Verified","parent_num":4290,"longitude":6.0698999999999996,"latitude":4.7719000000000005,"location":"Nigeria, Bayelsa"}},{"type":"Feature","id":633,"geometry":{"type":"Point","coordinates":[5.9745162770739961,4.7122661857709476]},"properties":{"objectid":633,"iso":"ijc","grn_num":23958,"iso_lang_name":"Izon","grn_name":"Izon: East Tarakiri","scope":"Dialect","state":"Verified","parent_num":4290,"longitude":6.0698999999999996,"latitude":4.7719000000000005,"location":"Nigeria, Bayelsa"}},{"type":"Feature","id":634,"geometry":{"type":"Point","coordinates":[6.0557711241411356,4.6516054773788929]},"properties":{"objectid":634,"iso":"ijc","grn_num":11039,"iso_lang_name":"Izon","grn_name":"Izon: Egbema","scope":"Dialect","state":"Verified","parent_num":4290,"longitude":6.0698999999999996,"latitude":4.7719000000000005,"location":"Nigeria, Bayelsa"}},{"type":"Feature","id":635,"geometry":{"type":"Point","coordinates":[6.1966427800232289,4.6990745498879587]},"properties":{"objectid":635,"iso":"ijc","grn_num":11040,"iso_lang_name":"Izon","grn_name":"Izon: Ekpetiama","scope":"Dialect","state":"Verified","parent_num":4290,"longitude":6.0698999999999996,"latitude":4.7719000000000005,"location":"Nigeria, Bayelsa"}},{"type":"Feature","id":636,"geometry":{"type":"Point","coordinates":[5.8895387440957956,4.806921539220764]},"properties":{"objectid":636,"iso":"ijc","grn_num":11041,"iso_lang_name":"Izon","grn_name":"Izon: Furupagha","scope":"Dialect","state":"Verified","parent_num":4290,"longitude":6.0698999999999996,"latitude":4.7719000000000005,"location":"Nigeria, Bayelsa"}},{"type":"Feature","id":637,"geometry":{"type":"Point","coordinates":[6.1524843063815382,4.9231922349351063]},"properties":{"objectid":637,"iso":"ijc","grn_num":11042,"iso_lang_name":"Izon","grn_name":"Izon: Gbanrain","scope":"Dialect","state":"Verified","parent_num":4290,"longitude":6.0698999999999996,"latitude":4.7719000000000005,"location":"Nigeria, Bayelsa"}},{"type":"Feature","id":638,"geometry":{"type":"Point","coordinates":[6.0208657515751094,4.7515004233891664]},"properties":{"objectid":638,"iso":"ijc","grn_num":11043,"iso_lang_name":"Izon","grn_name":"Izon: Iduwini","scope":"Dialect","state":"Verified","parent_num":4290,"longitude":6.0698999999999996,"latitude":4.7719000000000005,"location":"Nigeria, Bayelsa"}},{"type":"Feature","id":639,"geometry":{"type":"Point","coordinates":[6.1461544705641078,4.7864267979102539]},"properties":{"objectid":639,"iso":"ijc","grn_num":11044,"iso_lang_name":"Izon","grn_name":"Izon: Ikibiri","scope":"Dialect","state":"Verified","parent_num":4290,"longitude":6.0698999999999996,"latitude":4.7719000000000005,"location":"Nigeria, Bayelsa"}},{"type":"Feature","id":640,"geometry":{"type":"Point","coordinates":[6.0145516111223332,4.6024993462492301]},"properties":{"objectid":640,"iso":"ijc","grn_num":11045,"iso_lang_name":"Izon","grn_name":"Izon: Kabo","scope":"Dialect","state":"Verified","parent_num":4290,"longitude":6.0698999999999996,"latitude":4.7719000000000005,"location":"Nigeria, Bayelsa"}},{"type":"Feature","id":641,"geometry":{"type":"Point","coordinates":[6.0246021888965045,4.6946054499877681]},"properties":{"objectid":641,"iso":"ijc","grn_num":23959,"iso_lang_name":"Izon","grn_name":"Izon: Kolokuma-Opokuma","scope":"Dialect","state":"Verified","parent_num":4290,"longitude":6.0698999999999996,"latitude":4.7719000000000005,"location":"Nigeria, Bayelsa"}},{"type":"Feature","id":642,"geometry":{"type":"Point","coordinates":[6.160085217901794,4.6008635937482341]},"properties":{"objectid":642,"iso":"ijc","grn_num":11046,"iso_lang_name":"Izon","grn_name":"Izon: Koluama","scope":"Dialect","state":"Verified","parent_num":4290,"longitude":6.0698999999999996,"latitude":4.7719000000000005,"location":"Nigeria, Bayelsa"}},{"type":"Feature","id":643,"geometry":{"type":"Point","coordinates":[6.1267443179969323,4.5595249356727479]},"properties":{"objectid":643,"iso":"ijc","grn_num":11047,"iso_lang_name":"Izon","grn_name":"Izon: Kumbo","scope":"Dialect","state":"Verified","parent_num":4290,"longitude":6.0698999999999996,"latitude":4.7719000000000005,"location":"Nigeria, Bayelsa"}},{"type":"Feature","id":644,"geometry":{"type":"Point","coordinates":[6.070287839843699,4.9150997363737972]},"properties":{"objectid":644,"iso":"ijc","grn_num":11048,"iso_lang_name":"Izon","grn_name":"Izon: Mein","scope":"Dialect","state":"Verified","parent_num":4290,"longitude":6.0698999999999996,"latitude":4.7719000000000005,"location":"Nigeria, Bayelsa"}},{"type":"Feature","id":645,"geometry":{"type":"Point","coordinates":[5.9905089140085748,4.8392368212007195]},"properties":{"objectid":645,"iso":"ijc","grn_num":11049,"iso_lang_name":"Izon","grn_name":"Izon: Ogbe Ijo","scope":"Dialect","state":"Verified","parent_num":4290,"longitude":6.0698999999999996,"latitude":4.7719000000000005,"location":"Nigeria, Bayelsa"}},{"type":"Feature","id":646,"geometry":{"type":"Point","coordinates":[6.0275464522744926,4.8854920995985358]},"properties":{"objectid":646,"iso":"ijc","grn_num":11050,"iso_lang_name":"Izon","grn_name":"Izon: Ogboin","scope":"Dialect","state":"Verified","parent_num":4290,"longitude":6.0698999999999996,"latitude":4.7719000000000005,"location":"Nigeria, Bayelsa"}},{"type":"Feature","id":647,"geometry":{"type":"Point","coordinates":[6.0699000003046146,4.7719000001369061]},"properties":{"objectid":647,"iso":"ijc","grn_num":11051,"iso_lang_name":"Izon","grn_name":"Izon: Ogulagha","scope":"Dialect","state":"Verified","parent_num":4290,"longitude":6.0698999999999996,"latitude":4.7719000000000005,"location":"Nigeria, Bayelsa"}},{"type":"Feature","id":648,"geometry":{"type":"Point","coordinates":[6.0370255021019954,4.813610522269081]},"properties":{"objectid":648,"iso":"ijc","grn_num":11055,"iso_lang_name":"Izon","grn_name":"Izon: Operemo","scope":"Dialect","state":"Verified","parent_num":4290,"longitude":6.0698999999999996,"latitude":4.7719000000000005,"location":"Nigeria, Bayelsa"}},{"type":"Feature","id":649,"geometry":{"type":"Point","coordinates":[6.1468878506705176,4.8261285769787374]},"properties":{"objectid":649,"iso":"ijc","grn_num":11056,"iso_lang_name":"Izon","grn_name":"Izon: Oporomo","scope":"Dialect","state":"Verified","parent_num":4290,"longitude":6.0698999999999996,"latitude":4.7719000000000005,"location":"Nigeria, Bayelsa"}},{"type":"Feature","id":650,"geometry":{"type":"Point","coordinates":[6.1150823521475521,4.6290636339484283]},"properties":{"objectid":650,"iso":"ijc","grn_num":11057,"iso_lang_name":"Izon","grn_name":"Izon: Oporoza","scope":"Dialect","state":"Verified","parent_num":4290,"longitude":6.0698999999999996,"latitude":4.7719000000000005,"location":"Nigeria, Bayelsa"}},{"type":"Feature","id":651,"geometry":{"type":"Point","coordinates":[6.1956217369049895,4.8050215041924567]},"properties":{"objectid":651,"iso":"ijc","grn_num":11052,"iso_lang_name":"Izon","grn_name":"Izon: Oyiakiri","scope":"Dialect","state":"Verified","parent_num":4290,"longitude":6.0698999999999996,"latitude":4.7719000000000005,"location":"Nigeria, Bayelsa"}},{"type":"Feature","id":652,"geometry":{"type":"Point","coordinates":[6.1029650203992043,4.6700526466726338]},"properties":{"objectid":652,"iso":"ijc","grn_num":11058,"iso_lang_name":"Izon","grn_name":"Izon: Seimbri","scope":"Dialect","state":"Verified","parent_num":4290,"longitude":6.0698999999999996,"latitude":4.7719000000000005,"location":"Nigeria, Bayelsa"}},{"type":"Feature","id":653,"geometry":{"type":"Point","coordinates":[5.9410203090864417,4.8199656460661684]},"properties":{"objectid":653,"iso":"ijc","grn_num":11061,"iso_lang_name":"Izon","grn_name":"Izon: Tuomo","scope":"Dialect","state":"Verified","parent_num":4290,"longitude":6.0698999999999996,"latitude":4.7719000000000005,"location":"Nigeria, Bayelsa"}},{"type":"Feature","id":654,"geometry":{"type":"Point","coordinates":[6.0752174338985174,4.5435029601944992]},"properties":{"objectid":654,"iso":"ijc","grn_num":11054,"iso_lang_name":"Izon","grn_name":"Izon: West Olodiama","scope":"Dialect","state":"Verified","parent_num":4290,"longitude":6.0698999999999996,"latitude":4.7719000000000005,"location":"Nigeria, Bayelsa"}},{"type":"Feature","id":655,"geometry":{"type":"Point","coordinates":[5.9172512172486709,4.7004551796757736]},"properties":{"objectid":655,"iso":"ijc","grn_num":11060,"iso_lang_name":"Izon","grn_name":"Izon: West Tarakiri","scope":"Dialect","state":"Verified","parent_num":4290,"longitude":6.0698999999999996,"latitude":4.7719000000000005,"location":"Nigeria, Bayelsa"}},{"type":"Feature","id":656,"geometry":{"type":"Point","coordinates":[6.1694790319818686,4.8741924791076006]},"properties":{"objectid":656,"iso":"ije","grn_num":8178,"iso_lang_name":"Biseni","grn_name":"Biseni","scope":"ISO_Lang","state":"Verified","parent_num":null,"longitude":6.0698999999999996,"latitude":4.7719000000000005,"location":"Nigeria, Bayelsa"}},{"type":"Feature","id":657,"geometry":{"type":"Point","coordinates":[6.7816896620732381,5.1429351431547188]},"properties":{"objectid":657,"iso":"ijn","grn_num":2395,"iso_lang_name":"Kalabari","grn_name":"Kalabari","scope":"ISO_Lang","state":"Verified","parent_num":null,"longitude":6.9112,"latitude":4.8395999999999999,"location":"Nigeria, Rivers"}},{"type":"Feature","id":658,"geometry":{"type":"Point","coordinates":[6.1927228609067164,4.7520380703040006]},"properties":{"objectid":658,"iso":"ijs","grn_num":2396,"iso_lang_name":"Ijo, Southeast","grn_name":"Ijaw: Nimbe","scope":"Dialect","state":"Verified","parent_num":10835,"longitude":6.0698999999999996,"latitude":4.7719000000000005,"location":"Nigeria, Bayelsa"}},{"type":"Feature","id":659,"geometry":{"type":"Point","coordinates":[6.1035271798158108,4.8130061188242728]},"properties":{"objectid":659,"iso":"ijs","grn_num":10835,"iso_lang_name":"Ijo, Southeast","grn_name":"Ijo, Southeast","scope":"ISO_Lang","state":"Verified","parent_num":null,"longitude":6.0698999999999996,"latitude":4.7719000000000005,"location":"Nigeria, Bayelsa"}},{"type":"Feature","id":660,"geometry":{"type":"Point","coordinates":[5.9985070398862259,4.642066983589161]},"properties":{"objectid":660,"iso":"ijs","grn_num":10836,"iso_lang_name":"Ijo, Southeast","grn_name":"Ijo, Southeast: Akassa","scope":"Dialect","state":"Verified","parent_num":10835,"longitude":6.0698999999999996,"latitude":4.7719000000000005,"location":"Nigeria, Bayelsa"}},{"type":"Feature","id":661,"geometry":{"type":"Point","coordinates":[6.0553415264160755,6.588342028958091]},"properties":{"objectid":661,"iso":"ikh","grn_num":28302,"iso_lang_name":"Ikhin-Aokho","grn_name":"Ikhin-Aokho","scope":"ISO_Lang","state":"Verified","parent_num":null,"longitude":6,"latitude":6.5,"location":"Nigeria, Edo"}},{"type":"Feature","id":662,"geometry":{"type":"Point","coordinates":[6.0133568266416022,6.5722003156052526]},"properties":{"objectid":662,"iso":"ikh","grn_num":28304,"iso_lang_name":"Ikhin-Aokho","grn_name":"Ikhin-Aokho: Aokho","scope":"Dialect","state":"Verified","parent_num":28302,"longitude":6,"latitude":6.5,"location":"Nigeria, Edo"}},{"type":"Feature","id":663,"geometry":{"type":"Point","coordinates":[5.8885276839552994,6.503123583771675]},"properties":{"objectid":663,"iso":"ikh","grn_num":28303,"iso_lang_name":"Ikhin-Aokho","grn_name":"Ikhin-Aokho: Ikhin","scope":"Dialect","state":"Verified","parent_num":28302,"longitude":6,"latitude":6.5,"location":"Nigeria, Edo"}},{"type":"Feature","id":664,"geometry":{"type":"Point","coordinates":[7.853699999612517,4.9057000003757452]},"properties":{"objectid":664,"iso":"iki","grn_num":2955,"iso_lang_name":"Iko","grn_name":"Iko","scope":"ISO_Lang","state":"Verified","parent_num":null,"longitude":7.8536999999999999,"latitude":4.9057000000000004,"location":"Nigeria, Akwa Ibom"}},{"type":"Feature","id":665,"geometry":{"type":"Point","coordinates":[5.9010255016338258,5.7457105217976103]},"properties":{"objectid":665,"iso":"ikk","grn_num":2668,"iso_lang_name":"Ika","grn_name":"Ibo: Ika","scope":"Dialect","state":"Verified","parent_num":10837,"longitude":5.9339000000000004,"latitude":5.7039999999999997,"location":"Nigeria, Delta"}},{"type":"Feature","id":666,"geometry":{"type":"Point","coordinates":[5.8371470258222136,5.5055497271874518]},"properties":{"objectid":666,"iso":"ikk","grn_num":10837,"iso_lang_name":"Ika","grn_name":"Ika","scope":"ISO_Lang","state":"Verified","parent_num":null,"longitude":5.9339000000000004,"latitude":5.7039999999999997,"location":"Nigeria, Delta"}},{"type":"Feature","id":667,"geometry":{"type":"Point","coordinates":[5.9793501421605573,5.6114096663004744]},"properties":{"objectid":667,"iso":"ikk","grn_num":27844,"iso_lang_name":"Ika","grn_name":"Ika: Agbor","scope":"Dialect","state":"Verified","parent_num":10837,"longitude":5.9339000000000004,"latitude":5.7039999999999997,"location":"Nigeria, Delta"}},{"type":"Feature","id":668,"geometry":{"type":"Point","coordinates":[7.4505922996021896,10.577164324411118]},"properties":{"objectid":668,"iso":"ikl","grn_num":10847,"iso_lang_name":"Ikulu","grn_name":"Ikulu","scope":"ISO_Lang","state":"Verified","parent_num":null,"longitude":7.4408000000000003,"latitude":10.5015,"location":"Nigeria, Kaduna"}},{"type":"Feature","id":669,"geometry":{"type":"Point","coordinates":[7.5286247343366348,10.710857699596119]},"properties":{"objectid":669,"iso":"ikl","grn_num":30571,"iso_lang_name":"Ikulu","grn_name":"Ikulu: Bekyana","scope":"Dialect","state":"Unverified","parent_num":10847,"longitude":7.4408000000000003,"latitude":10.5015,"location":"Nigeria, Kaduna"}},{"type":"Feature","id":670,"geometry":{"type":"Point","coordinates":[7.3872987195669877,10.75932826617386]},"properties":{"objectid":670,"iso":"ikl","grn_num":30572,"iso_lang_name":"Ikulu","grn_name":"Ikulu: Benyinte","scope":"Dialect","state":"Unverified","parent_num":10847,"longitude":7.4408000000000003,"latitude":10.5015,"location":"Nigeria, Kaduna"}},{"type":"Feature","id":671,"geometry":{"type":"Point","coordinates":[7.3155058202009746,10.715505853589956]},"properties":{"objectid":671,"iso":"ikl","grn_num":30574,"iso_lang_name":"Ikulu","grn_name":"Ikulu: Benyintu","scope":"Dialect","state":"Unverified","parent_num":10847,"longitude":7.4408000000000003,"latitude":10.5015,"location":"Nigeria, Kaduna"}},{"type":"Feature","id":672,"geometry":{"type":"Point","coordinates":[7.4729638877423357,10.375965714358957]},"properties":{"objectid":672,"iso":"ikl","grn_num":30575,"iso_lang_name":"Ikulu","grn_name":"Ikulu: Nchoishi","scope":"Dialect","state":"Unverified","parent_num":10847,"longitude":7.4408000000000003,"latitude":10.5015,"location":"Nigeria, Kaduna"}},{"type":"Feature","id":673,"geometry":{"type":"Point","coordinates":[8.4999999996152997,5.7499999998612372]},"properties":{"objectid":673,"iso":"iko","grn_num":15281,"iso_lang_name":"Olulumo-Ikom","grn_name":"Olulumo-Ikom","scope":"ISO_Lang","state":"Verified","parent_num":null,"longitude":8.5,"latitude":5.75,"location":"Nigeria, Cross River"}},{"type":"Feature","id":674,"geometry":{"type":"Point","coordinates":[8.3021927248686591,5.8177958793546596]},"properties":{"objectid":674,"iso":"iko","grn_num":2193,"iso_lang_name":"Olulumo-Ikom","grn_name":"Olulumo-Ikom: Nkome","scope":"Dialect","state":"Verified","parent_num":15281,"longitude":8.5,"latitude":5.75,"location":"Nigeria, Cross River"}},{"type":"Feature","id":675,"geometry":{"type":"Point","coordinates":[8.2211091200508832,5.7686996337022185]},"properties":{"objectid":675,"iso":"iko","grn_num":2206,"iso_lang_name":"Olulumo-Ikom","grn_name":"Olulumo-Ikom: Okuni","scope":"Dialect","state":"Verified","parent_num":15281,"longitude":8.5,"latitude":5.75,"location":"Nigeria, Cross River"}},{"type":"Feature","id":676,"geometry":{"type":"Point","coordinates":[5.9796712548403095,6.3478986817663188]},"properties":{"objectid":676,"iso":"ikp","grn_num":10845,"iso_lang_name":"Ikpeshi","grn_name":"Ikpeshi","scope":"ISO_Lang","state":"Verified","parent_num":null,"longitude":6,"latitude":6.5,"location":"Nigeria, Edo"}},{"type":"Feature","id":677,"geometry":{"type":"Point","coordinates":[7.6669127087991642,10.379599654153365]},"properties":{"objectid":677,"iso":"ikv","grn_num":10846,"iso_lang_name":"Iku-Gora-Ankwa","grn_name":"Iku-Gora-Ankwa","scope":"ISO_Lang","state":"Verified","parent_num":null,"longitude":7.4408000000000003,"latitude":10.5015,"location":"Nigeria, Kaduna"}},{"type":"Feature","id":678,"geometry":{"type":"Point","coordinates":[6.9923808369327682,4.9071365812863146]},"properties":{"objectid":678,"iso":"ikw","grn_num":2384,"iso_lang_name":"Ikwere","grn_name":"Ibo: Ikwerri","scope":"Dialect","state":"Verified","parent_num":6418,"longitude":6.9112,"latitude":4.8395999999999999,"location":"Nigeria, Rivers"}},{"type":"Feature","id":679,"geometry":{"type":"Point","coordinates":[7.0337698961816839,4.6479864713372292]},"properties":{"objectid":679,"iso":"ikw","grn_num":6418,"iso_lang_name":"Ikwere","grn_name":"Ikwere","scope":"ISO_Lang","state":"Verified","parent_num":null,"longitude":6.9112,"latitude":4.8395999999999999,"location":"Nigeria, Rivers"}},{"type":"Feature","id":680,"geometry":{"type":"Point","coordinates":[6.9968572192486604,4.8623370427941035]},"properties":{"objectid":680,"iso":"ikw","grn_num":10848,"iso_lang_name":"Ikwere","grn_name":"Ikwere: Akpo-Mgbu-Tolu","scope":"Dialect","state":"Verified","parent_num":6418,"longitude":6.9112,"latitude":4.8395999999999999,"location":"Nigeria, Rivers"}},{"type":"Feature","id":681,"geometry":{"type":"Point","coordinates":[6.8050089809229704,4.8795080917007123]},"properties":{"objectid":681,"iso":"ikw","grn_num":10849,"iso_lang_name":"Ikwere","grn_name":"Ikwere: Aluu","scope":"Dialect","state":"Verified","parent_num":6418,"longitude":6.9112,"latitude":4.8395999999999999,"location":"Nigeria, Rivers"}},{"type":"Feature","id":682,"geometry":{"type":"Point","coordinates":[7.0462215242849195,4.8819244278217164]},"properties":{"objectid":682,"iso":"ikw","grn_num":10850,"iso_lang_name":"Ikwere","grn_name":"Ikwere: Apani","scope":"Dialect","state":"Verified","parent_num":6418,"longitude":6.9112,"latitude":4.8395999999999999,"location":"Nigeria, Rivers"}},{"type":"Feature","id":683,"geometry":{"type":"Point","coordinates":[6.6962214737784276,4.8695499258530814]},"properties":{"objectid":683,"iso":"ikw","grn_num":10851,"iso_lang_name":"Ikwere","grn_name":"Ikwere: Egbedna","scope":"Dialect","state":"Verified","parent_num":6418,"longitude":6.9112,"latitude":4.8395999999999999,"location":"Nigeria, Rivers"}},{"type":"Feature","id":684,"geometry":{"type":"Point","coordinates":[7.0174800076178867,4.9984975175791497]},"properties":{"objectid":684,"iso":"ikw","grn_num":10852,"iso_lang_name":"Ikwere","grn_name":"Ikwere: Elele","scope":"Dialect","state":"Verified","parent_num":6418,"longitude":6.9112,"latitude":4.8395999999999999,"location":"Nigeria, Rivers"}},{"type":"Feature","id":685,"geometry":{"type":"Point","coordinates":[6.7817056691532844,4.7256352306107638]},"properties":{"objectid":685,"iso":"ikw","grn_num":10853,"iso_lang_name":"Ikwere","grn_name":"Ikwere: Emowhua","scope":"Dialect","state":"Verified","parent_num":6418,"longitude":6.9112,"latitude":4.8395999999999999,"location":"Nigeria, Rivers"}},{"type":"Feature","id":686,"geometry":{"type":"Point","coordinates":[6.8482360049213034,5.0608716422500173]},"properties":{"objectid":686,"iso":"ikw","grn_num":10854,"iso_lang_name":"Ikwere","grn_name":"Ikwere: Ibaa","scope":"Dialect","state":"Verified","parent_num":6418,"longitude":6.9112,"latitude":4.8395999999999999,"location":"Nigeria, Rivers"}},{"type":"Feature","id":687,"geometry":{"type":"Point","coordinates":[6.9481376782109363,4.8777589863403783]},"properties":{"objectid":687,"iso":"ikw","grn_num":10855,"iso_lang_name":"Ikwere","grn_name":"Ikwere: Igwuruta","scope":"Dialect","state":"Verified","parent_num":6418,"longitude":6.9112,"latitude":4.8395999999999999,"location":"Nigeria, Rivers"}},{"type":"Feature","id":688,"geometry":{"type":"Point","coordinates":[6.8557038669648218,5.0164644842736914]},"properties":{"objectid":688,"iso":"ikw","grn_num":10856,"iso_lang_name":"Ikwere","grn_name":"Ikwere: Ipo","scope":"Dialect","state":"Verified","parent_num":6418,"longitude":6.9112,"latitude":4.8395999999999999,"location":"Nigeria, Rivers"}},{"type":"Feature","id":689,"geometry":{"type":"Point","coordinates":[6.8353896588788414,4.9451282675894364]},"properties":{"objectid":689,"iso":"ikw","grn_num":10857,"iso_lang_name":"Ikwere","grn_name":"Ikwere: Isiokpo","scope":"Dialect","state":"Verified","parent_num":6418,"longitude":6.9112,"latitude":4.8395999999999999,"location":"Nigeria, Rivers"}},{"type":"Feature","id":690,"geometry":{"type":"Point","coordinates":[6.936353095918542,4.6203485093921612]},"properties":{"objectid":690,"iso":"ikw","grn_num":10858,"iso_lang_name":"Ikwere","grn_name":"Ikwere: Ndele","scope":"Dialect","state":"Verified","parent_num":6418,"longitude":6.9112,"latitude":4.8395999999999999,"location":"Nigeria, Rivers"}},{"type":"Feature","id":691,"geometry":{"type":"Point","coordinates":[7.1149016794447881,4.7231301355850706]},"properties":{"objectid":691,"iso":"ikw","grn_num":10860,"iso_lang_name":"Ikwere","grn_name":"Ikwere: Ogbakiri","scope":"Dialect","state":"Verified","parent_num":6418,"longitude":6.9112,"latitude":4.8395999999999999,"location":"Nigeria, Rivers"}},{"type":"Feature","id":692,"geometry":{"type":"Point","coordinates":[6.8345670131826592,4.7307517345731904]},"properties":{"objectid":692,"iso":"ikw","grn_num":10861,"iso_lang_name":"Ikwere","grn_name":"Ikwere: Omagwna","scope":"Dialect","state":"Verified","parent_num":6418,"longitude":6.9112,"latitude":4.8395999999999999,"location":"Nigeria, Rivers"}},{"type":"Feature","id":693,"geometry":{"type":"Point","coordinates":[6.8814641851226401,4.7556747249719473]},"properties":{"objectid":693,"iso":"ikw","grn_num":10862,"iso_lang_name":"Ikwere","grn_name":"Ikwere: Omerelu","scope":"Dialect","state":"Verified","parent_num":6418,"longitude":6.9112,"latitude":4.8395999999999999,"location":"Nigeria, Rivers"}},{"type":"Feature","id":694,"geometry":{"type":"Point","coordinates":[6.8676133231665366,4.5501129257407511]},"properties":{"objectid":694,"iso":"ikw","grn_num":10863,"iso_lang_name":"Ikwere","grn_name":"Ikwere: Omudioga","scope":"Dialect","state":"Verified","parent_num":6418,"longitude":6.9112,"latitude":4.8395999999999999,"location":"Nigeria, Rivers"}},{"type":"Feature","id":695,"geometry":{"type":"Point","coordinates":[7.0982965037758499,4.7735758341430561]},"properties":{"objectid":695,"iso":"ikw","grn_num":10864,"iso_lang_name":"Ikwere","grn_name":"Ikwere: Rumuji","scope":"Dialect","state":"Verified","parent_num":6418,"longitude":6.9112,"latitude":4.8395999999999999,"location":"Nigeria, Rivers"}},{"type":"Feature","id":696,"geometry":{"type":"Point","coordinates":[7.0148883967692761,4.7496387591813836]},"properties":{"objectid":696,"iso":"ikw","grn_num":10865,"iso_lang_name":"Ikwere","grn_name":"Ikwere: Ubima","scope":"Dialect","state":"Verified","parent_num":6418,"longitude":6.9112,"latitude":4.8395999999999999,"location":"Nigeria, Rivers"}},{"type":"Feature","id":697,"geometry":{"type":"Point","coordinates":[7.8659100114470721,4.8540142587578279]},"properties":{"objectid":697,"iso":"ilv","grn_num":10879,"iso_lang_name":"Ilue","grn_name":"Ilue","scope":"ISO_Lang","state":"Verified","parent_num":null,"longitude":7.8536999999999999,"latitude":4.9057000000000004,"location":"Nigeria, Akwa Ibom"}},{"type":"Feature","id":698,"geometry":{"type":"Point","coordinates":[8.7011300276135248,7.2419428817844755]},"properties":{"objectid":698,"iso":"iqw","grn_num":2196,"iso_lang_name":"Ikwo","grn_name":"Ikwo","scope":"ISO_Lang","state":"Verified","parent_num":null,"longitude":8.7403999999999993,"latitude":7.3369,"location":"Nigeria, Benue"}},{"type":"Feature","id":699,"geometry":{"type":"Point","coordinates":[9.3547793794159464,8.8828782787391951]},"properties":{"objectid":699,"iso":"iri","grn_num":266,"iso_lang_name":"Irigwe","grn_name":"Irigwe","scope":"ISO_Lang","state":"Verified","parent_num":null,"longitude":9.5179000000000009,"latitude":9.2181999999999995,"location":"Nigeria, Plateau"}},{"type":"Feature","id":700,"geometry":{"type":"Point","coordinates":[5.9270280118804628,6.6232615639374348]},"properties":{"objectid":700,"iso":"ish","grn_num":9649,"iso_lang_name":"Esan","grn_name":"Esan: Ekpoma","scope":"Dialect","state":"Verified","parent_num":2202,"longitude":6,"latitude":6.5,"location":"Nigeria, Edo"}},{"type":"Feature","id":701,"geometry":{"type":"Point","coordinates":[6.1038704692050079,6.2292495487995723]},"properties":{"objectid":701,"iso":"ish","grn_num":23873,"iso_lang_name":"Esan","grn_name":"Esan: Ewatto","scope":"Dialect","state":"Verified","parent_num":2202,"longitude":6,"latitude":6.5,"location":"Nigeria, Edo"}},{"type":"Feature","id":702,"geometry":{"type":"Point","coordinates":[6.1927582419524967,6.4771433340117435]},"properties":{"objectid":702,"iso":"ish","grn_num":23870,"iso_lang_name":"Esan","grn_name":"Esan: Ewohimi","scope":"Dialect","state":"Verified","parent_num":2202,"longitude":6,"latitude":6.5,"location":"Nigeria, Edo"}},{"type":"Feature","id":703,"geometry":{"type":"Point","coordinates":[5.9904975835578851,6.4477486432495583]},"properties":{"objectid":703,"iso":"ish","grn_num":23872,"iso_lang_name":"Esan","grn_name":"Esan: Ewu","scope":"Dialect","state":"Verified","parent_num":2202,"longitude":6,"latitude":6.5,"location":"Nigeria, Edo"}},{"type":"Feature","id":704,"geometry":{"type":"Point","coordinates":[6.1481539775544327,6.5375842096294576]},"properties":{"objectid":704,"iso":"ish","grn_num":9650,"iso_lang_name":"Esan","grn_name":"Esan: Igueben","scope":"Dialect","state":"Verified","parent_num":2202,"longitude":6,"latitude":6.5,"location":"Nigeria, Edo"}},{"type":"Feature","id":705,"geometry":{"type":"Point","coordinates":[6.1912211086186959,6.5207874389074334]},"properties":{"objectid":705,"iso":"ish","grn_num":23867,"iso_lang_name":"Esan","grn_name":"Esan: Irrua","scope":"Dialect","state":"Verified","parent_num":2202,"longitude":6,"latitude":6.5,"location":"Nigeria, Edo"}},{"type":"Feature","id":706,"geometry":{"type":"Point","coordinates":[6.0465237956394855,6.4743867891386877]},"properties":{"objectid":706,"iso":"ish","grn_num":23874,"iso_lang_name":"Esan","grn_name":"Esan: Ogwa","scope":"Dialect","state":"Verified","parent_num":2202,"longitude":6,"latitude":6.5,"location":"Nigeria, Edo"}},{"type":"Feature","id":707,"geometry":{"type":"Point","coordinates":[6.0161678518966628,6.3093176145542929]},"properties":{"objectid":707,"iso":"ish","grn_num":23866,"iso_lang_name":"Esan","grn_name":"Esan: Ubiaja","scope":"Dialect","state":"Verified","parent_num":2202,"longitude":6,"latitude":6.5,"location":"Nigeria, Edo"}},{"type":"Feature","id":708,"geometry":{"type":"Point","coordinates":[5.8507403955835668,6.5404414226926519]},"properties":{"objectid":708,"iso":"ish","grn_num":23868,"iso_lang_name":"Esan","grn_name":"Esan: Ugboha","scope":"Dialect","state":"Verified","parent_num":2202,"longitude":6,"latitude":6.5,"location":"Nigeria, Edo"}},{"type":"Feature","id":709,"geometry":{"type":"Point","coordinates":[6.0491503868852377,6.3766178592472329]},"properties":{"objectid":709,"iso":"ish","grn_num":28120,"iso_lang_name":"Esan","grn_name":"Esan: Ukwe","scope":"Dialect","state":"Verified","parent_num":2202,"longitude":6,"latitude":6.5,"location":"Nigeria, Edo"}},{"type":"Feature","id":710,"geometry":{"type":"Point","coordinates":[5.9293930092238849,6.5370429810436015]},"properties":{"objectid":710,"iso":"ish","grn_num":23962,"iso_lang_name":"Esan","grn_name":"Esan: Uromi","scope":"Dialect","state":"Verified","parent_num":2202,"longitude":6,"latitude":6.5,"location":"Nigeria, Edo"}},{"type":"Feature","id":711,"geometry":{"type":"Point","coordinates":[6.1076455457617227,6.6073071690072673]},"properties":{"objectid":711,"iso":"ish","grn_num":2202,"iso_lang_name":"Esan","grn_name":"Ishan","scope":"ISO_Lang","state":"Verified","parent_num":null,"longitude":6,"latitude":6.5,"location":"Nigeria, Edo"}},{"type":"Feature","id":712,"geometry":{"type":"Point","coordinates":[6.1639865293154976,6.4012458530897973]},"properties":{"objectid":712,"iso":"ish","grn_num":28108,"iso_lang_name":"Esan","grn_name":"Ishan: Ewora","scope":"Dialect","state":"Verified","parent_num":2202,"longitude":6,"latitude":6.5,"location":"Nigeria, Edo"}},{"type":"Feature","id":713,"geometry":{"type":"Point","coordinates":[8.61213865036766,5.6398828006547417]},"properties":{"objectid":713,"iso":"isi","grn_num":23006,"iso_lang_name":"Nkem-Nkum","grn_name":"Nkem-Nkum","scope":"ISO_Lang","state":"Verified","parent_num":null,"longitude":8.5,"latitude":5.75,"location":"Nigeria, Cross River"}},{"type":"Feature","id":714,"geometry":{"type":"Point","coordinates":[8.408408151437186,5.898591911612634]},"properties":{"objectid":714,"iso":"isi","grn_num":2204,"iso_lang_name":"Nkem-Nkum","grn_name":"Nkem-Nkum: Nkem","scope":"Dialect","state":"Verified","parent_num":23006,"longitude":8.5,"latitude":5.75,"location":"Nigeria, Cross River"}},{"type":"Feature","id":715,"geometry":{"type":"Point","coordinates":[8.3291231229385634,5.6952814083951608]},"properties":{"objectid":715,"iso":"isi","grn_num":2205,"iso_lang_name":"Nkem-Nkum","grn_name":"Nkem-Nkum: Nkum","scope":"Dialect","state":"Verified","parent_num":23006,"longitude":8.5,"latitude":5.75,"location":"Nigeria, Cross River"}},{"type":"Feature","id":716,"geometry":{"type":"Point","coordinates":[5.927010918737226,5.5618321236838604]},"properties":{"objectid":716,"iso":"iso","grn_num":2390,"iso_lang_name":"Isoko","grn_name":"Isoko","scope":"ISO_Lang","state":"Verified","parent_num":null,"longitude":5.9339000000000004,"latitude":5.7039999999999997,"location":"Nigeria, Delta"}},{"type":"Feature","id":717,"geometry":{"type":"Point","coordinates":[5.8246396886966121,5.7938823011557208]},"properties":{"objectid":717,"iso":"iso","grn_num":10964,"iso_lang_name":"Isoko","grn_name":"Isoko: Aviara","scope":"Dialect","state":"Verified","parent_num":2390,"longitude":5.9339000000000004,"latitude":5.7039999999999997,"location":"Nigeria, Delta"}},{"type":"Feature","id":718,"geometry":{"type":"Point","coordinates":[5.8938155189589052,5.8131368484275949]},"properties":{"objectid":718,"iso":"iso","grn_num":10966,"iso_lang_name":"Isoko","grn_name":"Isoko: Emede","scope":"Dialect","state":"Verified","parent_num":2390,"longitude":5.9339000000000004,"latitude":5.7039999999999997,"location":"Nigeria, Delta"}},{"type":"Feature","id":719,"geometry":{"type":"Point","coordinates":[6.0416812546239225,5.7427010453191052]},"properties":{"objectid":719,"iso":"iso","grn_num":10967,"iso_lang_name":"Isoko","grn_name":"Isoko: Enhwe","scope":"Dialect","state":"Verified","parent_num":2390,"longitude":5.9339000000000004,"latitude":5.7039999999999997,"location":"Nigeria, Delta"}},{"type":"Feature","id":720,"geometry":{"type":"Point","coordinates":[5.8593657620235398,5.6370144726448954]},"properties":{"objectid":720,"iso":"iso","grn_num":10968,"iso_lang_name":"Isoko","grn_name":"Isoko: Ibiede","scope":"Dialect","state":"Verified","parent_num":2390,"longitude":5.9339000000000004,"latitude":5.7039999999999997,"location":"Nigeria, Delta"}},{"type":"Feature","id":721,"geometry":{"type":"Point","coordinates":[5.9761089568350538,5.550562708623989]},"properties":{"objectid":721,"iso":"iso","grn_num":10969,"iso_lang_name":"Isoko","grn_name":"Isoko: Imiv","scope":"Dialect","state":"Verified","parent_num":2390,"longitude":5.9339000000000004,"latitude":5.7039999999999997,"location":"Nigeria, Delta"}},{"type":"Feature","id":722,"geometry":{"type":"Point","coordinates":[5.9380887415983645,5.6137723006383169]},"properties":{"objectid":722,"iso":"iso","grn_num":10970,"iso_lang_name":"Isoko","grn_name":"Isoko: Irri","scope":"Dialect","state":"Verified","parent_num":2390,"longitude":5.9339000000000004,"latitude":5.7039999999999997,"location":"Nigeria, Delta"}},{"type":"Feature","id":723,"geometry":{"type":"Point","coordinates":[6.0139894669770779,5.5716642571542572]},"properties":{"objectid":723,"iso":"iso","grn_num":10971,"iso_lang_name":"Isoko","grn_name":"Isoko: Itebiege","scope":"Dialect","state":"Verified","parent_num":2390,"longitude":5.9339000000000004,"latitude":5.7039999999999997,"location":"Nigeria, Delta"}},{"type":"Feature","id":724,"geometry":{"type":"Point","coordinates":[6.0207801448234797,5.5218401526807321]},"properties":{"objectid":724,"iso":"iso","grn_num":10973,"iso_lang_name":"Isoko","grn_name":"Isoko: Iyede","scope":"Dialect","state":"Verified","parent_num":2390,"longitude":5.9339000000000004,"latitude":5.7039999999999997,"location":"Nigeria, Delta"}},{"type":"Feature","id":725,"geometry":{"type":"Point","coordinates":[5.7335293860198417,5.7309286442397394]},"properties":{"objectid":725,"iso":"iso","grn_num":10974,"iso_lang_name":"Isoko","grn_name":"Isoko: Iyede-Ami","scope":"Dialect","state":"Verified","parent_num":2390,"longitude":5.9339000000000004,"latitude":5.7039999999999997,"location":"Nigeria, Delta"}},{"type":"Feature","id":726,"geometry":{"type":"Point","coordinates":[5.7502580171582842,5.7813335358692548]},"properties":{"objectid":726,"iso":"iso","grn_num":10975,"iso_lang_name":"Isoko","grn_name":"Isoko: Iyowo","scope":"Dialect","state":"Verified","parent_num":2390,"longitude":5.9339000000000004,"latitude":5.7039999999999997,"location":"Nigeria, Delta"}},{"type":"Feature","id":727,"geometry":{"type":"Point","coordinates":[5.8084935719008088,5.6340455912770819]},"properties":{"objectid":727,"iso":"iso","grn_num":10976,"iso_lang_name":"Isoko","grn_name":"Isoko: Ofagbe","scope":"Dialect","state":"Verified","parent_num":2390,"longitude":5.9339000000000004,"latitude":5.7039999999999997,"location":"Nigeria, Delta"}},{"type":"Feature","id":728,"geometry":{"type":"Point","coordinates":[6.0161000919748027,5.6960413980089859]},"properties":{"objectid":728,"iso":"iso","grn_num":10977,"iso_lang_name":"Isoko","grn_name":"Isoko: Ole","scope":"Dialect","state":"Verified","parent_num":2390,"longitude":5.9339000000000004,"latitude":5.7039999999999997,"location":"Nigeria, Delta"}},{"type":"Feature","id":729,"geometry":{"type":"Point","coordinates":[5.9352676273643352,5.7863058059551173]},"properties":{"objectid":729,"iso":"iso","grn_num":10978,"iso_lang_name":"Isoko","grn_name":"Isoko: Olomoro","scope":"Dialect","state":"Verified","parent_num":2390,"longitude":5.9339000000000004,"latitude":5.7039999999999997,"location":"Nigeria, Delta"}},{"type":"Feature","id":730,"geometry":{"type":"Point","coordinates":[5.9711367799408244,5.6661328323454496]},"properties":{"objectid":730,"iso":"iso","grn_num":10979,"iso_lang_name":"Isoko","grn_name":"Isoko: Owe","scope":"Dialect","state":"Verified","parent_num":2390,"longitude":5.9339000000000004,"latitude":5.7039999999999997,"location":"Nigeria, Delta"}},{"type":"Feature","id":731,"geometry":{"type":"Point","coordinates":[5.8498019723186401,5.7451226552986352]},"properties":{"objectid":731,"iso":"iso","grn_num":10980,"iso_lang_name":"Isoko","grn_name":"Isoko: Oyede","scope":"Dialect","state":"Verified","parent_num":2390,"longitude":5.9339000000000004,"latitude":5.7039999999999997,"location":"Nigeria, Delta"}},{"type":"Feature","id":732,"geometry":{"type":"Point","coordinates":[5.9746435333154517,5.8282709016748457]},"properties":{"objectid":732,"iso":"iso","grn_num":10981,"iso_lang_name":"Isoko","grn_name":"Isoko: Ozoro","scope":"Dialect","state":"Verified","parent_num":2390,"longitude":5.9339000000000004,"latitude":5.7039999999999997,"location":"Nigeria, Delta"}},{"type":"Feature","id":733,"geometry":{"type":"Point","coordinates":[5.9338999998364441,5.7039999997661184]},"properties":{"objectid":733,"iso":"iso","grn_num":10982,"iso_lang_name":"Isoko","grn_name":"Isoko: Ume","scope":"Dialect","state":"Verified","parent_num":2390,"longitude":5.9339000000000004,"latitude":5.7039999999999997,"location":"Nigeria, Delta"}},{"type":"Feature","id":734,"geometry":{"type":"Point","coordinates":[6.0171947116063764,5.6486694125753028]},"properties":{"objectid":734,"iso":"iso","grn_num":10983,"iso_lang_name":"Isoko","grn_name":"Isoko: Unogboko","scope":"Dialect","state":"Verified","parent_num":2390,"longitude":5.9339000000000004,"latitude":5.7039999999999997,"location":"Nigeria, Delta"}},{"type":"Feature","id":735,"geometry":{"type":"Point","coordinates":[5.9782186224320455,5.7332636294410344]},"properties":{"objectid":735,"iso":"iso","grn_num":10984,"iso_lang_name":"Isoko","grn_name":"Isoko: Uti","scope":"Dialect","state":"Verified","parent_num":2390,"longitude":5.9339000000000004,"latitude":5.7039999999999997,"location":"Nigeria, Delta"}},{"type":"Feature","id":736,"geometry":{"type":"Point","coordinates":[5.872716788779127,5.6972122032452761]},"properties":{"objectid":736,"iso":"iso","grn_num":10985,"iso_lang_name":"Isoko","grn_name":"Isoko: Uzere","scope":"Dialect","state":"Verified","parent_num":2390,"longitude":5.9339000000000004,"latitude":5.7039999999999997,"location":"Nigeria, Delta"}},{"type":"Feature","id":737,"geometry":{"type":"Point","coordinates":[7.7286453941629745,4.9290127585556611]},"properties":{"objectid":737,"iso":"itm","grn_num":11014,"iso_lang_name":"Itu Mbon Uzo","grn_name":"Itu Mbon Uzo","scope":"ISO_Lang","state":"Verified","parent_num":null,"longitude":7.8536999999999999,"latitude":4.9057000000000004,"location":"Nigeria, Akwa Ibom"}},{"type":"Feature","id":738,"geometry":{"type":"Point","coordinates":[5.9080806623644913,5.657590280725989]},"properties":{"objectid":738,"iso":"its","grn_num":2391,"iso_lang_name":"Itsekiri","grn_name":"Itsekiri","scope":"ISO_Lang","state":"Verified","parent_num":null,"longitude":5.9339000000000004,"latitude":5.7039999999999997,"location":"Nigeria, Delta"}},{"type":"Feature","id":739,"geometry":{"type":"Point","coordinates":[7.913105618995746,4.878367384717472]},"properties":{"objectid":739,"iso":"itw","grn_num":11012,"iso_lang_name":"Ito","grn_name":"Ito","scope":"ISO_Lang","state":"Verified","parent_num":null,"longitude":7.8536999999999999,"latitude":4.9057000000000004,"location":"Nigeria, Akwa Ibom"}},{"type":"Feature","id":740,"geometry":{"type":"Point","coordinates":[4.8768828731724909,6.9459279209052847]},"properties":{"objectid":740,"iso":"iya","grn_num":11030,"iso_lang_name":"Iyayu","grn_name":"Iyayu","scope":"ISO_Lang","state":"Verified","parent_num":null,"longitude":4.8417000000000003,"latitude":7.0999999999999996,"location":"Nigeria, Ondo"}},{"type":"Feature","id":741,"geometry":{"type":"Point","coordinates":[7.4859840721653077,10.162026629134962]},"properties":{"objectid":741,"iso":"izm","grn_num":28317,"iso_lang_name":"Kizamani","grn_name":"Kizamani","scope":"ISO_Lang","state":"Verified","parent_num":null,"longitude":7.4408000000000003,"latitude":10.5015,"location":"Nigeria, Kaduna"}},{"type":"Feature","id":742,"geometry":{"type":"Point","coordinates":[9.6197522802961544,9.0019875218595793]},"properties":{"objectid":742,"iso":"izr","grn_num":2534,"iso_lang_name":"Izere","grn_name":"Izere","scope":"ISO_Lang","state":"Verified","parent_num":null,"longitude":9.5179000000000009,"latitude":9.2181999999999995,"location":"Nigeria, Plateau"}},{"type":"Feature","id":743,"geometry":{"type":"Point","coordinates":[9.341412512666972,8.9515003439134713]},"properties":{"objectid":743,"iso":"izr","grn_num":11032,"iso_lang_name":"Izere","grn_name":"Izere: Ibor","scope":"Dialect","state":"Verified","parent_num":2534,"longitude":9.5179000000000009,"latitude":9.2181999999999995,"location":"Nigeria, Plateau"}},{"type":"Feature","id":744,"geometry":{"type":"Point","coordinates":[9.4040124576571777,9.5141175696000033]},"properties":{"objectid":744,"iso":"izr","grn_num":23903,"iso_lang_name":"Izere","grn_name":"Izere: Ifudere","scope":"Dialect","state":"Verified","parent_num":2534,"longitude":9.5179000000000009,"latitude":9.2181999999999995,"location":"Nigeria, Plateau"}},{"type":"Feature","id":745,"geometry":{"type":"Point","coordinates":[9.108132867611598,9.149722246000433]},"properties":{"objectid":745,"iso":"izr","grn_num":23901,"iso_lang_name":"Izere","grn_name":"Izere: Iganang","scope":"Dialect","state":"Verified","parent_num":2534,"longitude":9.5179000000000009,"latitude":9.2181999999999995,"location":"Nigeria, Plateau"}},{"type":"Feature","id":746,"geometry":{"type":"Point","coordinates":[9.2196783491037468,9.451471456093385]},"properties":{"objectid":746,"iso":"izr","grn_num":23904,"iso_lang_name":"Izere","grn_name":"Izere: Ikyo","scope":"Dialect","state":"Verified","parent_num":2534,"longitude":9.5179000000000009,"latitude":9.2181999999999995,"location":"Nigeria, Plateau"}},{"type":"Feature","id":747,"geometry":{"type":"Point","coordinates":[9.0955942250966455,9.0712218379526011]},"properties":{"objectid":747,"iso":"izr","grn_num":23900,"iso_lang_name":"Izere","grn_name":"Izere: Isum","scope":"Dialect","state":"Verified","parent_num":2534,"longitude":9.5179000000000009,"latitude":9.2181999999999995,"location":"Nigeria, Plateau"}},{"type":"Feature","id":748,"geometry":{"type":"Point","coordinates":[8.7499808089209985,7.4649888160807247]},"properties":{"objectid":748,"iso":"izz","grn_num":2274,"iso_lang_name":"Izii","grn_name":"Izii","scope":"ISO_Lang","state":"Verified","parent_num":null,"longitude":8.7403999999999993,"latitude":7.3369,"location":"Nigeria, Benue"}},{"type":"Feature","id":749,"geometry":{"type":"Point","coordinates":[7.1281754753404503,10.562644274658544]},"properties":{"objectid":749,"iso":"jab","grn_num":2005,"iso_lang_name":"Hyam","grn_name":"Hyam","scope":"ISO_Lang","state":"Verified","parent_num":null,"longitude":7.4408000000000003,"latitude":10.5015,"location":"Nigeria, Kaduna"}},{"type":"Feature","id":750,"geometry":{"type":"Point","coordinates":[7.447249212984139,10.181220588308616]},"properties":{"objectid":750,"iso":"jab","grn_num":25541,"iso_lang_name":"Hyam","grn_name":"Hyam: Dzar","scope":"Dialect","state":"Verified","parent_num":2005,"longitude":7.4408000000000003,"latitude":10.5015,"location":"Nigeria, Kaduna"}},{"type":"Feature","id":751,"geometry":{"type":"Point","coordinates":[7.3947198647241859,10.475096942950605]},"properties":{"objectid":751,"iso":"jab","grn_num":2006,"iso_lang_name":"Hyam","grn_name":"Hyam: Kwoi","scope":"Dialect","state":"Verified","parent_num":2005,"longitude":7.4408000000000003,"latitude":10.5015,"location":"Nigeria, Kaduna"}},{"type":"Feature","id":752,"geometry":{"type":"Point","coordinates":[7.4580548121781938,10.677074484949532]},"properties":{"objectid":752,"iso":"jab","grn_num":25543,"iso_lang_name":"Hyam","grn_name":"Hyam: Kwyeny","scope":"Dialect","state":"Verified","parent_num":2005,"longitude":7.4408000000000003,"latitude":10.5015,"location":"Nigeria, Kaduna"}},{"type":"Feature","id":753,"geometry":{"type":"Point","coordinates":[7.3549943703971259,10.716973193644341]},"properties":{"objectid":753,"iso":"jab","grn_num":25542,"iso_lang_name":"Hyam","grn_name":"Hyam: Nok","scope":"Dialect","state":"Verified","parent_num":2005,"longitude":7.4408000000000003,"latitude":10.5015,"location":"Nigeria, Kaduna"}},{"type":"Feature","id":754,"geometry":{"type":"Point","coordinates":[7.265365082400014,10.522126488941726]},"properties":{"objectid":754,"iso":"jab","grn_num":25544,"iso_lang_name":"Hyam","grn_name":"Hyam: Saik","scope":"Dialect","state":"Verified","parent_num":2005,"longitude":7.4408000000000003,"latitude":10.5015,"location":"Nigeria, Kaduna"}},{"type":"Feature","id":755,"geometry":{"type":"Point","coordinates":[7.3533220954102809,10.387508672430831]},"properties":{"objectid":755,"iso":"jab","grn_num":2010,"iso_lang_name":"Hyam","grn_name":"Hyam: Samban","scope":"Dialect","state":"Verified","parent_num":2005,"longitude":7.4408000000000003,"latitude":10.5015,"location":"Nigeria, Kaduna"}},{"type":"Feature","id":756,"geometry":{"type":"Point","coordinates":[7.3359021046594926,10.337338519344314]},"properties":{"objectid":756,"iso":"jab","grn_num":25545,"iso_lang_name":"Hyam","grn_name":"Hyam: Yaat","scope":"Dialect","state":"Verified","parent_num":2005,"longitude":7.4408000000000003,"latitude":10.5015,"location":"Nigeria, Kaduna"}},{"type":"Feature","id":757,"geometry":{"type":"Point","coordinates":[7.5921469957987791,10.540715556013522]},"properties":{"objectid":757,"iso":"jab","grn_num":6384,"iso_lang_name":"Hyam","grn_name":"Jaba: Gora","scope":"Dialect","state":"Verified","parent_num":2005,"longitude":7.4408000000000003,"latitude":10.5015,"location":"Nigeria, Kaduna"}},{"type":"Feature","id":758,"geometry":{"type":"Point","coordinates":[13.194382264356802,12.00118926572982]},"properties":{"objectid":758,"iso":"jaf","grn_num":2558,"iso_lang_name":"Jara","grn_name":"Jarra","scope":"ISO_Lang","state":"Verified","parent_num":null,"longitude":13.151999999999999,"latitude":11.884600000000001,"location":"Nigeria, Borno"}},{"type":"Feature","id":759,"geometry":{"type":"Point","coordinates":[9.3970235872046217,9.0906636437936506]},"properties":{"objectid":759,"iso":"jbm","grn_num":2477,"iso_lang_name":"Bijim","grn_name":"Bijim","scope":"ISO_Lang","state":"Verified","parent_num":null,"longitude":9.5179000000000009,"latitude":9.2181999999999995,"location":"Nigeria, Plateau"}},{"type":"Feature","id":760,"geometry":{"type":"Point","coordinates":[9.4271456644446925,8.8571968640898291]},"properties":{"objectid":760,"iso":"jbm","grn_num":17996,"iso_lang_name":"Bijim","grn_name":"Bijim: Legeri","scope":"Dialect","state":"Verified","parent_num":2477,"longitude":9.5179000000000009,"latitude":9.2181999999999995,"location":"Nigeria, Plateau"}},{"type":"Feature","id":761,"geometry":{"type":"Point","coordinates":[10.629547985423409,8.0101093043146658]},"properties":{"objectid":761,"iso":"jbu","grn_num":4060,"iso_lang_name":"Jukun Takum","grn_name":"Jukun: Dampar","scope":"Dialect","state":"Verified","parent_num":2664,"longitude":10.774000000000001,"latitude":7.9993999999999996,"location":"Nigeria, Taraba"}},{"type":"Feature","id":762,"geometry":{"type":"Point","coordinates":[10.903995844304973,8.0774323589484105]},"properties":{"objectid":762,"iso":"jbu","grn_num":2664,"iso_lang_name":"Jukun Takum","grn_name":"Jukun Takum","scope":"ISO_Lang","state":"Verified","parent_num":null,"longitude":10.774000000000001,"latitude":7.9993999999999996,"location":"Nigeria, Taraba"}},{"type":"Feature","id":763,"geometry":{"type":"Point","coordinates":[10.978650042242606,7.9336765519365864]},"properties":{"objectid":763,"iso":"jen","grn_num":9492,"iso_lang_name":"Dza","grn_name":"Dza: Jaule","scope":"Dialect","state":"Verified","parent_num":2657,"longitude":10.774000000000001,"latitude":7.9993999999999996,"location":"Nigeria, Taraba"}},{"type":"Feature","id":764,"geometry":{"type":"Point","coordinates":[10.610927016308034,8.1071409679900928]},"properties":{"objectid":764,"iso":"jen","grn_num":9493,"iso_lang_name":"Dza","grn_name":"Dza: Kaigama","scope":"Dialect","state":"Verified","parent_num":2657,"longitude":10.774000000000001,"latitude":7.9993999999999996,"location":"Nigeria, Taraba"}},{"type":"Feature","id":765,"geometry":{"type":"Point","coordinates":[10.610559138232885,7.857316024368842]},"properties":{"objectid":765,"iso":"jen","grn_num":9494,"iso_lang_name":"Dza","grn_name":"Dza: Laredo","scope":"Dialect","state":"Verified","parent_num":2657,"longitude":10.774000000000001,"latitude":7.9993999999999996,"location":"Nigeria, Taraba"}},{"type":"Feature","id":766,"geometry":{"type":"Point","coordinates":[10.742943301104825,8.1299054101060726]},"properties":{"objectid":766,"iso":"jen","grn_num":2657,"iso_lang_name":"Dza","grn_name":"Jen","scope":"ISO_Lang","state":"Verified","parent_num":null,"longitude":10.774000000000001,"latitude":7.9993999999999996,"location":"Nigeria, Taraba"}},{"type":"Feature","id":767,"geometry":{"type":"Point","coordinates":[9.7625396986245256,9.149142164016963]},"properties":{"objectid":767,"iso":"jer","grn_num":11137,"iso_lang_name":"Jere","grn_name":"Jere","scope":"ISO_Lang","state":"Verified","parent_num":null,"longitude":9.5179000000000009,"latitude":9.2181999999999995,"location":"Nigeria, Plateau"}},{"type":"Feature","id":768,"geometry":{"type":"Point","coordinates":[9.2671599973069263,9.2587788161538409]},"properties":{"objectid":768,"iso":"jer","grn_num":22682,"iso_lang_name":"Jere","grn_name":"Jere: Azelle","scope":"Dialect","state":"Verified","parent_num":11137,"longitude":9.5179000000000009,"latitude":9.2181999999999995,"location":"Nigeria, Plateau"}},{"type":"Feature","id":769,"geometry":{"type":"Point","coordinates":[9.3906288705657968,9.5692199220849439]},"properties":{"objectid":769,"iso":"jer","grn_num":1964,"iso_lang_name":"Jere","grn_name":"Jere: Boze","scope":"Dialect","state":"Verified","parent_num":11137,"longitude":9.5179000000000009,"latitude":9.2181999999999995,"location":"Nigeria, Plateau"}},{"type":"Feature","id":770,"geometry":{"type":"Point","coordinates":[9.0635239921611657,9.2162722262528316]},"properties":{"objectid":770,"iso":"jer","grn_num":1925,"iso_lang_name":"Jere","grn_name":"Jere: Gusu","scope":"Dialect","state":"Verified","parent_num":11137,"longitude":9.5179000000000009,"latitude":9.2181999999999995,"location":"Nigeria, Plateau"}},{"type":"Feature","id":771,"geometry":{"type":"Point","coordinates":[9.6023458163769249,9.3088191841746415]},"properties":{"objectid":771,"iso":"jer","grn_num":24034,"iso_lang_name":"Jere","grn_name":"Jere: Panawa","scope":"Dialect","state":"Verified","parent_num":11137,"longitude":9.5179000000000009,"latitude":9.2181999999999995,"location":"Nigeria, Plateau"}},{"type":"Feature","id":772,"geometry":{"type":"Point","coordinates":[9.4536658001276965,9.1866777363899867]},"properties":{"objectid":772,"iso":"jer","grn_num":2115,"iso_lang_name":"Jere","grn_name":"Jere: Ribina","scope":"Dialect","state":"Verified","parent_num":11137,"longitude":9.5179000000000009,"latitude":9.2181999999999995,"location":"Nigeria, Plateau"}},{"type":"Feature","id":773,"geometry":{"type":"Point","coordinates":[9.7509251620255295,9.9037956054309877]},"properties":{"objectid":773,"iso":"jgk","grn_num":22543,"iso_lang_name":"Gwak","grn_name":"Gwak","scope":"ISO_Lang","state":"Verified","parent_num":null,"longitude":9.8404000000000007,"latitude":10.305999999999999,"location":"Nigeria, Bauchi"}},{"type":"Feature","id":774,"geometry":{"type":"Point","coordinates":[10.029965238283911,10.483355517857143]},"properties":{"objectid":774,"iso":"jgk","grn_num":1961,"iso_lang_name":"Gwak","grn_name":"Jarawan Bununu","scope":"Dialect","state":"Verified","parent_num":22543,"longitude":9.8404000000000007,"latitude":10.305999999999999,"location":"Nigeria, Bauchi"}},{"type":"Feature","id":775,"geometry":{"type":"Point","coordinates":[10.924976941894933,8.2893684423041165]},"properties":{"objectid":775,"iso":"jib","grn_num":2579,"iso_lang_name":"Jibu","grn_name":"Jibu","scope":"ISO_Lang","state":"Verified","parent_num":null,"longitude":10.774000000000001,"latitude":7.9993999999999996,"location":"Nigeria, Taraba"}},{"type":"Feature","id":776,"geometry":{"type":"Point","coordinates":[10.908679962928613,8.2388223370486156]},"properties":{"objectid":776,"iso":"jib","grn_num":11151,"iso_lang_name":"Jibu","grn_name":"Jibu: Galamjina","scope":"Dialect","state":"Verified","parent_num":2579,"longitude":10.774000000000001,"latitude":7.9993999999999996,"location":"Nigeria, Taraba"}},{"type":"Feature","id":777,"geometry":{"type":"Point","coordinates":[11.08358083393742,8.0128214753900728]},"properties":{"objectid":777,"iso":"jib","grn_num":11152,"iso_lang_name":"Jibu","grn_name":"Jibu: Garbabi","scope":"Dialect","state":"Verified","parent_num":2579,"longitude":10.774000000000001,"latitude":7.9993999999999996,"location":"Nigeria, Taraba"}},{"type":"Feature","id":778,"geometry":{"type":"Point","coordinates":[10.78465868236386,7.7028080799055338]},"properties":{"objectid":778,"iso":"jib","grn_num":11153,"iso_lang_name":"Jibu","grn_name":"Jibu: Gayam","scope":"Dialect","state":"Verified","parent_num":2579,"longitude":10.774000000000001,"latitude":7.9993999999999996,"location":"Nigeria, Taraba"}},{"type":"Feature","id":779,"geometry":{"type":"Point","coordinates":[7.4413335580048496,10.626509057707921]},"properties":{"objectid":779,"iso":"jid","grn_num":2273,"iso_lang_name":"Bu","grn_name":"Buh","scope":"ISO_Lang","state":"Verified","parent_num":null,"longitude":7.4408000000000003,"latitude":10.5015,"location":"Nigeria, Kaduna"}},{"type":"Feature","id":780,"geometry":{"type":"Point","coordinates":[7.4928788961941715,10.214685547271952]},"properties":{"objectid":780,"iso":"jid","grn_num":8388,"iso_lang_name":"Bu","grn_name":"Bu: Nkadan","scope":"Dialect","state":"Verified","parent_num":2273,"longitude":7.4408000000000003,"latitude":10.5015,"location":"Nigeria, Kaduna"}},{"type":"Feature","id":781,"geometry":{"type":"Point","coordinates":[13.185627180291526,11.925706118875725]},"properties":{"objectid":781,"iso":"jie","grn_num":11156,"iso_lang_name":"Jilbe","grn_name":"Jilbe","scope":"ISO_Lang","state":"Verified","parent_num":null,"longitude":13.151999999999999,"latitude":11.884600000000001,"location":"Nigeria, Borno"}},{"type":"Feature","id":782,"geometry":{"type":"Point","coordinates":[9.637850438001017,10.18390739294035]},"properties":{"objectid":782,"iso":"jjr","grn_num":1960,"iso_lang_name":"Bankal","grn_name":"Bankal","scope":"ISO_Lang","state":"Verified","parent_num":null,"longitude":9.8404000000000007,"latitude":10.305999999999999,"location":"Nigeria, Bauchi"}},{"type":"Feature","id":783,"geometry":{"type":"Point","coordinates":[9.7375891371351688,10.225456802568468]},"properties":{"objectid":783,"iso":"jku","grn_num":2048,"iso_lang_name":"Labir","grn_name":"Jakun","scope":"ISO_Lang","state":"Verified","parent_num":null,"longitude":9.8404000000000007,"latitude":10.305999999999999,"location":"Nigeria, Bauchi"}},{"type":"Feature","id":784,"geometry":{"type":"Point","coordinates":[9.7760268488917514,10.404851431747751]},"properties":{"objectid":784,"iso":"jmb","grn_num":2666,"iso_lang_name":"Zibinju","grn_name":"Jimbin","scope":"ISO_Lang","state":"Verified","parent_num":null,"longitude":9.8404000000000007,"latitude":10.305999999999999,"location":"Nigeria, Bauchi"}},{"type":"Feature","id":785,"geometry":{"type":"Point","coordinates":[9.6982259971425719,10.423586107797771]},"properties":{"objectid":785,"iso":"jmi","grn_num":2661,"iso_lang_name":"Jimi (Nigeria)","grn_name":"Jimi","scope":"ISO_Lang","state":"Verified","parent_num":null,"longitude":9.8404000000000007,"latitude":10.305999999999999,"location":"Nigeria, Bauchi"}},{"type":"Feature","id":786,"geometry":{"type":"Point","coordinates":[9.8455772739325571,10.065260575385414]},"properties":{"objectid":786,"iso":"jmi","grn_num":11165,"iso_lang_name":"Jimi (Nigeria)","grn_name":"Jimi: Zumo","scope":"Dialect","state":"Verified","parent_num":2661,"longitude":9.8404000000000007,"latitude":10.305999999999999,"location":"Nigeria, Bauchi"}},{"type":"Feature","id":787,"geometry":{"type":"Point","coordinates":[10.742251050363755,7.7187752280686519]},"properties":{"objectid":787,"iso":"jms","grn_num":6231,"iso_lang_name":"Mashi (Nigeria)","grn_name":"Mashi","scope":"ISO_Lang","state":"Verified","parent_num":null,"longitude":10.774000000000001,"latitude":7.9993999999999996,"location":"Nigeria, Taraba"}},{"type":"Feature","id":788,"geometry":{"type":"Point","coordinates":[7.3184699974321861,10.522733346095022]},"properties":{"objectid":788,"iso":"jni","grn_num":6322,"iso_lang_name":"Janji","grn_name":"Janji","scope":"ISO_Lang","state":"Verified","parent_num":null,"longitude":7.4408000000000003,"latitude":10.5015,"location":"Nigeria, Kaduna"}},{"type":"Feature","id":789,"geometry":{"type":"Point","coordinates":[10.658006307298804,7.7812307747444605]},"properties":{"objectid":789,"iso":"jrr","grn_num":11179,"iso_lang_name":"Jiru","grn_name":"Jiru","scope":"ISO_Lang","state":"Verified","parent_num":null,"longitude":10.774000000000001,"latitude":7.9993999999999996,"location":"Nigeria, Taraba"}},{"type":"Feature","id":790,"geometry":{"type":"Point","coordinates":[9.1617337541902018,9.4058772844256762]},"properties":{"objectid":790,"iso":"jrt","grn_num":11194,"iso_lang_name":"Jakattoe","grn_name":"Jakattoe","scope":"ISO_Lang","state":"Verified","parent_num":null,"longitude":9.5179000000000009,"latitude":9.2181999999999995,"location":"Nigeria, Plateau"}},{"type":"Feature","id":791,"geometry":{"type":"Point","coordinates":[8.8504819019485783,7.3078867649683517]},"properties":{"objectid":791,"iso":"jub","grn_num":4062,"iso_lang_name":"Wannu","grn_name":"Wannu","scope":"ISO_Lang","state":"Verified","parent_num":null,"longitude":8.7403999999999993,"latitude":7.3369,"location":"Nigeria, Benue"}},{"type":"Feature","id":792,"geometry":{"type":"Point","coordinates":[11.218093838742721,10.30731444135454]},"properties":{"objectid":792,"iso":"juh","grn_num":19081,"iso_lang_name":"Hõne","grn_name":"Hone","scope":"ISO_Lang","state":"Verified","parent_num":null,"longitude":11.1731,"latitude":10.2791,"location":"Nigeria, Gombe"}},{"type":"Feature","id":793,"geometry":{"type":"Point","coordinates":[11.16456213861067,10.352626426365486]},"properties":{"objectid":793,"iso":"juh","grn_num":23965,"iso_lang_name":"Hõne","grn_name":"Hone: Gwana","scope":"Dialect","state":"Verified","parent_num":19081,"longitude":11.1731,"latitude":10.2791,"location":"Nigeria, Gombe"}},{"type":"Feature","id":794,"geometry":{"type":"Point","coordinates":[11.130996675156128,10.311469896761515]},"properties":{"objectid":794,"iso":"juh","grn_num":23966,"iso_lang_name":"Hõne","grn_name":"Hone: Pindiga","scope":"Dialect","state":"Verified","parent_num":19081,"longitude":11.1731,"latitude":10.2791,"location":"Nigeria, Gombe"}},{"type":"Feature","id":795,"geometry":{"type":"Point","coordinates":[10.836455144590808,7.986802456741418]},"properties":{"objectid":795,"iso":"juk","grn_num":1764,"iso_lang_name":"Wapan","grn_name":"Wapan","scope":"ISO_Lang","state":"Verified","parent_num":null,"longitude":10.774000000000001,"latitude":7.9993999999999996,"location":"Nigeria, Taraba"}},{"type":"Feature","id":796,"geometry":{"type":"Point","coordinates":[10.761424451937799,8.3406389089139488]},"properties":{"objectid":796,"iso":"juk","grn_num":18187,"iso_lang_name":"Wapan","grn_name":"Wapan: Wukan","scope":"Dialect","state":"Verified","parent_num":1764,"longitude":10.774000000000001,"latitude":7.9993999999999996,"location":"Nigeria, Taraba"}},{"type":"Feature","id":797,"geometry":{"type":"Point","coordinates":[10.601405129417909,7.6997350568214236]},"properties":{"objectid":797,"iso":"juo","grn_num":12201,"iso_lang_name":"jiba","grn_name":"jiba","scope":"ISO_Lang","state":"Verified","parent_num":null,"longitude":10.774000000000001,"latitude":7.9993999999999996,"location":"Nigeria, Taraba"}},{"type":"Feature","id":798,"geometry":{"type":"Point","coordinates":[10.805887555072101,7.8227093476398259]},"properties":{"objectid":798,"iso":"juo","grn_num":4175,"iso_lang_name":"jiba","grn_name":"Jukun Kona","scope":"Dialect","state":"Verified","parent_num":12201,"longitude":10.774000000000001,"latitude":7.9993999999999996,"location":"Nigeria, Taraba"}},{"type":"Feature","id":799,"geometry":{"type":"Point","coordinates":[9.6433051952557474,10.063325146230227]},"properties":{"objectid":799,"iso":"juu","grn_num":11195,"iso_lang_name":"Juu","grn_name":"Juu","scope":"ISO_Lang","state":"Verified","parent_num":null,"longitude":9.8404000000000007,"latitude":10.305999999999999,"location":"Nigeria, Bauchi"}},{"type":"Feature","id":800,"geometry":{"type":"Point","coordinates":[9.3745300949854613,9.147588426421299]},"properties":{"objectid":800,"iso":"juw","grn_num":18220,"iso_lang_name":"Wãpha","grn_name":"Wase","scope":"ISO_Lang","state":"Verified","parent_num":null,"longitude":9.5179000000000009,"latitude":9.2181999999999995,"location":"Nigeria, Plateau"}},{"type":"Feature","id":801,"geometry":{"type":"Point","coordinates":[7.3989894880993043,10.624105450408855]},"properties":{"objectid":801,"iso":"kad","grn_num":11280,"iso_lang_name":"Adara","grn_name":"Adara","scope":"ISO_Lang","state":"Verified","parent_num":null,"longitude":7.4408000000000003,"latitude":10.5015,"location":"Nigeria, Kaduna"}},{"type":"Feature","id":802,"geometry":{"type":"Point","coordinates":[7.6230281952679801,10.339535611627115]},"properties":{"objectid":802,"iso":"kad","grn_num":23968,"iso_lang_name":"Adara","grn_name":"Adara: Ada","scope":"Dialect","state":"Verified","parent_num":11280,"longitude":7.4408000000000003,"latitude":10.5015,"location":"Nigeria, Kaduna"}},{"type":"Feature","id":803,"geometry":{"type":"Point","coordinates":[7.5511714912622603,10.324579400419349]},"properties":{"objectid":803,"iso":"kad","grn_num":20010,"iso_lang_name":"Adara","grn_name":"Adara: Edara","scope":"Dialect","state":"Verified","parent_num":11280,"longitude":7.4408000000000003,"latitude":10.5015,"location":"Nigeria, Kaduna"}},{"type":"Feature","id":804,"geometry":{"type":"Point","coordinates":[7.4433378988297223,10.128256431682418]},"properties":{"objectid":804,"iso":"kad","grn_num":23875,"iso_lang_name":"Adara","grn_name":"Adara: Eneje","scope":"Dialect","state":"Verified","parent_num":11280,"longitude":7.4408000000000003,"latitude":10.5015,"location":"Nigeria, Kaduna"}},{"type":"Feature","id":805,"geometry":{"type":"Point","coordinates":[7.3959487375749751,10.677126710955337]},"properties":{"objectid":805,"iso":"kad","grn_num":2072,"iso_lang_name":"Adara","grn_name":"Adara: Idon","scope":"Dialect","state":"Verified","parent_num":11280,"longitude":7.4408000000000003,"latitude":10.5015,"location":"Nigeria, Kaduna"}},{"type":"Feature","id":806,"geometry":{"type":"Point","coordinates":[7.5737374146427889,10.642411143968841]},"properties":{"objectid":806,"iso":"kad","grn_num":2027,"iso_lang_name":"Adara","grn_name":"Adara: Kufana","scope":"Dialect","state":"Verified","parent_num":11280,"longitude":7.4408000000000003,"latitude":10.5015,"location":"Nigeria, Kaduna"}},{"type":"Feature","id":807,"geometry":{"type":"Point","coordinates":[7.227966192319462,10.48750705983104]},"properties":{"objectid":807,"iso":"kad","grn_num":2026,"iso_lang_name":"Adara","grn_name":"Kadara: Adunu","scope":"Dialect","state":"Verified","parent_num":11280,"longitude":7.4408000000000003,"latitude":10.5015,"location":"Nigeria, Kaduna"}},{"type":"Feature","id":808,"geometry":{"type":"Point","coordinates":[7.4847039189865461,10.287702707640815]},"properties":{"objectid":808,"iso":"kad","grn_num":11281,"iso_lang_name":"Adara","grn_name":"Kadara: Iri","scope":"Dialect","state":"Verified","parent_num":11280,"longitude":7.4408000000000003,"latitude":10.5015,"location":"Nigeria, Kaduna"}},{"type":"Feature","id":809,"geometry":{"type":"Point","coordinates":[7.2848849039920385,10.355412304858868]},"properties":{"objectid":809,"iso":"kad","grn_num":11282,"iso_lang_name":"Adara","grn_name":"Kadara: Kachia","scope":"Dialect","state":"Verified","parent_num":11280,"longitude":7.4408000000000003,"latitude":10.5015,"location":"Nigeria, Kaduna"}},{"type":"Feature","id":810,"geometry":{"type":"Point","coordinates":[7.444840922233869,10.770897991036236]},"properties":{"objectid":810,"iso":"kad","grn_num":11283,"iso_lang_name":"Adara","grn_name":"Kadara: Kajuru","scope":"Dialect","state":"Verified","parent_num":11280,"longitude":7.4408000000000003,"latitude":10.5015,"location":"Nigeria, Kaduna"}},{"type":"Feature","id":811,"geometry":{"type":"Point","coordinates":[7.6617294017620177,10.466235666868167]},"properties":{"objectid":811,"iso":"kad","grn_num":11284,"iso_lang_name":"Adara","grn_name":"Kadara: Minna","scope":"Dialect","state":"Verified","parent_num":11280,"longitude":7.4408000000000003,"latitude":10.5015,"location":"Nigeria, Kaduna"}},{"type":"Feature","id":812,"geometry":{"type":"Point","coordinates":[9.6228848152863513,10.529821506953532]},"properties":{"objectid":812,"iso":"kai","grn_num":11607,"iso_lang_name":"Karekare","grn_name":"Karekare: Birkai","scope":"Dialect","state":"Verified","parent_num":1963,"longitude":9.8404000000000007,"latitude":10.305999999999999,"location":"Nigeria, Bauchi"}},{"type":"Feature","id":813,"geometry":{"type":"Point","coordinates":[9.6877268519194661,10.343716626091112]},"properties":{"objectid":813,"iso":"kai","grn_num":11608,"iso_lang_name":"Karekare","grn_name":"Karekare: Jalalam","scope":"Dialect","state":"Verified","parent_num":1963,"longitude":9.8404000000000007,"latitude":10.305999999999999,"location":"Nigeria, Bauchi"}},{"type":"Feature","id":814,"geometry":{"type":"Point","coordinates":[10.004734122151554,10.031900476576673]},"properties":{"objectid":814,"iso":"kai","grn_num":11609,"iso_lang_name":"Karekare","grn_name":"Karekare: Kwarta Mataci","scope":"Dialect","state":"Verified","parent_num":1963,"longitude":9.8404000000000007,"latitude":10.305999999999999,"location":"Nigeria, Bauchi"}},{"type":"Feature","id":815,"geometry":{"type":"Point","coordinates":[9.7687238708219759,10.565381879368902]},"properties":{"objectid":815,"iso":"kai","grn_num":1963,"iso_lang_name":"Karekare","grn_name":"Keraikerai","scope":"ISO_Lang","state":"Verified","parent_num":null,"longitude":9.8404000000000007,"latitude":10.305999999999999,"location":"Nigeria, Bauchi"}},{"type":"Feature","id":816,"geometry":{"type":"Point","coordinates":[7.3955439603012172,10.362205925931459]},"properties":{"objectid":816,"iso":"kaj","grn_num":1962,"iso_lang_name":"Jju","grn_name":"Bajju","scope":"ISO_Lang","state":"Verified","parent_num":null,"longitude":7.4408000000000003,"latitude":10.5015,"location":"Nigeria, Kaduna"}},{"type":"Feature","id":817,"geometry":{"type":"Point","coordinates":[9.5781225246533861,9.1318833546903893]},"properties":{"objectid":817,"iso":"kbz","grn_num":2472,"iso_lang_name":"Duhwa","grn_name":"Karfa","scope":"ISO_Lang","state":"Verified","parent_num":null,"longitude":9.5179000000000009,"latitude":9.2181999999999995,"location":"Nigeria, Plateau"}},{"type":"Feature","id":818,"geometry":{"type":"Point","coordinates":[8.3526667511147306,5.8520091428136576]},"properties":{"objectid":818,"iso":"kcc","grn_num":13100,"iso_lang_name":"Lubila","grn_name":"Lubila","scope":"ISO_Lang","state":"Verified","parent_num":null,"longitude":8.5,"latitude":5.75,"location":"Nigeria, Cross River"}},{"type":"Feature","id":819,"geometry":{"type":"Point","coordinates":[7.6314304651071332,10.659523630790117]},"properties":{"objectid":819,"iso":"kce","grn_num":2570,"iso_lang_name":"Kaivi","grn_name":"Kaivi","scope":"ISO_Lang","state":"Verified","parent_num":null,"longitude":7.4408000000000003,"latitude":10.5015,"location":"Nigeria, Kaduna"}},{"type":"Feature","id":820,"geometry":{"type":"Point","coordinates":[4.8765925807918213,7.1400375827585769]},"properties":{"objectid":820,"iso":"kcf","grn_num":2371,"iso_lang_name":"Ukaan","grn_name":"Ukaan","scope":"ISO_Lang","state":"Verified","parent_num":null,"longitude":4.8417000000000003,"latitude":7.0999999999999996,"location":"Nigeria, Ondo"}},{"type":"Feature","id":821,"geometry":{"type":"Point","coordinates":[4.8460745091065185,7.2279204820490177]},"properties":{"objectid":821,"iso":"kcf","grn_num":17907,"iso_lang_name":"Ukaan","grn_name":"Ukaan: Auga","scope":"Dialect","state":"Verified","parent_num":2371,"longitude":4.8417000000000003,"latitude":7.0999999999999996,"location":"Nigeria, Ondo"}},{"type":"Feature","id":822,"geometry":{"type":"Point","coordinates":[4.8871501416612126,7.0074096656350386]},"properties":{"objectid":822,"iso":"kcf","grn_num":28119,"iso_lang_name":"Ukaan","grn_name":"Ukaan: Ayanran","scope":"Dialect","state":"Verified","parent_num":2371,"longitude":4.8417000000000003,"latitude":7.0999999999999996,"location":"Nigeria, Ondo"}},{"type":"Feature","id":823,"geometry":{"type":"Point","coordinates":[4.7677852873548101,6.9371316830488547]},"properties":{"objectid":823,"iso":"kcf","grn_num":27448,"iso_lang_name":"Ukaan","grn_name":"Ukaan: Ekakumo","scope":"Dialect","state":"Verified","parent_num":2371,"longitude":4.8417000000000003,"latitude":7.0999999999999996,"location":"Nigeria, Ondo"}},{"type":"Feature","id":824,"geometry":{"type":"Point","coordinates":[4.8211868431617733,6.9462833880308237]},"properties":{"objectid":824,"iso":"kcf","grn_num":23896,"iso_lang_name":"Ukaan","grn_name":"Ukaan: Iiagu","scope":"Dialect","state":"Verified","parent_num":2371,"longitude":4.8417000000000003,"latitude":7.0999999999999996,"location":"Nigeria, Ondo"}},{"type":"Feature","id":825,"geometry":{"type":"Point","coordinates":[4.8088255020328114,7.1417105217035157]},"properties":{"objectid":825,"iso":"kcf","grn_num":27449,"iso_lang_name":"Ukaan","grn_name":"Ukaan: Ishe","scope":"Dialect","state":"Verified","parent_num":2371,"longitude":4.8417000000000003,"latitude":7.0999999999999996,"location":"Nigeria, Ondo"}},{"type":"Feature","id":826,"geometry":{"type":"Point","coordinates":[7.4384684918989334,10.074781501190442]},"properties":{"objectid":826,"iso":"kcg","grn_num":28594,"iso_lang_name":"Tyap","grn_name":"Tyap","scope":"ISO_Lang","state":"Verified","parent_num":null,"longitude":7.4408000000000003,"latitude":10.5015,"location":"Nigeria, Kaduna"}},{"type":"Feature","id":827,"geometry":{"type":"Point","coordinates":[7.2843077984057585,10.768712206024373]},"properties":{"objectid":827,"iso":"kcg","grn_num":17872,"iso_lang_name":"Tyap","grn_name":"Tyap: Attakar","scope":"Dialect","state":"Verified","parent_num":28594,"longitude":7.4408000000000003,"latitude":10.5015,"location":"Nigeria, Kaduna"}},{"type":"Feature","id":828,"geometry":{"type":"Point","coordinates":[7.572768419013812,10.248857009404309]},"properties":{"objectid":828,"iso":"kcg","grn_num":17874,"iso_lang_name":"Tyap","grn_name":"Tyap: Fantswam","scope":"Dialect","state":"Verified","parent_num":28594,"longitude":7.4408000000000003,"latitude":10.5015,"location":"Nigeria, Kaduna"}},{"type":"Feature","id":829,"geometry":{"type":"Point","coordinates":[7.1628992489802084,10.351398331979235]},"properties":{"objectid":829,"iso":"kcg","grn_num":1863,"iso_lang_name":"Tyap","grn_name":"Tyap: Gworog","scope":"Dialect","state":"Verified","parent_num":28594,"longitude":7.4408000000000003,"latitude":10.5015,"location":"Nigeria, Kaduna"}},{"type":"Feature","id":830,"geometry":{"type":"Point","coordinates":[7.699284124391526,10.429642952881737]},"properties":{"objectid":830,"iso":"kcg","grn_num":2045,"iso_lang_name":"Tyap","grn_name":"Tyap: Katab","scope":"Dialect","state":"Verified","parent_num":28594,"longitude":7.4408000000000003,"latitude":10.5015,"location":"Nigeria, Kaduna"}},{"type":"Feature","id":831,"geometry":{"type":"Point","coordinates":[7.3967055726934321,10.15724011100709]},"properties":{"objectid":831,"iso":"kcg","grn_num":4544,"iso_lang_name":"Tyap","grn_name":"Tyap: Sholyio","scope":"Dialect","state":"Verified","parent_num":28594,"longitude":7.4408000000000003,"latitude":10.5015,"location":"Nigeria, Kaduna"}},{"type":"Feature","id":832,"geometry":{"type":"Point","coordinates":[7.2701436912151483,10.416853181338714]},"properties":{"objectid":832,"iso":"kcg","grn_num":17873,"iso_lang_name":"Tyap","grn_name":"Tyap: Tyecarat","scope":"Dialect","state":"Verified","parent_num":28594,"longitude":7.4408000000000003,"latitude":10.5015,"location":"Nigeria, Kaduna"}},{"type":"Feature","id":833,"geometry":{"type":"Point","coordinates":[7.1915828979732819,10.546721411064903]},"properties":{"objectid":833,"iso":"kcg","grn_num":20008,"iso_lang_name":"Tyap","grn_name":"Tyap: Tyuku","scope":"Dialect","state":"Verified","parent_num":28594,"longitude":7.4408000000000003,"latitude":10.5015,"location":"Nigeria, Kaduna"}},{"type":"Feature","id":834,"geometry":{"type":"Point","coordinates":[7.3808291472138601,10.309017835082926]},"properties":{"objectid":834,"iso":"kch","grn_num":2573,"iso_lang_name":"Vono","grn_name":"Kiwollo","scope":"ISO_Lang","state":"Verified","parent_num":null,"longitude":7.4408000000000003,"latitude":10.5015,"location":"Nigeria, Kaduna"}},{"type":"Feature","id":835,"geometry":{"type":"Point","coordinates":[7.2698000011773445,10.608682743773176]},"properties":{"objectid":835,"iso":"kci","grn_num":11447,"iso_lang_name":"Kamantan","grn_name":"Ngyian","scope":"ISO_Lang","state":"Verified","parent_num":null,"longitude":7.4408000000000003,"latitude":10.5015,"location":"Nigeria, Kaduna"}},{"type":"Feature","id":836,"geometry":{"type":"Point","coordinates":[10.241334728319536,10.377067879375847]},"properties":{"objectid":836,"iso":"kcq","grn_num":1943,"iso_lang_name":"Kamo","grn_name":"Kamo","scope":"ISO_Lang","state":"Verified","parent_num":null,"longitude":9.8404000000000007,"latitude":10.305999999999999,"location":"Nigeria, Bauchi"}},{"type":"Feature","id":837,"geometry":{"type":"Point","coordinates":[9.6513861368194434,9.417467905368536]},"properties":{"objectid":837,"iso":"kcs","grn_num":12093,"iso_lang_name":"Koenoem","grn_name":"Koenoem","scope":"ISO_Lang","state":"Verified","parent_num":null,"longitude":9.5179000000000009,"latitude":9.2181999999999995,"location":"Nigeria, Plateau"}},{"type":"Feature","id":838,"geometry":null,"properties":{"objectid":838,"iso":"kdl","grn_num":2075,"iso_lang_name":"Tsikimba","grn_name":"Tsikimba","scope":"ISO_Lang","state":"Verified","parent_num":null,"longitude":null,"latitude":null,"location":"Nigeria, Niger","shape":null}},{"type":"Feature","id":839,"geometry":null,"properties":{"objectid":839,"iso":"kdl","grn_num":17661,"iso_lang_name":"Tsikimba","grn_name":"Tsikimba: Agaunshe","scope":"Dialect","state":"Verified","parent_num":2075,"longitude":null,"latitude":null,"location":"Nigeria, Niger","shape":null}},{"type":"Feature","id":840,"geometry":null,"properties":{"objectid":840,"iso":"kdl","grn_num":17662,"iso_lang_name":"Tsikimba","grn_name":"Tsikimba: Ashen","scope":"Dialect","state":"Verified","parent_num":2075,"longitude":null,"latitude":null,"location":"Nigeria, Niger","shape":null}},{"type":"Feature","id":841,"geometry":{"type":"Point","coordinates":[7.3889010732853544,10.512769498877676]},"properties":{"objectid":841,"iso":"kdm","grn_num":2033,"iso_lang_name":"Gyong","grn_name":"Gyong","scope":"ISO_Lang","state":"Verified","parent_num":null,"longitude":7.4408000000000003,"latitude":10.5015,"location":"Nigeria, Kaduna"}},{"type":"Feature","id":842,"geometry":{"type":"Point","coordinates":[7.3765124242700599,10.256085178708155]},"properties":{"objectid":842,"iso":"kdm","grn_num":23970,"iso_lang_name":"Gyong","grn_name":"Gyong: Hyaadem","scope":"Dialect","state":"Unverified","parent_num":2033,"longitude":7.4408000000000003,"latitude":10.5015,"location":"Nigeria, Kaduna"}},{"type":"Feature","id":843,"geometry":{"type":"Point","coordinates":[7.4076133804038724,10.567518656327342]},"properties":{"objectid":843,"iso":"kdm","grn_num":23971,"iso_lang_name":"Gyong","grn_name":"Gyong: Kpyaadam","scope":"Dialect","state":"Unverified","parent_num":2033,"longitude":7.4408000000000003,"latitude":10.5015,"location":"Nigeria, Kaduna"}},{"type":"Feature","id":844,"geometry":{"type":"Point","coordinates":[7.5309591305699319,10.60150251328084]},"properties":{"objectid":844,"iso":"kdm","grn_num":23972,"iso_lang_name":"Gyong","grn_name":"Gyong: Mgbyan","scope":"Dialect","state":"Unverified","parent_num":2033,"longitude":7.4408000000000003,"latitude":10.5015,"location":"Nigeria, Kaduna"}},{"type":"Feature","id":845,"geometry":{"type":"Point","coordinates":[7.2216433930056629,10.294327424960292]},"properties":{"objectid":845,"iso":"kdm","grn_num":23973,"iso_lang_name":"Gyong","grn_name":"Gyong: Nyet","scope":"Dialect","state":"Unverified","parent_num":2033,"longitude":7.4408000000000003,"latitude":10.5015,"location":"Nigeria, Kaduna"}},{"type":"Feature","id":846,"geometry":{"type":"Point","coordinates":[7.2357636570205344,10.376374624921953]},"properties":{"objectid":846,"iso":"kdm","grn_num":23976,"iso_lang_name":"Gyong","grn_name":"Gyong: Shat","scope":"Dialect","state":"Unverified","parent_num":2033,"longitude":7.4408000000000003,"latitude":10.5015,"location":"Nigeria, Kaduna"}},{"type":"Feature","id":847,"geometry":{"type":"Point","coordinates":[7.5822055345855075,10.486316899038025]},"properties":{"objectid":847,"iso":"kdm","grn_num":23975,"iso_lang_name":"Gyong","grn_name":"Gyong: Shatam","scope":"Dialect","state":"Unverified","parent_num":2033,"longitude":7.4408000000000003,"latitude":10.5015,"location":"Nigeria, Kaduna"}},{"type":"Feature","id":848,"geometry":{"type":"Point","coordinates":[7.4321813368372975,10.400653329380585]},"properties":{"objectid":848,"iso":"kdm","grn_num":23974,"iso_lang_name":"Gyong","grn_name":"Gyong: Shoo","scope":"Dialect","state":"Unverified","parent_num":2033,"longitude":7.4408000000000003,"latitude":10.5015,"location":"Nigeria, Kaduna"}},{"type":"Feature","id":849,"geometry":{"type":"Point","coordinates":[7.4408000000485961,10.501499999625278]},"properties":{"objectid":849,"iso":"kdp","grn_num":24065,"iso_lang_name":"Nikyob-Nindem","grn_name":"Nikyob-Nindem","scope":"ISO_Lang","state":"Verified","parent_num":null,"longitude":7.4408000000000003,"latitude":10.5015,"location":"Nigeria, Kaduna"}},{"type":"Feature","id":850,"geometry":{"type":"Point","coordinates":[7.5013419694016301,10.335624294085425]},"properties":{"objectid":850,"iso":"kdp","grn_num":4255,"iso_lang_name":"Nikyob-Nindem","grn_name":"Nikyob-Nindem: Nikyob","scope":"Dialect","state":"Verified","parent_num":24065,"longitude":7.4408000000000003,"latitude":10.5015,"location":"Nigeria, Kaduna"}},{"type":"Feature","id":851,"geometry":{"type":"Point","coordinates":[7.5996502119385978,10.29465951292249]},"properties":{"objectid":851,"iso":"kdp","grn_num":28525,"iso_lang_name":"Nikyob-Nindem","grn_name":"Nikyob-Nindem: Nindem","scope":"Dialect","state":"Verified","parent_num":24065,"longitude":7.4408000000000003,"latitude":10.5015,"location":"Nigeria, Kaduna"}},{"type":"Feature","id":852,"geometry":{"type":"Point","coordinates":[7.402885247924579,10.209987735215837]},"properties":{"objectid":852,"iso":"kdp","grn_num":11519,"iso_lang_name":"Nikyob-Nindem","grn_name":"Nikyob-Nindem: Roro","scope":"Dialect","state":"Verified","parent_num":24065,"longitude":7.4408000000000003,"latitude":10.5015,"location":"Nigeria, Kaduna"}},{"type":"Feature","id":853,"geometry":{"type":"Point","coordinates":[7.2772776836035336,10.469480230623944]},"properties":{"objectid":853,"iso":"kdp","grn_num":20009,"iso_lang_name":"Nikyob-Nindem","grn_name":"Nikyob-Nindem: Zankan","scope":"Dialect","state":"Verified","parent_num":24065,"longitude":7.4408000000000003,"latitude":10.5015,"location":"Nigeria, Kaduna"}},{"type":"Feature","id":854,"geometry":{"type":"Point","coordinates":[10.668136104802942,8.2884895693797045]},"properties":{"objectid":854,"iso":"kdx","grn_num":4251,"iso_lang_name":"Kam","grn_name":"Kam","scope":"ISO_Lang","state":"Verified","parent_num":null,"longitude":10.774000000000001,"latitude":7.9993999999999996,"location":"Nigeria, Taraba"}},{"type":"Feature","id":855,"geometry":{"type":"Point","coordinates":[6.8835291047369775,4.6939188062040973]},"properties":{"objectid":855,"iso":"kes","grn_num":12414,"iso_lang_name":"Kugbo","grn_name":"Kugbo [Rivers State]","scope":"ISO_Lang","state":"Verified","parent_num":null,"longitude":6.9112,"latitude":4.8395999999999999,"location":"Nigeria, Rivers"}},{"type":"Feature","id":856,"geometry":{"type":"Point","coordinates":[8.5521357195924725,6.0006822825559949]},"properties":{"objectid":856,"iso":"kez","grn_num":2239,"iso_lang_name":"Kukele","grn_name":"Kukele","scope":"ISO_Lang","state":"Verified","parent_num":null,"longitude":8.5,"latitude":5.75,"location":"Nigeria, Cross River"}},{"type":"Feature","id":857,"geometry":{"type":"Point","coordinates":[8.2687328961050017,5.7797520267430533]},"properties":{"objectid":857,"iso":"kez","grn_num":12423,"iso_lang_name":"Kukele","grn_name":"Kukele: Iteeji","scope":"Dialect","state":"Verified","parent_num":2239,"longitude":8.5,"latitude":5.75,"location":"Nigeria, Cross River"}},{"type":"Feature","id":858,"geometry":{"type":"Point","coordinates":[8.4515168960586902,5.5593285080676313]},"properties":{"objectid":858,"iso":"kez","grn_num":12424,"iso_lang_name":"Kukele","grn_name":"Kukele: Mtezi","scope":"Dialect","state":"Verified","parent_num":2239,"longitude":8.5,"latitude":5.75,"location":"Nigeria, Cross River"}},{"type":"Feature","id":859,"geometry":{"type":"Point","coordinates":[8.2393079267967728,5.8239636925668661]},"properties":{"objectid":859,"iso":"kez","grn_num":12425,"iso_lang_name":"Kukele","grn_name":"Kukele: Ugbala","scope":"Dialect","state":"Verified","parent_num":2239,"longitude":8.5,"latitude":5.75,"location":"Nigeria, Cross River"}},{"type":"Feature","id":860,"geometry":{"type":"Point","coordinates":[10.764081051405624,7.8554617002363365]},"properties":{"objectid":860,"iso":"kgt","grn_num":16823,"iso_lang_name":"Somyev","grn_name":"Kila","scope":"ISO_Lang","state":"Verified","parent_num":null,"longitude":10.774000000000001,"latitude":7.9993999999999996,"location":"Nigeria, Taraba"}},{"type":"Feature","id":861,"geometry":{"type":"Point","coordinates":[7.2206598868899032,10.729341936124895]},"properties":{"objectid":861,"iso":"khj","grn_num":28817,"iso_lang_name":"Kuturmi","grn_name":"Kuturmi","scope":"ISO_Lang","state":"Verified","parent_num":null,"longitude":7.4408000000000003,"latitude":10.5015,"location":"Nigeria, Kaduna"}},{"type":"Feature","id":862,"geometry":{"type":"Point","coordinates":[7.2659046545771027,10.312998525284691]},"properties":{"objectid":862,"iso":"khj","grn_num":22377,"iso_lang_name":"Kuturmi","grn_name":"Kuturmi: Ibiro","scope":"Dialect","state":"Verified","parent_num":28817,"longitude":7.4408000000000003,"latitude":10.5015,"location":"Nigeria, Kaduna"}},{"type":"Feature","id":863,"geometry":{"type":"Point","coordinates":[7.4247950472114779,10.72171808476385]},"properties":{"objectid":863,"iso":"khj","grn_num":2029,"iso_lang_name":"Kuturmi","grn_name":"Kuturmi: Ikryo","scope":"Dialect","state":"Verified","parent_num":28817,"longitude":7.4408000000000003,"latitude":10.5015,"location":"Nigeria, Kaduna"}},{"type":"Feature","id":864,"geometry":{"type":"Point","coordinates":[10.716160603135652,8.1960529503025761]},"properties":{"objectid":864,"iso":"kid","grn_num":28832,"iso_lang_name":"Koshin","grn_name":"Koshin: Sensi","scope":"Dialect","state":"Verified","parent_num":6195,"longitude":10.774000000000001,"latitude":7.9993999999999996,"location":"Nigeria, Taraba"}},{"type":"Feature","id":865,"geometry":{"type":"Point","coordinates":[9.9661182771691035,10.585121169043896]},"properties":{"objectid":865,"iso":"kil","grn_num":2028,"iso_lang_name":"Kariya","grn_name":"Kariya","scope":"ISO_Lang","state":"Verified","parent_num":null,"longitude":9.8404000000000007,"latitude":10.305999999999999,"location":"Nigeria, Bauchi"}},{"type":"Feature","id":866,"geometry":{"type":"Point","coordinates":[9.670475247673771,9.9349236212206158]},"properties":{"objectid":866,"iso":"kil","grn_num":6488,"iso_lang_name":"Kariya","grn_name":"Kariya: Wudufa","scope":"Dialect","state":"Verified","parent_num":2028,"longitude":9.8404000000000007,"latitude":10.305999999999999,"location":"Nigeria, Bauchi"}},{"type":"Feature","id":867,"geometry":null,"properties":{"objectid":867,"iso":"kka","grn_num":11358,"iso_lang_name":"Kakanda","grn_name":"Kakanda","scope":"ISO_Lang","state":"Verified","parent_num":null,"longitude":null,"latitude":null,"location":"Nigeria, Niger","shape":null}},{"type":"Feature","id":868,"geometry":null,"properties":{"objectid":868,"iso":"kka","grn_num":11359,"iso_lang_name":"Kakanda","grn_name":"Kakanda: Budon","scope":"Dialect","state":"Verified","parent_num":11358,"longitude":null,"latitude":null,"location":"Nigeria, Niger","shape":null}},{"type":"Feature","id":869,"geometry":null,"properties":{"objectid":869,"iso":"kka","grn_num":11360,"iso_lang_name":"Kakanda","grn_name":"Kakanda: Gbanmi-Sokun","scope":"Dialect","state":"Verified","parent_num":11358,"longitude":null,"latitude":null,"location":"Nigeria, Niger","shape":null}},{"type":"Feature","id":870,"geometry":{"type":"Point","coordinates":[7.5397361038837474,10.54929451711374]},"properties":{"objectid":870,"iso":"kkd","grn_num":2571,"iso_lang_name":"Kinuku","grn_name":"Kinugu","scope":"ISO_Lang","state":"Verified","parent_num":null,"longitude":7.4408000000000003,"latitude":10.5015,"location":"Nigeria, Kaduna"}},{"type":"Feature","id":871,"geometry":{"type":"Point","coordinates":[8.4051196805917989,5.811895532317358]},"properties":{"objectid":871,"iso":"kkm","grn_num":12032,"iso_lang_name":"Kiong","grn_name":"Kiong","scope":"ISO_Lang","state":"Verified","parent_num":null,"longitude":8.5,"latitude":5.75,"location":"Nigeria, Cross River"}},{"type":"Feature","id":872,"geometry":{"type":"Point","coordinates":[10.121536556364493,10.142577462045557]},"properties":{"objectid":872,"iso":"kkr","grn_num":12039,"iso_lang_name":"Kir-Balar","grn_name":"Kir-Balar","scope":"ISO_Lang","state":"Verified","parent_num":null,"longitude":9.8404000000000007,"latitude":10.305999999999999,"location":"Nigeria, Bauchi"}},{"type":"Feature","id":873,"geometry":{"type":"Point","coordinates":[9.6684117788385802,10.642062137317037]},"properties":{"objectid":873,"iso":"kkr","grn_num":12040,"iso_lang_name":"Kir-Balar","grn_name":"Kir-Balar: Kir","scope":"Dialect","state":"Verified","parent_num":12039,"longitude":9.8404000000000007,"latitude":10.305999999999999,"location":"Nigeria, Bauchi"}},{"type":"Feature","id":874,"geometry":{"type":"Point","coordinates":[9.596511210995855,10.080254203589947]},"properties":{"objectid":874,"iso":"kks","grn_num":2049,"iso_lang_name":"Giiwo","grn_name":"Kirifi","scope":"ISO_Lang","state":"Verified","parent_num":null,"longitude":9.8404000000000007,"latitude":10.305999999999999,"location":"Nigeria, Bauchi"}},{"type":"Feature","id":875,"geometry":{"type":"Point","coordinates":[7.5807293339774269,10.422729773778576]},"properties":{"objectid":875,"iso":"kku","grn_num":2572,"iso_lang_name":"Tumi","grn_name":"Kitimi","scope":"ISO_Lang","state":"Verified","parent_num":null,"longitude":7.4408000000000003,"latitude":10.5015,"location":"Nigeria, Kaduna"}},{"type":"Feature","id":876,"geometry":{"type":"Point","coordinates":[7.1731942790044618,10.589962623689591]},"properties":{"objectid":876,"iso":"klk","grn_num":2540,"iso_lang_name":"Kono (Nigeria)","grn_name":"Kono","scope":"ISO_Lang","state":"Verified","parent_num":null,"longitude":7.4408000000000003,"latitude":10.5015,"location":"Nigeria, Kaduna"}},{"type":"Feature","id":877,"geometry":{"type":"Point","coordinates":[10.705772227373606,7.6801773564232043]},"properties":{"objectid":877,"iso":"klo","grn_num":11569,"iso_lang_name":"Kapya","grn_name":"Kapya","scope":"ISO_Lang","state":"Verified","parent_num":null,"longitude":10.774000000000001,"latitude":7.9993999999999996,"location":"Nigeria, Taraba"}},{"type":"Feature","id":878,"geometry":null,"properties":{"objectid":878,"iso":"kmi","grn_num":2128,"iso_lang_name":"Kami (Nigeria)","grn_name":"Kami","scope":"ISO_Lang","state":"Verified","parent_num":null,"longitude":null,"latitude":null,"location":"Nigeria, Niger","shape":null}},{"type":"Feature","id":879,"geometry":{"type":"Point","coordinates":[12.533688496572832,9.176039127664998]},"properties":{"objectid":879,"iso":"kmy","grn_num":12163,"iso_lang_name":"Koma","grn_name":"Koma","scope":"ISO_Lang","state":"Verified","parent_num":null,"longitude":12.398400000000001,"latitude":9.3264999999999993,"location":"Nigeria, Adamawa"}},{"type":"Feature","id":880,"geometry":{"type":"Point","coordinates":[12.199843351080617,9.4992749868013622]},"properties":{"objectid":880,"iso":"kmy","grn_num":4252,"iso_lang_name":"Koma","grn_name":"Koma: Damti & Beya","scope":"Dialect","state":"Verified","parent_num":12163,"longitude":12.398400000000001,"latitude":9.3264999999999993,"location":"Nigeria, Adamawa"}},{"type":"Feature","id":881,"geometry":{"type":"Point","coordinates":[12.236762723157474,9.1970603309294923]},"properties":{"objectid":881,"iso":"kmy","grn_num":20867,"iso_lang_name":"Koma","grn_name":"Koma: Gomme","scope":"Dialect","state":"Verified","parent_num":12163,"longitude":12.398400000000001,"latitude":9.3264999999999993,"location":"Nigeria, Adamawa"}},{"type":"Feature","id":882,"geometry":{"type":"Point","coordinates":[12.582501020428985,9.591889578143638]},"properties":{"objectid":882,"iso":"kmy","grn_num":20868,"iso_lang_name":"Koma","grn_name":"Koma: Gomnome","scope":"Dialect","state":"Verified","parent_num":12163,"longitude":12.398400000000001,"latitude":9.3264999999999993,"location":"Nigeria, Adamawa"}},{"type":"Feature","id":883,"geometry":{"type":"Point","coordinates":[12.253954201364577,9.264940517219042]},"properties":{"objectid":883,"iso":"kmy","grn_num":12169,"iso_lang_name":"Koma","grn_name":"Koma: Ndera","scope":"Dialect","state":"Verified","parent_num":12163,"longitude":12.398400000000001,"latitude":9.3264999999999993,"location":"Nigeria, Adamawa"}},{"type":"Feature","id":884,"geometry":{"type":"Point","coordinates":[13.102965752050826,11.864200423044412]},"properties":{"objectid":884,"iso":"kna","grn_num":9220,"iso_lang_name":"Dera (Nigeria)","grn_name":"Dera: Gasi","scope":"Dialect","state":"Verified","parent_num":1896,"longitude":13.151999999999999,"latitude":11.884600000000001,"location":"Nigeria, Borno"}},{"type":"Feature","id":885,"geometry":{"type":"Point","coordinates":[13.224925719737088,11.960986346990754]},"properties":{"objectid":885,"iso":"kna","grn_num":9221,"iso_lang_name":"Dera (Nigeria)","grn_name":"Dera: Shani","scope":"Dialect","state":"Verified","parent_num":1896,"longitude":13.151999999999999,"latitude":11.884600000000001,"location":"Nigeria, Borno"}},{"type":"Feature","id":886,"geometry":{"type":"Point","coordinates":[13.237587811433295,11.699641512802984]},"properties":{"objectid":886,"iso":"kna","grn_num":9222,"iso_lang_name":"Dera (Nigeria)","grn_name":"Dera: Shellen","scope":"Dialect","state":"Verified","parent_num":1896,"longitude":13.151999999999999,"latitude":11.884600000000001,"location":"Nigeria, Borno"}},{"type":"Feature","id":887,"geometry":{"type":"Point","coordinates":[13.206715371436424,11.842870639416716]},"properties":{"objectid":887,"iso":"kna","grn_num":1896,"iso_lang_name":"Dera (Nigeria)","grn_name":"Kanukuru","scope":"ISO_Lang","state":"Verified","parent_num":null,"longitude":13.151999999999999,"latitude":11.884600000000001,"location":"Nigeria, Borno"}},{"type":"Feature","id":888,"geometry":{"type":"Point","coordinates":[13.088627645681257,11.68660405123266]},"properties":{"objectid":888,"iso":"knc","grn_num":11543,"iso_lang_name":"Kanuri, Yerwa","grn_name":"Kanuri, Central: Bilma","scope":"Dialect","state":"Unverified","parent_num":1750,"longitude":13.151999999999999,"latitude":11.884600000000001,"location":"Nigeria, Borno"}},{"type":"Feature","id":889,"geometry":{"type":"Point","coordinates":[13.131059415413036,11.710400097060671]},"properties":{"objectid":889,"iso":"knc","grn_num":11544,"iso_lang_name":"Kanuri, Yerwa","grn_name":"Kanuri, Central: Dagara","scope":"Dialect","state":"Verified","parent_num":1750,"longitude":13.151999999999999,"latitude":11.884600000000001,"location":"Nigeria, Borno"}},{"type":"Feature","id":890,"geometry":{"type":"Point","coordinates":[13.100994187157417,11.962237302094755]},"properties":{"objectid":890,"iso":"knc","grn_num":11545,"iso_lang_name":"Kanuri, Yerwa","grn_name":"Kanuri, Central: Fachi","scope":"Dialect","state":"Unverified","parent_num":1750,"longitude":13.151999999999999,"latitude":11.884600000000001,"location":"Nigeria, Borno"}},{"type":"Feature","id":891,"geometry":{"type":"Point","coordinates":[13.056616276651381,11.824966185844804]},"properties":{"objectid":891,"iso":"knc","grn_num":11546,"iso_lang_name":"Kanuri, Yerwa","grn_name":"Kanuri, Central: Fadawa","scope":"Dialect","state":"Verified","parent_num":1750,"longitude":13.151999999999999,"latitude":11.884600000000001,"location":"Nigeria, Borno"}},{"type":"Feature","id":892,"geometry":{"type":"Point","coordinates":[13.21337782106418,11.880424753023988]},"properties":{"objectid":892,"iso":"knc","grn_num":11547,"iso_lang_name":"Kanuri, Yerwa","grn_name":"Kanuri, Central: Guvja","scope":"Dialect","state":"Verified","parent_num":1750,"longitude":13.151999999999999,"latitude":11.884600000000001,"location":"Nigeria, Borno"}},{"type":"Feature","id":893,"geometry":{"type":"Point","coordinates":[13.208460385706742,11.755312025294131]},"properties":{"objectid":893,"iso":"knc","grn_num":11548,"iso_lang_name":"Kanuri, Yerwa","grn_name":"Kanuri, Central: Kabari","scope":"Dialect","state":"Verified","parent_num":1750,"longitude":13.151999999999999,"latitude":11.884600000000001,"location":"Nigeria, Borno"}},{"type":"Feature","id":894,"geometry":{"type":"Point","coordinates":[13.156959797991627,11.669980763564601]},"properties":{"objectid":894,"iso":"knc","grn_num":11549,"iso_lang_name":"Kanuri, Yerwa","grn_name":"Kanuri, Central: Kaga","scope":"Dialect","state":"Verified","parent_num":1750,"longitude":13.151999999999999,"latitude":11.884600000000001,"location":"Nigeria, Borno"}},{"type":"Feature","id":895,"geometry":{"type":"Point","coordinates":[13.112862906557623,12.002828853245665]},"properties":{"objectid":895,"iso":"knc","grn_num":11550,"iso_lang_name":"Kanuri, Yerwa","grn_name":"Kanuri, Central: Kwayam","scope":"Dialect","state":"Verified","parent_num":1750,"longitude":13.151999999999999,"latitude":11.884600000000001,"location":"Nigeria, Borno"}},{"type":"Feature","id":896,"geometry":{"type":"Point","coordinates":[13.253261496136375,11.648898673085464]},"properties":{"objectid":896,"iso":"knc","grn_num":11552,"iso_lang_name":"Kanuri, Yerwa","grn_name":"Kanuri, Central: Maiduguri","scope":"Dialect","state":"Verified","parent_num":1750,"longitude":13.151999999999999,"latitude":11.884600000000001,"location":"Nigeria, Borno"}},{"type":"Feature","id":897,"geometry":{"type":"Point","coordinates":[13.009263763066954,11.990961719744361]},"properties":{"objectid":897,"iso":"knc","grn_num":11553,"iso_lang_name":"Kanuri, Yerwa","grn_name":"Kanuri, Central: Mao","scope":"Dialect","state":"Verified","parent_num":1750,"longitude":13.151999999999999,"latitude":11.884600000000001,"location":"Nigeria, Borno"}},{"type":"Feature","id":898,"geometry":{"type":"Point","coordinates":[13.117486985380959,11.638072131784156]},"properties":{"objectid":898,"iso":"knc","grn_num":11555,"iso_lang_name":"Kanuri, Yerwa","grn_name":"Kanuri, Central: Ngazar","scope":"Dialect","state":"Verified","parent_num":1750,"longitude":13.151999999999999,"latitude":11.884600000000001,"location":"Nigeria, Borno"}},{"type":"Feature","id":899,"geometry":{"type":"Point","coordinates":[13.142497583975663,11.832348643305439]},"properties":{"objectid":899,"iso":"knc","grn_num":11556,"iso_lang_name":"Kanuri, Yerwa","grn_name":"Kanuri, Central: Njesko","scope":"Dialect","state":"Verified","parent_num":1750,"longitude":13.151999999999999,"latitude":11.884600000000001,"location":"Nigeria, Borno"}},{"type":"Feature","id":900,"geometry":{"type":"Point","coordinates":[13.15216066267225,12.033404737728757]},"properties":{"objectid":900,"iso":"knc","grn_num":11557,"iso_lang_name":"Kanuri, Yerwa","grn_name":"Kanuri, Central: Sugurti","scope":"Dialect","state":"Verified","parent_num":1750,"longitude":13.151999999999999,"latitude":11.884600000000001,"location":"Nigeria, Borno"}},{"type":"Feature","id":901,"geometry":{"type":"Point","coordinates":[13.305902602004196,11.919159592305542]},"properties":{"objectid":901,"iso":"knc","grn_num":11558,"iso_lang_name":"Kanuri, Yerwa","grn_name":"Kanuri, Central: Temageri","scope":"Dialect","state":"Verified","parent_num":1750,"longitude":13.151999999999999,"latitude":11.884600000000001,"location":"Nigeria, Borno"}},{"type":"Feature","id":902,"geometry":{"type":"Point","coordinates":[13.006738052627613,11.806727133696576]},"properties":{"objectid":902,"iso":"knc","grn_num":23858,"iso_lang_name":"Kanuri, Yerwa","grn_name":"Kanuri, Central: Yerwa","scope":"Dialect","state":"Verified","parent_num":1750,"longitude":13.151999999999999,"latitude":11.884600000000001,"location":"Nigeria, Borno"}},{"type":"Feature","id":903,"geometry":{"type":"Point","coordinates":[13.263009022757869,11.99800205012262]},"properties":{"objectid":903,"iso":"knc","grn_num":1750,"iso_lang_name":"Kanuri, Yerwa","grn_name":"Kanuri, Yerwa","scope":"ISO_Lang","state":"Verified","parent_num":22951,"longitude":13.151999999999999,"latitude":11.884600000000001,"location":"Nigeria, Borno"}},{"type":"Feature","id":904,"geometry":{"type":"Point","coordinates":[13.255115652120477,11.749774087241525]},"properties":{"objectid":904,"iso":"knc","grn_num":3544,"iso_lang_name":"Kanuri, Yerwa","grn_name":"Mobeur","scope":"Dialect","state":"Verified","parent_num":1750,"longitude":13.151999999999999,"latitude":11.884600000000001,"location":"Nigeria, Borno"}},{"type":"Feature","id":905,"geometry":{"type":"Point","coordinates":[7.3577724607189028,10.555798672112989]},"properties":{"objectid":905,"iso":"kni","grn_num":11535,"iso_lang_name":"Kanufi","grn_name":"Kanufi","scope":"ISO_Lang","state":"Verified","parent_num":null,"longitude":7.4408000000000003,"latitude":10.5015,"location":"Nigeria, Kaduna"}},{"type":"Feature","id":906,"geometry":{"type":"Point","coordinates":[9.5490062173751067,10.219886568644254]},"properties":{"objectid":906,"iso":"kof","grn_num":2068,"iso_lang_name":"Kubi","grn_name":"Kubi","scope":"ISO_Lang","state":"Verified","parent_num":null,"longitude":9.8404000000000007,"latitude":10.305999999999999,"location":"Nigeria, Bauchi"}},{"type":"Feature","id":907,"geometry":{"type":"Point","coordinates":[9.9756628986224367,10.543477351068139]},"properties":{"objectid":907,"iso":"kov","grn_num":12411,"iso_lang_name":"Kudu-Camo","grn_name":"Kudu-Camo","scope":"ISO_Lang","state":"Verified","parent_num":null,"longitude":9.8404000000000007,"latitude":10.305999999999999,"location":"Nigeria, Bauchi"}},{"type":"Feature","id":908,"geometry":{"type":"Point","coordinates":[9.6468526791436684,10.254706243005502]},"properties":{"objectid":908,"iso":"kov","grn_num":12412,"iso_lang_name":"Kudu-Camo","grn_name":"Kudu-Camo: Camo","scope":"Dialect","state":"Verified","parent_num":12411,"longitude":9.8404000000000007,"latitude":10.305999999999999,"location":"Nigeria, Bauchi"}},{"type":"Feature","id":909,"geometry":{"type":"Point","coordinates":[9.8170107886087496,10.371075451126268]},"properties":{"objectid":909,"iso":"kov","grn_num":12413,"iso_lang_name":"Kudu-Camo","grn_name":"Kudu-Camo: Kudu","scope":"Dialect","state":"Verified","parent_num":12411,"longitude":9.8404000000000007,"latitude":10.305999999999999,"location":"Nigeria, Bauchi"}},{"type":"Feature","id":910,"geometry":{"type":"Point","coordinates":[12.531919959916818,9.5757014168763845]},"properties":{"objectid":910,"iso":"kow","grn_num":4733,"iso_lang_name":"Kugama","grn_name":"Kugama","scope":"ISO_Lang","state":"Verified","parent_num":null,"longitude":12.398400000000001,"latitude":9.3264999999999993,"location":"Nigeria, Adamawa"}},{"type":"Feature","id":911,"geometry":{"type":"Point","coordinates":[12.300714826686388,9.3193568027098443]},"properties":{"objectid":911,"iso":"kow","grn_num":2367,"iso_lang_name":"Kugama","grn_name":"Kugbo","scope":"Dialect","state":"Verified","parent_num":4733,"longitude":12.398400000000001,"latitude":9.3264999999999993,"location":"Nigeria, Adamawa"}},{"type":"Feature","id":912,"geometry":{"type":"Point","coordinates":[11.153782621102541,10.229629411594216]},"properties":{"objectid":912,"iso":"kpa","grn_num":5547,"iso_lang_name":"Kutto","grn_name":"Kupto","scope":"ISO_Lang","state":"Verified","parent_num":null,"longitude":11.1731,"latitude":10.2791,"location":"Nigeria, Gombe"}},{"type":"Feature","id":913,"geometry":{"type":"Point","coordinates":[10.861053285316105,7.7053010738794239]},"properties":{"objectid":913,"iso":"kpk","grn_num":1762,"iso_lang_name":"Kpan","grn_name":"Jukun: Kpanzo","scope":"Dialect","state":"Verified","parent_num":4061,"longitude":10.774000000000001,"latitude":7.9993999999999996,"location":"Nigeria, Taraba"}},{"type":"Feature","id":914,"geometry":{"type":"Point","coordinates":[10.618206091106412,7.8162581124181907]},"properties":{"objectid":914,"iso":"kpk","grn_num":4061,"iso_lang_name":"Kpan","grn_name":"Kpan","scope":"ISO_Lang","state":"Verified","parent_num":null,"longitude":10.774000000000001,"latitude":7.9993999999999996,"location":"Nigeria, Taraba"}},{"type":"Feature","id":915,"geometry":{"type":"Point","coordinates":[10.562827446665356,7.9271665678720264]},"properties":{"objectid":915,"iso":"kpk","grn_num":12329,"iso_lang_name":"Kpan","grn_name":"Kpan: Apa","scope":"Dialect","state":"Unverified","parent_num":4061,"longitude":10.774000000000001,"latitude":7.9993999999999996,"location":"Nigeria, Taraba"}},{"type":"Feature","id":916,"geometry":{"type":"Point","coordinates":[10.824811362439441,8.3119570761997501]},"properties":{"objectid":916,"iso":"kpk","grn_num":12331,"iso_lang_name":"Kpan","grn_name":"Kpan: Donga","scope":"Dialect","state":"Unverified","parent_num":4061,"longitude":10.774000000000001,"latitude":7.9993999999999996,"location":"Nigeria, Taraba"}},{"type":"Feature","id":917,"geometry":{"type":"Point","coordinates":[11.008669327959673,7.8739162781434198]},"properties":{"objectid":917,"iso":"kpk","grn_num":28107,"iso_lang_name":"Kpan","grn_name":"Kpan: Ekpan","scope":"Dialect","state":"Verified","parent_num":4061,"longitude":10.774000000000001,"latitude":7.9993999999999996,"location":"Nigeria, Taraba"}},{"type":"Feature","id":918,"geometry":{"type":"Point","coordinates":[11.068778725265723,7.9596358390640338]},"properties":{"objectid":918,"iso":"kpk","grn_num":12332,"iso_lang_name":"Kpan","grn_name":"Kpan: Eregba","scope":"Dialect","state":"Unverified","parent_num":4061,"longitude":10.774000000000001,"latitude":7.9993999999999996,"location":"Nigeria, Taraba"}},{"type":"Feature","id":919,"geometry":{"type":"Point","coordinates":[11.050667959705864,8.0750067873489364]},"properties":{"objectid":919,"iso":"kpk","grn_num":12334,"iso_lang_name":"Kpan","grn_name":"Kpan: Takum","scope":"Dialect","state":"Unverified","parent_num":4061,"longitude":10.774000000000001,"latitude":7.9993999999999996,"location":"Nigeria, Taraba"}},{"type":"Feature","id":920,"geometry":{"type":"Point","coordinates":[7.6360254969057229,10.510796041259313]},"properties":{"objectid":920,"iso":"krh","grn_num":2336,"iso_lang_name":"Kurama","grn_name":"Kurama","scope":"ISO_Lang","state":"Verified","parent_num":null,"longitude":7.4408000000000003,"latitude":10.5015,"location":"Nigeria, Kaduna"}},{"type":"Feature","id":921,"geometry":{"type":"Point","coordinates":[8.201271849108803,5.8321772492719539]},"properties":{"objectid":921,"iso":"krp","grn_num":2604,"iso_lang_name":"Durop","grn_name":"Durop","scope":"ISO_Lang","state":"Verified","parent_num":null,"longitude":8.5,"latitude":5.75,"location":"Nigeria, Cross River"}},{"type":"Feature","id":922,"geometry":{"type":"Point","coordinates":[12.562216961600589,9.2480522121282309]},"properties":{"objectid":922,"iso":"ksm","grn_num":4423,"iso_lang_name":"Kumba","grn_name":"Isaro-Sate","scope":"ISO_Lang","state":"Verified","parent_num":null,"longitude":12.398400000000001,"latitude":9.3264999999999993,"location":"Nigeria, Adamawa"}},{"type":"Feature","id":923,"geometry":{"type":"Point","coordinates":[12.384831826622989,8.9352848614257372]},"properties":{"objectid":923,"iso":"kso","grn_num":12094,"iso_lang_name":"Kofa","grn_name":"Kofa","scope":"ISO_Lang","state":"Verified","parent_num":null,"longitude":12.398400000000001,"latitude":9.3264999999999993,"location":"Nigeria, Adamawa"}},{"type":"Feature","id":924,"geometry":{"type":"Point","coordinates":[10.059162784704931,10.382434567948872]},"properties":{"objectid":924,"iso":"ksq","grn_num":12595,"iso_lang_name":"Kwaami","grn_name":"Kwaami","scope":"ISO_Lang","state":"Verified","parent_num":null,"longitude":9.8404000000000007,"latitude":10.305999999999999,"location":"Nigeria, Bauchi"}},{"type":"Feature","id":925,"geometry":{"type":"Point","coordinates":[9.8403999999808835,10.305999999942998]},"properties":{"objectid":925,"iso":"ksq","grn_num":27451,"iso_lang_name":"Kwaami","grn_name":"Kwaami: Ɗolli","scope":"Dialect","state":"Unverified","parent_num":12595,"longitude":9.8404000000000007,"latitude":10.305999999999999,"location":"Nigeria, Bauchi"}},{"type":"Feature","id":926,"geometry":{"type":"Point","coordinates":[9.7043477058850804,10.299580971217308]},"properties":{"objectid":926,"iso":"ksq","grn_num":27452,"iso_lang_name":"Kwaami","grn_name":"Kwaami: Kafarati","scope":"Dialect","state":"Unverified","parent_num":12595,"longitude":9.8404000000000007,"latitude":10.305999999999999,"location":"Nigeria, Bauchi"}},{"type":"Feature","id":927,"geometry":{"type":"Point","coordinates":[11.011776712816864,8.1061912201217812]},"properties":{"objectid":927,"iso":"ktc","grn_num":6321,"iso_lang_name":"Kholok","grn_name":"Kodei","scope":"ISO_Lang","state":"Verified","parent_num":null,"longitude":10.774000000000001,"latitude":7.9993999999999996,"location":"Nigeria, Taraba"}},{"type":"Feature","id":928,"geometry":{"type":"Point","coordinates":[10.641617772038712,7.6989430959710221]},"properties":{"objectid":928,"iso":"kub","grn_num":1757,"iso_lang_name":"Kutep","grn_name":"Kuteb","scope":"ISO_Lang","state":"Verified","parent_num":null,"longitude":10.774000000000001,"latitude":7.9993999999999996,"location":"Nigeria, Taraba"}},{"type":"Feature","id":929,"geometry":{"type":"Point","coordinates":[10.997783345717343,7.8167940480252227]},"properties":{"objectid":929,"iso":"kub","grn_num":12577,"iso_lang_name":"Kutep","grn_name":"Kutep: Fikyu","scope":"Dialect","state":"Verified","parent_num":1757,"longitude":10.774000000000001,"latitude":7.9993999999999996,"location":"Nigeria, Taraba"}},{"type":"Feature","id":930,"geometry":{"type":"Point","coordinates":[10.671183333977103,8.3415104566701537]},"properties":{"objectid":930,"iso":"kub","grn_num":12578,"iso_lang_name":"Kutep","grn_name":"Kutep: Jenuwa","scope":"Dialect","state":"Verified","parent_num":1757,"longitude":10.774000000000001,"latitude":7.9993999999999996,"location":"Nigeria, Taraba"}},{"type":"Feature","id":931,"geometry":{"type":"Point","coordinates":[10.543311779781506,7.7597820922628058]},"properties":{"objectid":931,"iso":"kub","grn_num":12579,"iso_lang_name":"Kutep","grn_name":"Kutep: Kentin","scope":"Dialect","state":"Verified","parent_num":1757,"longitude":10.774000000000001,"latitude":7.9993999999999996,"location":"Nigeria, Taraba"}},{"type":"Feature","id":932,"geometry":{"type":"Point","coordinates":[10.707436443574023,7.7739332687008087]},"properties":{"objectid":932,"iso":"kub","grn_num":12580,"iso_lang_name":"Kutep","grn_name":"Kutep: Kunabe","scope":"Dialect","state":"Verified","parent_num":1757,"longitude":10.774000000000001,"latitude":7.9993999999999996,"location":"Nigeria, Taraba"}},{"type":"Feature","id":933,"geometry":{"type":"Point","coordinates":[10.862958302114937,8.2118032704205959]},"properties":{"objectid":933,"iso":"kub","grn_num":12581,"iso_lang_name":"Kutep","grn_name":"Kutep: Lissam","scope":"Dialect","state":"Verified","parent_num":1757,"longitude":10.774000000000001,"latitude":7.9993999999999996,"location":"Nigeria, Taraba"}},{"type":"Feature","id":934,"geometry":{"type":"Point","coordinates":[10.763207826067402,7.7655279140027771]},"properties":{"objectid":934,"iso":"kub","grn_num":28109,"iso_lang_name":"Kutep","grn_name":"Kutep: Nyifon","scope":"Dialect","state":"Verified","parent_num":1757,"longitude":10.774000000000001,"latitude":7.9993999999999996,"location":"Nigeria, Taraba"}},{"type":"Feature","id":935,"geometry":{"type":"Point","coordinates":[9.5211781759609444,11.773537889705997]},"properties":{"objectid":935,"iso":"kug","grn_num":12517,"iso_lang_name":"Kupa","grn_name":"Kupa","scope":"ISO_Lang","state":"Verified","parent_num":null,"longitude":9.5999999999999996,"latitude":11.833,"location":"Nigeria, Kwara"}},{"type":"Feature","id":936,"geometry":{"type":"Point","coordinates":[9.7338936108884528,10.384237389564465]},"properties":{"objectid":936,"iso":"kuh","grn_num":1916,"iso_lang_name":"Kushi","grn_name":"Kushi","scope":"ISO_Lang","state":"Verified","parent_num":null,"longitude":9.8404000000000007,"latitude":10.305999999999999,"location":"Nigeria, Bauchi"}},{"type":"Feature","id":937,"geometry":{"type":"Point","coordinates":[9.5883112875728003,9.0447889742679539]},"properties":{"objectid":937,"iso":"kul","grn_num":2248,"iso_lang_name":"Kulere","grn_name":"Kulere","scope":"ISO_Lang","state":"Verified","parent_num":null,"longitude":9.5179000000000009,"latitude":9.2181999999999995,"location":"Nigeria, Plateau"}},{"type":"Feature","id":938,"geometry":{"type":"Point","coordinates":[9.5311624095581138,9.3992959437293244]},"properties":{"objectid":938,"iso":"kul","grn_num":28854,"iso_lang_name":"Kulere","grn_name":"Kulere: Bakwe","scope":"Dialect","state":"Verified","parent_num":2248,"longitude":9.5179000000000009,"latitude":9.2181999999999995,"location":"Nigeria, Plateau"}},{"type":"Feature","id":939,"geometry":{"type":"Point","coordinates":[9.5567994429263425,9.3074822200723606]},"properties":{"objectid":939,"iso":"kul","grn_num":29741,"iso_lang_name":"Kulere","grn_name":"Kulere: Kamwai","scope":"Dialect","state":"Verified","parent_num":2248,"longitude":9.5179000000000009,"latitude":9.2181999999999995,"location":"Nigeria, Plateau"}},{"type":"Feature","id":940,"geometry":{"type":"Point","coordinates":[9.1169690866150166,9.2991973876877587]},"properties":{"objectid":940,"iso":"kul","grn_num":12441,"iso_lang_name":"Kulere","grn_name":"Kulere: Kamwai-Marhai","scope":"Dialect","state":"Verified","parent_num":2248,"longitude":9.5179000000000009,"latitude":9.2181999999999995,"location":"Nigeria, Plateau"}},{"type":"Feature","id":941,"geometry":{"type":"Point","coordinates":[9.5098042782636192,8.9985829760083575]},"properties":{"objectid":941,"iso":"kul","grn_num":12442,"iso_lang_name":"Kulere","grn_name":"Kulere: Richa","scope":"Dialect","state":"Verified","parent_num":2248,"longitude":9.5179000000000009,"latitude":9.2181999999999995,"location":"Nigeria, Plateau"}},{"type":"Feature","id":942,"geometry":{"type":"Point","coordinates":[9.7244251135705877,8.9849764286218239]},"properties":{"objectid":942,"iso":"kul","grn_num":29735,"iso_lang_name":"Kulere","grn_name":"Kulere: Toff","scope":"Dialect","state":"Verified","parent_num":2248,"longitude":9.5179000000000009,"latitude":9.2181999999999995,"location":"Nigeria, Plateau"}},{"type":"Feature","id":943,"geometry":{"type":"Point","coordinates":[12.367629350341856,9.1893972991643178]},"properties":{"objectid":943,"iso":"kwb","grn_num":1893,"iso_lang_name":"Kwa","grn_name":"Kwa","scope":"ISO_Lang","state":"Verified","parent_num":null,"longitude":12.398400000000001,"latitude":9.3264999999999993,"location":"Nigeria, Adamawa"}},{"type":"Feature","id":944,"geometry":{"type":"Point","coordinates":[12.335811226895917,9.002623962166405]},"properties":{"objectid":944,"iso":"kwb","grn_num":12593,"iso_lang_name":"Kwa","grn_name":"Kwa: Gyakan","scope":"Dialect","state":"Verified","parent_num":1893,"longitude":12.398400000000001,"latitude":9.3264999999999993,"location":"Nigeria, Adamawa"}},{"type":"Feature","id":945,"geometry":{"type":"Point","coordinates":[9.649886709371378,9.2729508512298953]},"properties":{"objectid":945,"iso":"kwl","grn_num":23905,"iso_lang_name":"Kofyar","grn_name":"Bwol","scope":"Dialect","state":"Verified","parent_num":12096,"longitude":9.5179000000000009,"latitude":9.2181999999999995,"location":"Nigeria, Plateau"}},{"type":"Feature","id":946,"geometry":{"type":"Point","coordinates":[9.36075053321178,9.0503845312322362]},"properties":{"objectid":946,"iso":"kwl","grn_num":2458,"iso_lang_name":"Kofyar","grn_name":"Dimmuk","scope":"Dialect","state":"Verified","parent_num":12096,"longitude":9.5179000000000009,"latitude":9.2181999999999995,"location":"Nigeria, Plateau"}},{"type":"Feature","id":947,"geometry":{"type":"Point","coordinates":[9.4933609017537588,9.4572736138050981]},"properties":{"objectid":947,"iso":"kwl","grn_num":12097,"iso_lang_name":"Kofyar","grn_name":"Gworam","scope":"Dialect","state":"Verified","parent_num":12096,"longitude":9.5179000000000009,"latitude":9.2181999999999995,"location":"Nigeria, Plateau"}},{"type":"Feature","id":948,"geometry":{"type":"Point","coordinates":[9.5309135411901327,9.3538548439292963]},"properties":{"objectid":948,"iso":"kwl","grn_num":2486,"iso_lang_name":"Kofyar","grn_name":"Jibiyal","scope":"Dialect","state":"Verified","parent_num":12096,"longitude":9.5179000000000009,"latitude":9.2181999999999995,"location":"Nigeria, Plateau"}},{"type":"Feature","id":949,"geometry":{"type":"Point","coordinates":[9.3591759589952535,9.5264272290000118]},"properties":{"objectid":949,"iso":"kwl","grn_num":12096,"iso_lang_name":"Kofyar","grn_name":"Kofyar","scope":"ISO_Lang","state":"Verified","parent_num":null,"longitude":9.5179000000000009,"latitude":9.2181999999999995,"location":"Nigeria, Plateau"}},{"type":"Feature","id":950,"geometry":{"type":"Point","coordinates":[9.5163027098935657,9.0855951599958882]},"properties":{"objectid":950,"iso":"kwl","grn_num":2479,"iso_lang_name":"Kofyar","grn_name":"Kofyar: Jipal","scope":"Dialect","state":"Verified","parent_num":12096,"longitude":9.5179000000000009,"latitude":9.2181999999999995,"location":"Nigeria, Plateau"}},{"type":"Feature","id":951,"geometry":{"type":"Point","coordinates":[9.7387155149069962,9.3116743942411873]},"properties":{"objectid":951,"iso":"kwl","grn_num":12099,"iso_lang_name":"Kofyar","grn_name":"Kofyar: Kwagallak","scope":"Dialect","state":"Verified","parent_num":12096,"longitude":9.5179000000000009,"latitude":9.2181999999999995,"location":"Nigeria, Plateau"}},{"type":"Feature","id":952,"geometry":{"type":"Point","coordinates":[9.1477754815739196,9.2559369408134256]},"properties":{"objectid":952,"iso":"kwl","grn_num":2460,"iso_lang_name":"Kofyar","grn_name":"Kofyar: Mbwol","scope":"Dialect","state":"Verified","parent_num":12096,"longitude":9.5179000000000009,"latitude":9.2181999999999995,"location":"Nigeria, Plateau"}},{"type":"Feature","id":953,"geometry":{"type":"Point","coordinates":[9.6748545670232158,9.0985579468807085]},"properties":{"objectid":953,"iso":"kwl","grn_num":27455,"iso_lang_name":"Kofyar","grn_name":"Kofyar: Shindai","scope":"Dialect","state":"Unverified","parent_num":12096,"longitude":9.5179000000000009,"latitude":9.2181999999999995,"location":"Nigeria, Plateau"}},{"type":"Feature","id":954,"geometry":{"type":"Point","coordinates":[9.3095248156005663,9.2018160603352168]},"properties":{"objectid":954,"iso":"kwl","grn_num":2487,"iso_lang_name":"Kofyar","grn_name":"Mernyang","scope":"Dialect","state":"Verified","parent_num":12096,"longitude":9.5179000000000009,"latitude":9.2181999999999995,"location":"Nigeria, Plateau"}},{"type":"Feature","id":955,"geometry":null,"properties":{"objectid":955,"iso":"lan","grn_num":2037,"iso_lang_name":"Laru","grn_name":"Laru","scope":"ISO_Lang","state":"Verified","parent_num":null,"longitude":null,"latitude":null,"location":"Nigeria, Niger","shape":null}},{"type":"Feature","id":956,"geometry":null,"properties":{"objectid":956,"iso":"lan","grn_num":2070,"iso_lang_name":"Laru","grn_name":"Yumu","scope":"Dialect","state":"Verified","parent_num":2037,"longitude":null,"latitude":null,"location":"Nigeria, Niger","shape":null}},{"type":"Feature","id":957,"geometry":{"type":"Point","coordinates":[7.3570172776022753,10.608901685302573]},"properties":{"objectid":957,"iso":"ldb","grn_num":2009,"iso_lang_name":"Duya","grn_name":"Duya","scope":"ISO_Lang","state":"Verified","parent_num":null,"longitude":7.4408000000000003,"latitude":10.5015,"location":"Nigeria, Kaduna"}},{"type":"Feature","id":958,"geometry":{"type":"Point","coordinates":[8.454946907256879,5.6538551957772558]},"properties":{"objectid":958,"iso":"ldg","grn_num":12879,"iso_lang_name":"Lenyima","grn_name":"Lenyima","scope":"ISO_Lang","state":"Verified","parent_num":null,"longitude":8.5,"latitude":5.75,"location":"Nigeria, Cross River"}},{"type":"Feature","id":959,"geometry":{"type":"Point","coordinates":[12.608297795814273,9.409972814953008]},"properties":{"objectid":959,"iso":"ldh","grn_num":23293,"iso_lang_name":"Lamja-Dengsa-Tola","grn_name":"Lamja-Dengsa-Tola","scope":"ISO_Lang","state":"Verified","parent_num":null,"longitude":12.398400000000001,"latitude":9.3264999999999993,"location":"Nigeria, Adamawa"}},{"type":"Feature","id":960,"geometry":{"type":"Point","coordinates":[12.581812777970699,9.4869080530411001]},"properties":{"objectid":960,"iso":"ldh","grn_num":12738,"iso_lang_name":"Lamja-Dengsa-Tola","grn_name":"Lamja-Dengsa-Tola: Dengsa","scope":"Dialect","state":"Verified","parent_num":23293,"longitude":12.398400000000001,"latitude":9.3264999999999993,"location":"Nigeria, Adamawa"}},{"type":"Feature","id":961,"geometry":{"type":"Point","coordinates":[12.078535133590883,9.3512085058020809]},"properties":{"objectid":961,"iso":"ldh","grn_num":12739,"iso_lang_name":"Lamja-Dengsa-Tola","grn_name":"Lamja-Dengsa-Tola: Lamja","scope":"Dialect","state":"Verified","parent_num":23293,"longitude":12.398400000000001,"latitude":9.3264999999999993,"location":"Nigeria, Adamawa"}},{"type":"Feature","id":962,"geometry":{"type":"Point","coordinates":[12.429750142044389,9.4145968867736745]},"properties":{"objectid":962,"iso":"ldh","grn_num":12740,"iso_lang_name":"Lamja-Dengsa-Tola","grn_name":"Lamja-Dengsa-Tola: Tola","scope":"Dialect","state":"Verified","parent_num":23293,"longitude":12.398400000000001,"latitude":9.3264999999999993,"location":"Nigeria, Adamawa"}},{"type":"Feature","id":963,"geometry":{"type":"Point","coordinates":[9.5424803943155325,9.496182256592304]},"properties":{"objectid":963,"iso":"ldj","grn_num":1915,"iso_lang_name":"Lemoro","grn_name":"Lemoro","scope":"ISO_Lang","state":"Verified","parent_num":null,"longitude":9.5179000000000009,"latitude":9.2181999999999995,"location":"Nigeria, Plateau"}},{"type":"Feature","id":964,"geometry":{"type":"Point","coordinates":[10.8394310574129,7.9332940552744526]},"properties":{"objectid":964,"iso":"ldk","grn_num":6325,"iso_lang_name":"Leelau","grn_name":"Leelau","scope":"ISO_Lang","state":"Verified","parent_num":null,"longitude":10.774000000000001,"latitude":7.9993999999999996,"location":"Nigeria, Taraba"}},{"type":"Feature","id":965,"geometry":{"type":"Point","coordinates":[12.705707061907125,9.3631565146498534]},"properties":{"objectid":965,"iso":"ldl","grn_num":1867,"iso_lang_name":"Kaan","grn_name":"Libo","scope":"ISO_Lang","state":"Verified","parent_num":null,"longitude":12.398400000000001,"latitude":9.3264999999999993,"location":"Nigeria, Adamawa"}},{"type":"Feature","id":966,"geometry":{"type":"Point","coordinates":[9.648586663000625,10.438484693123673]},"properties":{"objectid":966,"iso":"ldo","grn_num":2584,"iso_lang_name":"Loo","grn_name":"Lo","scope":"ISO_Lang","state":"Verified","parent_num":null,"longitude":9.8404000000000007,"latitude":10.305999999999999,"location":"Nigeria, Bauchi"}},{"type":"Feature","id":967,"geometry":{"type":"Point","coordinates":[12.097598866140109,9.4567567807202426]},"properties":{"objectid":967,"iso":"ldp","grn_num":17666,"iso_lang_name":"Tso","grn_name":"Tso: Berbou","scope":"Dialect","state":"Verified","parent_num":1889,"longitude":12.398400000000001,"latitude":9.3264999999999993,"location":"Nigeria, Adamawa"}},{"type":"Feature","id":968,"geometry":{"type":"Point","coordinates":[12.47290645874835,9.4905319406242334]},"properties":{"objectid":968,"iso":"ldp","grn_num":1889,"iso_lang_name":"Tso","grn_name":"Tsobo","scope":"ISO_Lang","state":"Verified","parent_num":null,"longitude":12.398400000000001,"latitude":9.3264999999999993,"location":"Nigeria, Adamawa"}},{"type":"Feature","id":969,"geometry":{"type":"Point","coordinates":[12.245177146304059,9.6539919769356679]},"properties":{"objectid":969,"iso":"ldp","grn_num":17667,"iso_lang_name":"Tso","grn_name":"Tso: Gusubou","scope":"Dialect","state":"Verified","parent_num":1889,"longitude":12.398400000000001,"latitude":9.3264999999999993,"location":"Nigeria, Adamawa"}},{"type":"Feature","id":970,"geometry":{"type":"Point","coordinates":[12.298829659960385,9.3634472062130882]},"properties":{"objectid":970,"iso":"ldp","grn_num":17668,"iso_lang_name":"Tso","grn_name":"Tso: Swabou","scope":"Dialect","state":"Verified","parent_num":1889,"longitude":12.398400000000001,"latitude":9.3264999999999993,"location":"Nigeria, Adamawa"}},{"type":"Feature","id":971,"geometry":{"type":"Point","coordinates":[10.762785083386261,8.0717501480310982]},"properties":{"objectid":971,"iso":"ldq","grn_num":13104,"iso_lang_name":"Lufu","grn_name":"Lufu","scope":"ISO_Lang","state":"Verified","parent_num":null,"longitude":10.774000000000001,"latitude":7.9993999999999996,"location":"Nigeria, Taraba"}},{"type":"Feature","id":972,"geometry":{"type":"Point","coordinates":[12.481541476687706,8.998441687969148]},"properties":{"objectid":972,"iso":"lla","grn_num":12712,"iso_lang_name":"Lala-Roba","grn_name":"Lala-Roba: Ebode","scope":"Dialect","state":"Verified","parent_num":1791,"longitude":12.398400000000001,"latitude":9.3264999999999993,"location":"Nigeria, Adamawa"}},{"type":"Feature","id":973,"geometry":{"type":"Point","coordinates":[12.178779021884653,9.3672528939053148]},"properties":{"objectid":973,"iso":"lla","grn_num":12713,"iso_lang_name":"Lala-Roba","grn_name":"Lala-Roba: Lala","scope":"Dialect","state":"Verified","parent_num":1791,"longitude":12.398400000000001,"latitude":9.3264999999999993,"location":"Nigeria, Adamawa"}},{"type":"Feature","id":974,"geometry":{"type":"Point","coordinates":[12.745367740989812,9.3570778413760571]},"properties":{"objectid":974,"iso":"lla","grn_num":12714,"iso_lang_name":"Lala-Roba","grn_name":"Lala-Roba: Roba","scope":"Dialect","state":"Verified","parent_num":1791,"longitude":12.398400000000001,"latitude":9.3264999999999993,"location":"Nigeria, Adamawa"}},{"type":"Feature","id":975,"geometry":{"type":"Point","coordinates":[12.673168265024488,9.4353153486246537]},"properties":{"objectid":975,"iso":"lla","grn_num":1791,"iso_lang_name":"Lala-Roba","grn_name":"Lalla","scope":"ISO_Lang","state":"Verified","parent_num":null,"longitude":12.398400000000001,"latitude":9.3264999999999993,"location":"Nigeria, Adamawa"}},{"type":"Feature","id":976,"geometry":{"type":"Point","coordinates":[12.490510648149842,9.5406377568674294]},"properties":{"objectid":976,"iso":"lnu","grn_num":2050,"iso_lang_name":"Longuda","grn_name":"Longuda","scope":"ISO_Lang","state":"Verified","parent_num":null,"longitude":12.398400000000001,"latitude":9.3264999999999993,"location":"Nigeria, Adamawa"}},{"type":"Feature","id":977,"geometry":{"type":"Point","coordinates":[12.346616882683854,9.6578564591520806]},"properties":{"objectid":977,"iso":"lnu","grn_num":6324,"iso_lang_name":"Longuda","grn_name":"Longuda: Guyuk","scope":"Dialect","state":"Verified","parent_num":2050,"longitude":12.398400000000001,"latitude":9.3264999999999993,"location":"Nigeria, Adamawa"}},{"type":"Feature","id":978,"geometry":{"type":"Point","coordinates":[12.152333849713767,9.0752156777133859]},"properties":{"objectid":978,"iso":"lnu","grn_num":2644,"iso_lang_name":"Longuda","grn_name":"Longuda: Jessu","scope":"Dialect","state":"Verified","parent_num":2050,"longitude":12.398400000000001,"latitude":9.3264999999999993,"location":"Nigeria, Adamawa"}},{"type":"Feature","id":979,"geometry":{"type":"Point","coordinates":[12.667103566064874,9.1423185091552117]},"properties":{"objectid":979,"iso":"lnu","grn_num":13079,"iso_lang_name":"Longuda","grn_name":"Longuda: Nya Ceriya","scope":"Dialect","state":"Verified","parent_num":2050,"longitude":12.398400000000001,"latitude":9.3264999999999993,"location":"Nigeria, Adamawa"}},{"type":"Feature","id":980,"geometry":{"type":"Point","coordinates":[12.742359741244092,9.3040547129731941]},"properties":{"objectid":980,"iso":"lnu","grn_num":13080,"iso_lang_name":"Longuda","grn_name":"Longuda: Nya Tariya","scope":"Dialect","state":"Verified","parent_num":2050,"longitude":12.398400000000001,"latitude":9.3264999999999993,"location":"Nigeria, Adamawa"}},{"type":"Feature","id":981,"geometry":{"type":"Point","coordinates":[12.402339377961162,9.6613856160936855]},"properties":{"objectid":981,"iso":"lnu","grn_num":2643,"iso_lang_name":"Longuda","grn_name":"Longuda: Nyuwar","scope":"Dialect","state":"Verified","parent_num":2050,"longitude":12.398400000000001,"latitude":9.3264999999999993,"location":"Nigeria, Adamawa"}},{"type":"Feature","id":982,"geometry":null,"properties":{"objectid":982,"iso":"lop","grn_num":23977,"iso_lang_name":"Lopa","grn_name":"Lopa: Ollop","scope":"Dialect","state":"Verified","parent_num":2066,"longitude":null,"latitude":null,"location":"Nigeria, Niger","shape":null}},{"type":"Feature","id":983,"geometry":null,"properties":{"objectid":983,"iso":"lop","grn_num":2066,"iso_lang_name":"Lopa","grn_name":"Lopawa","scope":"ISO_Lang","state":"Verified","parent_num":null,"longitude":null,"latitude":null,"location":"Nigeria, Niger","shape":null}},{"type":"Feature","id":984,"geometry":{"type":"Point","coordinates":[9.7159971941351451,9.2438884313626932]},"properties":{"objectid":984,"iso":"mae","grn_num":4896,"iso_lang_name":"Bo-Rukul","grn_name":"Barukul","scope":"ISO_Lang","state":"Verified","parent_num":null,"longitude":9.5179000000000009,"latitude":9.2181999999999995,"location":"Nigeria, Plateau"}},{"type":"Feature","id":985,"geometry":{"type":"Point","coordinates":[9.1240820736971386,9.3764927427682405]},"properties":{"objectid":985,"iso":"mae","grn_num":8333,"iso_lang_name":"Bo-Rukul","grn_name":"Bo-Rukul: Bo","scope":"Dialect","state":"Verified","parent_num":4896,"longitude":9.5179000000000009,"latitude":9.2181999999999995,"location":"Nigeria, Plateau"}},{"type":"Feature","id":986,"geometry":{"type":"Point","coordinates":[9.6218410331133164,9.1017305378822293]},"properties":{"objectid":986,"iso":"mae","grn_num":8334,"iso_lang_name":"Bo-Rukul","grn_name":"Bo-Rukul: Rukul","scope":"Dialect","state":"Verified","parent_num":4896,"longitude":9.5179000000000009,"latitude":9.2181999999999995,"location":"Nigeria, Plateau"}},{"type":"Feature","id":987,"geometry":{"type":"Point","coordinates":[12.388737804784613,9.3808553924103855]},"properties":{"objectid":987,"iso":"mbu","grn_num":4732,"iso_lang_name":"Mbula-Bwazza","grn_name":"Bare","scope":"Dialect","state":"Verified","parent_num":23074,"longitude":12.398400000000001,"latitude":9.3264999999999993,"location":"Nigeria, Adamawa"}},{"type":"Feature","id":988,"geometry":{"type":"Point","coordinates":[12.286412637656834,9.0905591265655588]},"properties":{"objectid":988,"iso":"mbu","grn_num":1871,"iso_lang_name":"Mbula-Bwazza","grn_name":"Mbula","scope":"Dialect","state":"Verified","parent_num":23074,"longitude":12.398400000000001,"latitude":9.3264999999999993,"location":"Nigeria, Adamawa"}},{"type":"Feature","id":989,"geometry":{"type":"Point","coordinates":[12.261447405780578,9.4339439894327164]},"properties":{"objectid":989,"iso":"mbu","grn_num":23074,"iso_lang_name":"Mbula-Bwazza","grn_name":"Mbula-Bwazza","scope":"ISO_Lang","state":"Verified","parent_num":null,"longitude":12.398400000000001,"latitude":9.3264999999999993,"location":"Nigeria, Adamawa"}},{"type":"Feature","id":990,"geometry":{"type":"Point","coordinates":[12.150194971802064,9.4641154429104919]},"properties":{"objectid":990,"iso":"mbu","grn_num":24035,"iso_lang_name":"Mbula-Bwazza","grn_name":"Mbula-Bwazza: Bakopi","scope":"Dialect","state":"Verified","parent_num":23074,"longitude":12.398400000000001,"latitude":9.3264999999999993,"location":"Nigeria, Adamawa"}},{"type":"Feature","id":991,"geometry":{"type":"Point","coordinates":[12.398400000437288,9.326499999963902]},"properties":{"objectid":991,"iso":"mbu","grn_num":24036,"iso_lang_name":"Mbula-Bwazza","grn_name":"Mbula-Bwazza: Bwazza","scope":"Dialect","state":"Verified","parent_num":23074,"longitude":12.398400000000001,"latitude":9.3264999999999993,"location":"Nigeria, Adamawa"}},{"type":"Feature","id":992,"geometry":{"type":"Point","coordinates":[12.627032788986989,9.4577800060309904]},"properties":{"objectid":992,"iso":"mbu","grn_num":23979,"iso_lang_name":"Mbula-Bwazza","grn_name":"Mbula-Bwazza: Gwamba","scope":"Dialect","state":"Verified","parent_num":23074,"longitude":12.398400000000001,"latitude":9.3264999999999993,"location":"Nigeria, Adamawa"}},{"type":"Feature","id":993,"geometry":{"type":"Point","coordinates":[12.413011145245873,9.1802179308145746]},"properties":{"objectid":993,"iso":"mbu","grn_num":23980,"iso_lang_name":"Mbula-Bwazza","grn_name":"Mbula-Bwazza: Tambo","scope":"Dialect","state":"Verified","parent_num":23074,"longitude":12.398400000000001,"latitude":9.3264999999999993,"location":"Nigeria, Adamawa"}},{"type":"Feature","id":994,"geometry":{"type":"Point","coordinates":[12.285216354786245,9.5587569458456869]},"properties":{"objectid":994,"iso":"mbu","grn_num":4746,"iso_lang_name":"Mbula-Bwazza","grn_name":"Tambo: Jimo","scope":"Dialect","state":"Verified","parent_num":23074,"longitude":12.398400000000001,"latitude":9.3264999999999993,"location":"Nigeria, Adamawa"}},{"type":"Feature","id":995,"geometry":{"type":"Point","coordinates":[12.126513132429537,9.3699250988420957]},"properties":{"objectid":995,"iso":"mbu","grn_num":28269,"iso_lang_name":"Mbula-Bwazza","grn_name":"Tambo: Kpong","scope":"Dialect","state":"Verified","parent_num":23074,"longitude":12.398400000000001,"latitude":9.3264999999999993,"location":"Nigeria, Adamawa"}},{"type":"Feature","id":996,"geometry":{"type":"Point","coordinates":[10.512170064388291,7.9112188478480672]},"properties":{"objectid":996,"iso":"mcj","grn_num":14469,"iso_lang_name":"Mvanip","grn_name":"Mvanip","scope":"ISO_Lang","state":"Verified","parent_num":null,"longitude":10.774000000000001,"latitude":7.9993999999999996,"location":"Nigeria, Taraba"}},{"type":"Feature","id":997,"geometry":{"type":"Point","coordinates":[9.3170423284281583,9.3287408430184069]},"properties":{"objectid":997,"iso":"mda","grn_num":2069,"iso_lang_name":"Mada (Nigeria)","grn_name":"Mada","scope":"ISO_Lang","state":"Verified","parent_num":null,"longitude":9.5179000000000009,"latitude":9.2181999999999995,"location":"Nigeria, Plateau"}},{"type":"Feature","id":998,"geometry":{"type":"Point","coordinates":[9.6841554692517633,9.0599427283492062]},"properties":{"objectid":998,"iso":"mda","grn_num":27456,"iso_lang_name":"Mada (Nigeria)","grn_name":"Mada: Akwanga","scope":"Dialect","state":"Verified","parent_num":2069,"longitude":9.5179000000000009,"latitude":9.2181999999999995,"location":"Nigeria, Plateau"}},{"type":"Feature","id":999,"geometry":{"type":"Point","coordinates":[9.5262847560930357,9.0408019956347143]},"properties":{"objectid":999,"iso":"mda","grn_num":27457,"iso_lang_name":"Mada (Nigeria)","grn_name":"Mada: Ancho","scope":"Dialect","state":"Verified","parent_num":2069,"longitude":9.5179000000000009,"latitude":9.2181999999999995,"location":"Nigeria, Plateau"}},{"type":"Feature","id":1000,"geometry":{"type":"Point","coordinates":[9.4914494718820812,9.3952504910766592]},"properties":{"objectid":1000,"iso":"mda","grn_num":27458,"iso_lang_name":"Mada (Nigeria)","grn_name":"Mada: Anjagwa","scope":"Dialect","state":"Verified","parent_num":2069,"longitude":9.5179000000000009,"latitude":9.2181999999999995,"location":"Nigeria, Plateau"}},{"type":"Feature","id":1001,"geometry":{"type":"Point","coordinates":[9.4439003404381801,9.3568700859178566]},"properties":{"objectid":1001,"iso":"mda","grn_num":27459,"iso_lang_name":"Mada (Nigeria)","grn_name":"Mada: Buhar","scope":"Dialect","state":"Verified","parent_num":2069,"longitude":9.5179000000000009,"latitude":9.2181999999999995,"location":"Nigeria, Plateau"}},{"type":"Feature","id":1002,"geometry":{"type":"Point","coordinates":[9.7289683143739474,9.4703857988829512]},"properties":{"objectid":1002,"iso":"mda","grn_num":27460,"iso_lang_name":"Mada (Nigeria)","grn_name":"Mada: Gbugyar","scope":"Dialect","state":"Verified","parent_num":2069,"longitude":9.5179000000000009,"latitude":9.2181999999999995,"location":"Nigeria, Plateau"}},{"type":"Feature","id":1003,"geometry":{"type":"Point","coordinates":[9.5281074378045005,8.9487282421165553]},"properties":{"objectid":1003,"iso":"mda","grn_num":29776,"iso_lang_name":"Mada (Nigeria)","grn_name":"Mada: Ningo","scope":"Dialect","state":"Verified","parent_num":2069,"longitude":9.5179000000000009,"latitude":9.2181999999999995,"location":"Nigeria, Plateau"}},{"type":"Feature","id":1004,"geometry":{"type":"Point","coordinates":[9.2660261868744147,9.361367891021759]},"properties":{"objectid":1004,"iso":"mda","grn_num":27461,"iso_lang_name":"Mada (Nigeria)","grn_name":"Mada: Rija","scope":"Dialect","state":"Verified","parent_num":2069,"longitude":9.5179000000000009,"latitude":9.2181999999999995,"location":"Nigeria, Plateau"}},{"type":"Feature","id":1005,"geometry":{"type":"Point","coordinates":[9.8048692481618218,9.1735997650563696]},"properties":{"objectid":1005,"iso":"mda","grn_num":29777,"iso_lang_name":"Mada (Nigeria)","grn_name":"Mada: Shugbu","scope":"Dialect","state":"Verified","parent_num":2069,"longitude":9.5179000000000009,"latitude":9.2181999999999995,"location":"Nigeria, Plateau"}},{"type":"Feature","id":1006,"geometry":{"type":"Point","coordinates":[9.1458597397888735,9.0493854253669319]},"properties":{"objectid":1006,"iso":"mda","grn_num":27462,"iso_lang_name":"Mada (Nigeria)","grn_name":"Mada: Ungwar Zaria","scope":"Dialect","state":"Verified","parent_num":2069,"longitude":9.5179000000000009,"latitude":9.2181999999999995,"location":"Nigeria, Plateau"}},{"type":"Feature","id":1007,"geometry":{"type":"Point","coordinates":[13.039177918048008,11.946394005864521]},"properties":{"objectid":1007,"iso":"mew","grn_num":13194,"iso_lang_name":"Maaka","grn_name":"Maaka","scope":"ISO_Lang","state":"Verified","parent_num":null,"longitude":13.151999999999999,"latitude":11.884600000000001,"location":"Nigeria, Borno"}},{"type":"Feature","id":1008,"geometry":{"type":"Point","coordinates":[13.274822861382432,11.864738069958431]},"properties":{"objectid":1008,"iso":"mfi","grn_num":3106,"iso_lang_name":"Wandala","grn_name":"Wandala","scope":"ISO_Lang","state":"Verified","parent_num":null,"longitude":13.151999999999999,"latitude":11.884600000000001,"location":"Nigeria, Borno"}},{"type":"Feature","id":1009,"geometry":{"type":"Point","coordinates":[13.252863236139993,11.91645295728677]},"properties":{"objectid":1009,"iso":"mfl","grn_num":1783,"iso_lang_name":"Putai","grn_name":"Putai","scope":"ISO_Lang","state":"Verified","parent_num":null,"longitude":13.151999999999999,"latitude":11.884600000000001,"location":"Nigeria, Borno"}},{"type":"Feature","id":1010,"geometry":{"type":"Point","coordinates":[13.048364480012234,11.716870579985608]},"properties":{"objectid":1010,"iso":"mfm","grn_num":1785,"iso_lang_name":"Marghi South","grn_name":"Marghi South","scope":"ISO_Lang","state":"Verified","parent_num":null,"longitude":13.151999999999999,"latitude":11.884600000000001,"location":"Nigeria, Borno"}},{"type":"Feature","id":1011,"geometry":{"type":"Point","coordinates":[8.5440434179337128,5.7796762118341025]},"properties":{"objectid":1011,"iso":"mfn","grn_num":13898,"iso_lang_name":"Mbembe, Cross River","grn_name":"Mbembe, Cross River: Adun","scope":"Dialect","state":"Verified","parent_num":2275,"longitude":8.5,"latitude":5.75,"location":"Nigeria, Cross River"}},{"type":"Feature","id":1012,"geometry":{"type":"Point","coordinates":[8.5840567387660123,5.4589109657306913]},"properties":{"objectid":1012,"iso":"mfn","grn_num":13899,"iso_lang_name":"Mbembe, Cross River","grn_name":"Mbembe, Cross River: Apiapum","scope":"Dialect","state":"Verified","parent_num":2275,"longitude":8.5,"latitude":5.75,"location":"Nigeria, Cross River"}},{"type":"Feature","id":1013,"geometry":{"type":"Point","coordinates":[8.5499437889767211,5.7319412571698969]},"properties":{"objectid":1013,"iso":"mfn","grn_num":13900,"iso_lang_name":"Mbembe, Cross River","grn_name":"Mbembe, Cross River: Ekama","scope":"Dialect","state":"Verified","parent_num":2275,"longitude":8.5,"latitude":5.75,"location":"Nigeria, Cross River"}},{"type":"Feature","id":1014,"geometry":{"type":"Point","coordinates":[8.4511997736953788,5.9721531038262041]},"properties":{"objectid":1014,"iso":"mfn","grn_num":13901,"iso_lang_name":"Mbembe, Cross River","grn_name":"Mbembe, Cross River: Oferikpe","scope":"Dialect","state":"Verified","parent_num":2275,"longitude":8.5,"latitude":5.75,"location":"Nigeria, Cross River"}},{"type":"Feature","id":1015,"geometry":{"type":"Point","coordinates":[8.3365552868309933,5.614002662029586]},"properties":{"objectid":1015,"iso":"mfn","grn_num":13902,"iso_lang_name":"Mbembe, Cross River","grn_name":"Mbembe, Cross River: Ofombonga","scope":"Dialect","state":"Verified","parent_num":2275,"longitude":8.5,"latitude":5.75,"location":"Nigeria, Cross River"}},{"type":"Feature","id":1016,"geometry":{"type":"Point","coordinates":[8.5069767958121361,5.6393467368219685]},"properties":{"objectid":1016,"iso":"mfn","grn_num":13903,"iso_lang_name":"Mbembe, Cross River","grn_name":"Mbembe, Cross River: Ofonokpan","scope":"Dialect","state":"Verified","parent_num":2275,"longitude":8.5,"latitude":5.75,"location":"Nigeria, Cross River"}},{"type":"Feature","id":1017,"geometry":{"type":"Point","coordinates":[8.5370225216429372,5.4312257220163849]},"properties":{"objectid":1017,"iso":"mfn","grn_num":13904,"iso_lang_name":"Mbembe, Cross River","grn_name":"Mbembe, Cross River: Okom","scope":"Dialect","state":"Verified","parent_num":2275,"longitude":8.5,"latitude":5.75,"location":"Nigeria, Cross River"}},{"type":"Feature","id":1018,"geometry":{"type":"Point","coordinates":[8.247663845363892,5.8671883088634154]},"properties":{"objectid":1018,"iso":"mfn","grn_num":13905,"iso_lang_name":"Mbembe, Cross River","grn_name":"Mbembe, Cross River: Osopong","scope":"Dialect","state":"Verified","parent_num":2275,"longitude":8.5,"latitude":5.75,"location":"Nigeria, Cross River"}},{"type":"Feature","id":1019,"geometry":{"type":"Point","coordinates":[8.4068936610384561,6.052652776925334]},"properties":{"objectid":1019,"iso":"mfn","grn_num":2275,"iso_lang_name":"Mbembe, Cross River","grn_name":"Okam","scope":"ISO_Lang","state":"Verified","parent_num":null,"longitude":8.5,"latitude":5.75,"location":"Nigeria, Cross River"}},{"type":"Feature","id":1020,"geometry":{"type":"Point","coordinates":[8.6019427862659565,5.9908520243961716]},"properties":{"objectid":1020,"iso":"mfo","grn_num":2203,"iso_lang_name":"Mbe","grn_name":"Mbe","scope":"ISO_Lang","state":"Verified","parent_num":null,"longitude":8.5,"latitude":5.75,"location":"Nigeria, Cross River"}},{"type":"Feature","id":1021,"geometry":{"type":"Point","coordinates":[8.7029007669386544,5.759769450332028]},"properties":{"objectid":1021,"iso":"mfo","grn_num":13894,"iso_lang_name":"Mbe","grn_name":"Mbe: Idum","scope":"Dialect","state":"Verified","parent_num":2203,"longitude":8.5,"latitude":5.75,"location":"Nigeria, Cross River"}},{"type":"Feature","id":1022,"geometry":{"type":"Point","coordinates":[8.4109008011791495,5.9516417647445508]},"properties":{"objectid":1022,"iso":"mfo","grn_num":13896,"iso_lang_name":"Mbe","grn_name":"Mbe: Odaje","scope":"Dialect","state":"Verified","parent_num":2203,"longitude":8.5,"latitude":5.75,"location":"Nigeria, Cross River"}},{"type":"Feature","id":1023,"geometry":{"type":"Point","coordinates":[9.6933528109993947,8.9419065757218927]},"properties":{"objectid":1023,"iso":"mgi","grn_num":2142,"iso_lang_name":"Lijili","grn_name":"Migili","scope":"ISO_Lang","state":"Verified","parent_num":null,"longitude":9.5179000000000009,"latitude":9.2181999999999995,"location":"Nigeria, Plateau"}},{"type":"Feature","id":1024,"geometry":{"type":"Point","coordinates":[6.8835932390583858,4.8849692290411246]},"properties":{"objectid":1024,"iso":"mgj","grn_num":14095,"iso_lang_name":"Abureni","grn_name":"Mini","scope":"ISO_Lang","state":"Verified","parent_num":null,"longitude":6.9112,"latitude":4.8395999999999999,"location":"Nigeria, Rivers"}},{"type":"Feature","id":1025,"geometry":{"type":"Point","coordinates":[9.0604788803161291,9.2973416300445511]},"properties":{"objectid":1025,"iso":"mjs","grn_num":2491,"iso_lang_name":"Miship","grn_name":"Miship","scope":"ISO_Lang","state":"Verified","parent_num":null,"longitude":9.5179000000000009,"latitude":9.2181999999999995,"location":"Nigeria, Plateau"}},{"type":"Feature","id":1026,"geometry":{"type":"Point","coordinates":[9.2993542848881745,9.0285796724405323]},"properties":{"objectid":1026,"iso":"mjs","grn_num":14103,"iso_lang_name":"Miship","grn_name":"Miship: Doka","scope":"Dialect","state":"Verified","parent_num":2491,"longitude":9.5179000000000009,"latitude":9.2181999999999995,"location":"Nigeria, Plateau"}},{"type":"Feature","id":1027,"geometry":{"type":"Point","coordinates":[9.1633572326908119,9.3527937218200314]},"properties":{"objectid":1027,"iso":"mjs","grn_num":27464,"iso_lang_name":"Miship","grn_name":"Miship: Jibaam","scope":"Dialect","state":"Verified","parent_num":2491,"longitude":9.5179000000000009,"latitude":9.2181999999999995,"location":"Nigeria, Plateau"}},{"type":"Feature","id":1028,"geometry":{"type":"Point","coordinates":[9.4415756181621582,9.0802716810342456]},"properties":{"objectid":1028,"iso":"mjs","grn_num":27465,"iso_lang_name":"Miship","grn_name":"Miship: Longmaar","scope":"Dialect","state":"Verified","parent_num":2491,"longitude":9.5179000000000009,"latitude":9.2181999999999995,"location":"Nigeria, Plateau"}},{"type":"Feature","id":1029,"geometry":{"type":"Point","coordinates":[9.9668618980697232,10.250970910027014]},"properties":{"objectid":1029,"iso":"mkf","grn_num":14131,"iso_lang_name":"Vune Mi","grn_name":"Miya: Demshin","scope":"Dialect","state":"Verified","parent_num":2030,"longitude":9.8404000000000007,"latitude":10.305999999999999,"location":"Nigeria, Bauchi"}},{"type":"Feature","id":1030,"geometry":{"type":"Point","coordinates":[9.7138301010386741,10.060660119341522]},"properties":{"objectid":1030,"iso":"mkf","grn_num":14132,"iso_lang_name":"Vune Mi","grn_name":"Miya: Faishang","scope":"Dialect","state":"Verified","parent_num":2030,"longitude":9.8404000000000007,"latitude":10.305999999999999,"location":"Nigeria, Bauchi"}},{"type":"Feature","id":1031,"geometry":{"type":"Point","coordinates":[9.7643126460086211,10.077152931059414]},"properties":{"objectid":1031,"iso":"mkf","grn_num":14133,"iso_lang_name":"Vune Mi","grn_name":"Miya: Federe","scope":"Dialect","state":"Verified","parent_num":2030,"longitude":9.8404000000000007,"latitude":10.305999999999999,"location":"Nigeria, Bauchi"}},{"type":"Feature","id":1032,"geometry":{"type":"Point","coordinates":[9.8164276831746875,10.000443124006376]},"properties":{"objectid":1032,"iso":"mkf","grn_num":14134,"iso_lang_name":"Vune Mi","grn_name":"Miya: Fursum","scope":"Dialect","state":"Verified","parent_num":2030,"longitude":9.8404000000000007,"latitude":10.305999999999999,"location":"Nigeria, Bauchi"}},{"type":"Feature","id":1033,"geometry":{"type":"Point","coordinates":[9.8666657408602312,10.389913870319441]},"properties":{"objectid":1033,"iso":"mkf","grn_num":14135,"iso_lang_name":"Vune Mi","grn_name":"Miya: Gala","scope":"Dialect","state":"Verified","parent_num":2030,"longitude":9.8404000000000007,"latitude":10.305999999999999,"location":"Nigeria, Bauchi"}},{"type":"Feature","id":1034,"geometry":{"type":"Point","coordinates":[9.9212528060426255,10.24447412833797]},"properties":{"objectid":1034,"iso":"mkf","grn_num":2030,"iso_lang_name":"Vune Mi","grn_name":"Vune Mi","scope":"ISO_Lang","state":"Verified","parent_num":null,"longitude":9.8404000000000007,"latitude":10.305999999999999,"location":"Nigeria, Bauchi"}},{"type":"Feature","id":1035,"geometry":{"type":"Point","coordinates":[10.825374838786225,8.0816761220829374]},"properties":{"objectid":1035,"iso":"mko","grn_num":2658,"iso_lang_name":"Mingang Doso","grn_name":"Mingang Doso","scope":"ISO_Lang","state":"Verified","parent_num":null,"longitude":10.774000000000001,"latitude":7.9993999999999996,"location":"Nigeria, Taraba"}},{"type":"Feature","id":1036,"geometry":{"type":"Point","coordinates":[9.5178999998086606,9.21819999991048]},"properties":{"objectid":1036,"iso":"mma","grn_num":2141,"iso_lang_name":"Mama","grn_name":"Mama","scope":"ISO_Lang","state":"Verified","parent_num":null,"longitude":9.5179000000000009,"latitude":9.2181999999999995,"location":"Nigeria, Plateau"}},{"type":"Feature","id":1037,"geometry":{"type":"Point","coordinates":[9.4469805782074534,9.4242852578272469]},"properties":{"objectid":1037,"iso":"mmf","grn_num":14404,"iso_lang_name":"Mindat","grn_name":"Mindat","scope":"ISO_Lang","state":"Verified","parent_num":null,"longitude":9.5179000000000009,"latitude":9.2181999999999995,"location":"Nigeria, Plateau"}},{"type":"Feature","id":1038,"geometry":{"type":"Point","coordinates":[12.334146354027023,9.2306209471508964]},"properties":{"objectid":1038,"iso":"moi","grn_num":4767,"iso_lang_name":"Mboi","grn_name":"Mboi","scope":"ISO_Lang","state":"Verified","parent_num":null,"longitude":12.398400000000001,"latitude":9.3264999999999993,"location":"Nigeria, Adamawa"}},{"type":"Feature","id":1039,"geometry":{"type":"Point","coordinates":[12.66512938437902,9.3288935278060947]},"properties":{"objectid":1039,"iso":"moi","grn_num":20946,"iso_lang_name":"Mboi","grn_name":"Mboi: Banga.","scope":"Dialect","state":"Verified","parent_num":4767,"longitude":12.398400000000001,"latitude":9.3264999999999993,"location":"Nigeria, Adamawa"}},{"type":"Feature","id":1040,"geometry":{"type":"Point","coordinates":[12.402853714665287,9.1085560699885093]},"properties":{"objectid":1040,"iso":"moi","grn_num":4747,"iso_lang_name":"Mboi","grn_name":"Mboi: Haanda","scope":"Dialect","state":"Verified","parent_num":4767,"longitude":12.398400000000001,"latitude":9.3264999999999993,"location":"Nigeria, Adamawa"}},{"type":"Feature","id":1041,"geometry":{"type":"Point","coordinates":[13.044900893381966,11.778479237028519]},"properties":{"objectid":1041,"iso":"mrt","grn_num":1782,"iso_lang_name":"Marghi Central","grn_name":"Marghi Central","scope":"ISO_Lang","state":"Verified","parent_num":null,"longitude":13.151999999999999,"latitude":11.884600000000001,"location":"Nigeria, Borno"}},{"type":"Feature","id":1042,"geometry":{"type":"Point","coordinates":[13.342596925441107,11.880766533681681]},"properties":{"objectid":1042,"iso":"mrt","grn_num":13716,"iso_lang_name":"Marghi Central","grn_name":"Marghi Central: Gulak","scope":"Dialect","state":"Verified","parent_num":1782,"longitude":13.151999999999999,"latitude":11.884600000000001,"location":"Nigeria, Borno"}},{"type":"Feature","id":1043,"geometry":{"type":"Point","coordinates":[13.180692887149458,11.795448520435123]},"properties":{"objectid":1043,"iso":"mrt","grn_num":13718,"iso_lang_name":"Marghi Central","grn_name":"Marghi Central: Madube","scope":"Dialect","state":"Verified","parent_num":1782,"longitude":13.151999999999999,"latitude":11.884600000000001,"location":"Nigeria, Borno"}},{"type":"Feature","id":1044,"geometry":{"type":"Point","coordinates":[13.063549353639978,11.905665230908772]},"properties":{"objectid":1044,"iso":"mrt","grn_num":13719,"iso_lang_name":"Marghi Central","grn_name":"Marghi Central: Mulgwe","scope":"Dialect","state":"Verified","parent_num":1782,"longitude":13.151999999999999,"latitude":11.884600000000001,"location":"Nigeria, Borno"}},{"type":"Feature","id":1045,"geometry":{"type":"Point","coordinates":[13.144402517231198,11.75699225629044]},"properties":{"objectid":1045,"iso":"mrt","grn_num":13720,"iso_lang_name":"Marghi Central","grn_name":"Marghi Central: Wurga","scope":"Dialect","state":"Verified","parent_num":1782,"longitude":13.151999999999999,"latitude":11.884600000000001,"location":"Nigeria, Borno"}},{"type":"Feature","id":1046,"geometry":{"type":"Point","coordinates":[9.4701566292441335,8.8611959200142838]},"properties":{"objectid":1046,"iso":"mtl","grn_num":2488,"iso_lang_name":"Montol","grn_name":"Tehl","scope":"ISO_Lang","state":"Verified","parent_num":null,"longitude":9.5179000000000009,"latitude":9.2181999999999995,"location":"Nigeria, Plateau"}},{"type":"Feature","id":1047,"geometry":{"type":"Point","coordinates":[12.314041524369152,9.4601026649005977]},"properties":{"objectid":1047,"iso":"mua","grn_num":28268,"iso_lang_name":"Mundang","grn_name":"Mundang: Nigeria","scope":"Dialect","state":"Verified","parent_num":1638,"longitude":12.398400000000001,"latitude":9.3264999999999993,"location":"Nigeria, Adamawa"}},{"type":"Feature","id":1048,"geometry":{"type":"Point","coordinates":[10.643647737307058,7.9431409408077069]},"properties":{"objectid":1048,"iso":"mzk","grn_num":2591,"iso_lang_name":"Mambila, Nigeria","grn_name":"Mambila","scope":"ISO_Lang","state":"Verified","parent_num":null,"longitude":10.774000000000001,"latitude":7.9993999999999996,"location":"Nigeria, Taraba"}},{"type":"Feature","id":1049,"geometry":{"type":"Point","coordinates":[10.58376032179256,8.0586501537570712]},"properties":{"objectid":1049,"iso":"mzk","grn_num":30509,"iso_lang_name":"Mambila, Nigeria","grn_name":"Mambila: Bang","scope":"Dialect","state":"Verified","parent_num":2591,"longitude":10.774000000000001,"latitude":7.9993999999999996,"location":"Nigeria, Taraba"}},{"type":"Feature","id":1050,"geometry":{"type":"Point","coordinates":[10.596737615253986,7.9680395501331462]},"properties":{"objectid":1050,"iso":"mzk","grn_num":13547,"iso_lang_name":"Mambila, Nigeria","grn_name":"Mambila: Barup","scope":"Dialect","state":"Verified","parent_num":2591,"longitude":10.774000000000001,"latitude":7.9993999999999996,"location":"Nigeria, Taraba"}},{"type":"Feature","id":1051,"geometry":{"type":"Point","coordinates":[10.695825236131471,7.8185165475751148]},"properties":{"objectid":1051,"iso":"mzk","grn_num":30598,"iso_lang_name":"Mambila, Nigeria","grn_name":"Mambila: Demin","scope":"Dialect","state":"Verified","parent_num":2591,"longitude":10.774000000000001,"latitude":7.9993999999999996,"location":"Nigeria, Taraba"}},{"type":"Feature","id":1052,"geometry":{"type":"Point","coordinates":[10.708615635098036,8.2486226528057358]},"properties":{"objectid":1052,"iso":"mzk","grn_num":30512,"iso_lang_name":"Mambila, Nigeria","grn_name":"Mambila: Diepmin","scope":"Dialect","state":"Verified","parent_num":2591,"longitude":10.774000000000001,"latitude":7.9993999999999996,"location":"Nigeria, Taraba"}},{"type":"Feature","id":1053,"geometry":{"type":"Point","coordinates":[10.722866033556498,8.0807383121336418]},"properties":{"objectid":1053,"iso":"mzk","grn_num":30599,"iso_lang_name":"Mambila, Nigeria","grn_name":"Mambila: Gam","scope":"Dialect","state":"Verified","parent_num":2591,"longitude":10.774000000000001,"latitude":7.9993999999999996,"location":"Nigeria, Taraba"}},{"type":"Feature","id":1054,"geometry":{"type":"Point","coordinates":[10.562259620675924,8.0084346991217981]},"properties":{"objectid":1054,"iso":"mzk","grn_num":30511,"iso_lang_name":"Mambila, Nigeria","grn_name":"Mambila: Kerghep","scope":"Dialect","state":"Verified","parent_num":2591,"longitude":10.774000000000001,"latitude":7.9993999999999996,"location":"Nigeria, Taraba"}},{"type":"Feature","id":1055,"geometry":{"type":"Point","coordinates":[10.686667120218997,8.0034448494305508]},"properties":{"objectid":1055,"iso":"mzk","grn_num":30414,"iso_lang_name":"Mambila, Nigeria","grn_name":"Mambila: Kuma","scope":"Dialect","state":"Unverified","parent_num":2591,"longitude":10.774000000000001,"latitude":7.9993999999999996,"location":"Nigeria, Taraba"}},{"type":"Feature","id":1056,"geometry":{"type":"Point","coordinates":[10.877722706697558,8.1670810641183138]},"properties":{"objectid":1056,"iso":"mzk","grn_num":30597,"iso_lang_name":"Mambila, Nigeria","grn_name":"Mambila: Lemel","scope":"Dialect","state":"Verified","parent_num":2591,"longitude":10.774000000000001,"latitude":7.9993999999999996,"location":"Nigeria, Taraba"}},{"type":"Feature","id":1057,"geometry":{"type":"Point","coordinates":[10.530102148749954,8.1094118940365973]},"properties":{"objectid":1057,"iso":"mzk","grn_num":30096,"iso_lang_name":"Mambila, Nigeria","grn_name":"Mambila: Lieng","scope":"Dialect","state":"Verified","parent_num":2591,"longitude":10.774000000000001,"latitude":7.9993999999999996,"location":"Nigeria, Taraba"}},{"type":"Feature","id":1058,"geometry":{"type":"Point","coordinates":[10.734720815595102,7.9636558263836381]},"properties":{"objectid":1058,"iso":"mzk","grn_num":30416,"iso_lang_name":"Mambila, Nigeria","grn_name":"Mambila: Mang","scope":"Dialect","state":"Unverified","parent_num":2591,"longitude":10.774000000000001,"latitude":7.9993999999999996,"location":"Nigeria, Taraba"}},{"type":"Feature","id":1059,"geometry":{"type":"Point","coordinates":[11.031389198325384,7.9219194828889954]},"properties":{"objectid":1059,"iso":"mzk","grn_num":30513,"iso_lang_name":"Mambila, Nigeria","grn_name":"Mambila: Mbar","scope":"Dialect","state":"Verified","parent_num":2591,"longitude":10.774000000000001,"latitude":7.9993999999999996,"location":"Nigeria, Taraba"}},{"type":"Feature","id":1060,"geometry":{"type":"Point","coordinates":[10.483660893376261,8.0184229449263889]},"properties":{"objectid":1060,"iso":"mzk","grn_num":30510,"iso_lang_name":"Mambila, Nigeria","grn_name":"Mambila: Ngusun","scope":"Dialect","state":"Verified","parent_num":2591,"longitude":10.774000000000001,"latitude":7.9993999999999996,"location":"Nigeria, Taraba"}},{"type":"Feature","id":1061,"geometry":{"type":"Point","coordinates":[10.523556670551953,8.0448020176858837]},"properties":{"objectid":1061,"iso":"mzk","grn_num":30415,"iso_lang_name":"Mambila, Nigeria","grn_name":"Mambila: Syan","scope":"Dialect","state":"Unverified","parent_num":2591,"longitude":10.774000000000001,"latitude":7.9993999999999996,"location":"Nigeria, Taraba"}},{"type":"Feature","id":1062,"geometry":{"type":"Point","coordinates":[10.910360902166362,8.0144945858990564]},"properties":{"objectid":1062,"iso":"mzk","grn_num":30411,"iso_lang_name":"Mambila, Nigeria","grn_name":"Mambila: Tamnya","scope":"Dialect","state":"Unverified","parent_num":2591,"longitude":10.774000000000001,"latitude":7.9993999999999996,"location":"Nigeria, Taraba"}},{"type":"Feature","id":1063,"geometry":{"type":"Point","coordinates":[10.784990067278889,8.1161662719865539]},"properties":{"objectid":1063,"iso":"mzk","grn_num":30412,"iso_lang_name":"Mambila, Nigeria","grn_name":"Mambila: Warwar","scope":"Dialect","state":"Verified","parent_num":2591,"longitude":10.774000000000001,"latitude":7.9993999999999996,"location":"Nigeria, Taraba"}},{"type":"Feature","id":1064,"geometry":{"type":"Point","coordinates":[10.737670874903298,7.9189087888285883]},"properties":{"objectid":1064,"iso":"mzm","grn_num":22823,"iso_lang_name":"Mumuye","grn_name":"Mumuye","scope":"ISO_Lang","state":"Verified","parent_num":null,"longitude":10.774000000000001,"latitude":7.9993999999999996,"location":"Nigeria, Taraba"}},{"type":"Feature","id":1065,"geometry":{"type":"Point","coordinates":[12.381961527830548,9.0032356258522022]},"properties":{"objectid":1065,"iso":"mzm","grn_num":29985,"iso_lang_name":"Mumuye","grn_name":"Mumuye: Bansi","scope":"Dialect","state":"Verified","parent_num":22823,"longitude":12.398400000000001,"latitude":9.3264999999999993,"location":"Nigeria, Adamawa"}},{"type":"Feature","id":1066,"geometry":{"type":"Point","coordinates":[12.107088444222727,9.2168926326820309]},"properties":{"objectid":1066,"iso":"mzm","grn_num":30499,"iso_lang_name":"Mumuye","grn_name":"Mumuye: Buwaka","scope":"Dialect","state":"Verified","parent_num":22823,"longitude":12.398400000000001,"latitude":9.3264999999999993,"location":"Nigeria, Adamawa"}},{"type":"Feature","id":1067,"geometry":{"type":"Point","coordinates":[12.152517521951701,9.2825461800235161]},"properties":{"objectid":1067,"iso":"mzm","grn_num":4250,"iso_lang_name":"Mumuye","grn_name":"Mumuye: Dong","scope":"Dialect","state":"Verified","parent_num":22823,"longitude":12.398400000000001,"latitude":9.3264999999999993,"location":"Nigeria, Adamawa"}},{"type":"Feature","id":1068,"geometry":{"type":"Point","coordinates":[10.866606658724429,8.1151490540700486]},"properties":{"objectid":1068,"iso":"mzm","grn_num":30402,"iso_lang_name":"Mumuye","grn_name":"Mumuye: Dopah","scope":"Dialect","state":"Unverified","parent_num":22823,"longitude":10.774000000000001,"latitude":7.9993999999999996,"location":"Nigeria, Taraba"}},{"type":"Feature","id":1069,"geometry":{"type":"Point","coordinates":[10.824306378095729,7.6674731056522649]},"properties":{"objectid":1069,"iso":"mzm","grn_num":30091,"iso_lang_name":"Mumuye","grn_name":"Mumuye: Gebba","scope":"Dialect","state":"Verified","parent_num":22823,"longitude":10.774000000000001,"latitude":7.9993999999999996,"location":"Nigeria, Taraba"}},{"type":"Feature","id":1070,"geometry":{"type":"Point","coordinates":[12.155877059417566,9.4169081891848236]},"properties":{"objectid":1070,"iso":"mzm","grn_num":14369,"iso_lang_name":"Mumuye","grn_name":"Mumuye: Gnoore","scope":"Dialect","state":"Verified","parent_num":22823,"longitude":12.398400000000001,"latitude":9.3264999999999993,"location":"Nigeria, Adamawa"}},{"type":"Feature","id":1071,"geometry":{"type":"Point","coordinates":[10.821071934626442,8.1551354782929852]},"properties":{"objectid":1071,"iso":"mzm","grn_num":30084,"iso_lang_name":"Mumuye","grn_name":"Mumuye: Gogonshavooh","scope":"Dialect","state":"Verified","parent_num":22823,"longitude":10.774000000000001,"latitude":7.9993999999999996,"location":"Nigeria, Taraba"}},{"type":"Feature","id":1072,"geometry":{"type":"Point","coordinates":[10.948068552193215,7.9770962778716585]},"properties":{"objectid":1072,"iso":"mzm","grn_num":30271,"iso_lang_name":"Mumuye","grn_name":"Mumuye: Gure","scope":"Dialect","state":"Unverified","parent_num":22823,"longitude":10.774000000000001,"latitude":7.9993999999999996,"location":"Nigeria, Taraba"}},{"type":"Feature","id":1073,"geometry":{"type":"Point","coordinates":[12.528914391012249,9.3953645507059598]},"properties":{"objectid":1073,"iso":"mzm","grn_num":30503,"iso_lang_name":"Mumuye","grn_name":"Mumuye: Jegam","scope":"Dialect","state":"Unverified","parent_num":22823,"longitude":12.398400000000001,"latitude":9.3264999999999993,"location":"Nigeria, Adamawa"}},{"type":"Feature","id":1074,"geometry":{"type":"Point","coordinates":[12.62016638406047,9.1671660666804478]},"properties":{"objectid":1074,"iso":"mzm","grn_num":14373,"iso_lang_name":"Mumuye","grn_name":"Mumuye: Jeng","scope":"Dialect","state":"Verified","parent_num":22823,"longitude":12.398400000000001,"latitude":9.3264999999999993,"location":"Nigeria, Adamawa"}},{"type":"Feature","id":1075,"geometry":{"type":"Point","coordinates":[12.380914420992655,9.5491137916384776]},"properties":{"objectid":1075,"iso":"mzm","grn_num":30508,"iso_lang_name":"Mumuye","grn_name":"Mumuye: Jessi","scope":"Dialect","state":"Verified","parent_num":22823,"longitude":12.398400000000001,"latitude":9.3264999999999993,"location":"Nigeria, Adamawa"}},{"type":"Feature","id":1076,"geometry":{"type":"Point","coordinates":[12.151230475101448,9.1873633029531447]},"properties":{"objectid":1076,"iso":"mzm","grn_num":14374,"iso_lang_name":"Mumuye","grn_name":"Mumuye: Kasaa","scope":"Dialect","state":"Verified","parent_num":22823,"longitude":12.398400000000001,"latitude":9.3264999999999993,"location":"Nigeria, Adamawa"}},{"type":"Feature","id":1077,"geometry":{"type":"Point","coordinates":[12.321414776745264,9.5976179092856917]},"properties":{"objectid":1077,"iso":"mzm","grn_num":30620,"iso_lang_name":"Mumuye","grn_name":"Mumuye: Komsi","scope":"Dialect","state":"Verified","parent_num":22823,"longitude":12.398400000000001,"latitude":9.3264999999999993,"location":"Nigeria, Adamawa"}},{"type":"Feature","id":1078,"geometry":{"type":"Point","coordinates":[12.153402759561944,9.5171268600716434]},"properties":{"objectid":1078,"iso":"mzm","grn_num":14375,"iso_lang_name":"Mumuye","grn_name":"Mumuye: Kugong","scope":"Dialect","state":"Verified","parent_num":22823,"longitude":12.398400000000001,"latitude":9.3264999999999993,"location":"Nigeria, Adamawa"}},{"type":"Feature","id":1079,"geometry":{"type":"Point","coordinates":[12.587321635365127,9.540789508027272]},"properties":{"objectid":1079,"iso":"mzm","grn_num":14376,"iso_lang_name":"Mumuye","grn_name":"Mumuye: Kwaji","scope":"Dialect","state":"Verified","parent_num":22823,"longitude":12.398400000000001,"latitude":9.3264999999999993,"location":"Nigeria, Adamawa"}},{"type":"Feature","id":1080,"geometry":{"type":"Point","coordinates":[10.730370388760138,8.0296813019279139]},"properties":{"objectid":1080,"iso":"mzm","grn_num":30404,"iso_lang_name":"Mumuye","grn_name":"Mumuye: Kwapo","scope":"Dialect","state":"Unverified","parent_num":22823,"longitude":10.774000000000001,"latitude":7.9993999999999996,"location":"Nigeria, Taraba"}},{"type":"Feature","id":1081,"geometry":{"type":"Point","coordinates":[12.653588688398072,9.3822377235929757]},"properties":{"objectid":1081,"iso":"mzm","grn_num":2053,"iso_lang_name":"Mumuye","grn_name":"Mumuye: Lankaviri","scope":"Dialect","state":"Verified","parent_num":22823,"longitude":12.398400000000001,"latitude":9.3264999999999993,"location":"Nigeria, Adamawa"}},{"type":"Feature","id":1082,"geometry":{"type":"Point","coordinates":[10.823121774222138,7.8886439198649194]},"properties":{"objectid":1082,"iso":"mzm","grn_num":30088,"iso_lang_name":"Mumuye","grn_name":"Mumuye: Leko-Nyognepah","scope":"Dialect","state":"Verified","parent_num":22823,"longitude":10.774000000000001,"latitude":7.9993999999999996,"location":"Nigeria, Taraba"}},{"type":"Feature","id":1083,"geometry":{"type":"Point","coordinates":[12.443386707296174,9.6349946595971829]},"properties":{"objectid":1083,"iso":"mzm","grn_num":14377,"iso_lang_name":"Mumuye","grn_name":"Mumuye: Mang","scope":"Dialect","state":"Verified","parent_num":22823,"longitude":12.398400000000001,"latitude":9.3264999999999993,"location":"Nigeria, Adamawa"}},{"type":"Feature","id":1084,"geometry":{"type":"Point","coordinates":[10.696594563222263,8.1473891753904617]},"properties":{"objectid":1084,"iso":"mzm","grn_num":30505,"iso_lang_name":"Mumuye","grn_name":"Mumuye: Manzalang","scope":"Dialect","state":"Verified","parent_num":22823,"longitude":10.774000000000001,"latitude":7.9993999999999996,"location":"Nigeria, Taraba"}},{"type":"Feature","id":1085,"geometry":{"type":"Point","coordinates":[12.369406564723532,9.6175090507260652]},"properties":{"objectid":1085,"iso":"mzm","grn_num":14378,"iso_lang_name":"Mumuye","grn_name":"Mumuye: Meeka","scope":"Dialect","state":"Verified","parent_num":22823,"longitude":12.398400000000001,"latitude":9.3264999999999993,"location":"Nigeria, Adamawa"}},{"type":"Feature","id":1086,"geometry":{"type":"Point","coordinates":[12.039029053670273,9.353825527216225]},"properties":{"objectid":1086,"iso":"mzm","grn_num":30618,"iso_lang_name":"Mumuye","grn_name":"Mumuye: Mokdi","scope":"Dialect","state":"Verified","parent_num":22823,"longitude":12.398400000000001,"latitude":9.3264999999999993,"location":"Nigeria, Adamawa"}},{"type":"Feature","id":1087,"geometry":{"type":"Point","coordinates":[10.609083874567645,8.1872605813119677]},"properties":{"objectid":1087,"iso":"mzm","grn_num":30401,"iso_lang_name":"Mumuye","grn_name":"Mumuye: Nsonre","scope":"Dialect","state":"Unverified","parent_num":22823,"longitude":10.774000000000001,"latitude":7.9993999999999996,"location":"Nigeria, Taraba"}},{"type":"Feature","id":1088,"geometry":{"type":"Point","coordinates":[12.490346502591214,9.3118341082820528]},"properties":{"objectid":1088,"iso":"mzm","grn_num":14379,"iso_lang_name":"Mumuye","grn_name":"Mumuye: Nyaaja","scope":"Dialect","state":"Verified","parent_num":22823,"longitude":12.398400000000001,"latitude":9.3264999999999993,"location":"Nigeria, Adamawa"}},{"type":"Feature","id":1089,"geometry":{"type":"Point","coordinates":[10.692693927341644,7.9506795402185881]},"properties":{"objectid":1089,"iso":"mzm","grn_num":30079,"iso_lang_name":"Mumuye","grn_name":"Mumuye: Rovonyabe","scope":"Dialect","state":"Verified","parent_num":22823,"longitude":10.774000000000001,"latitude":7.9993999999999996,"location":"Nigeria, Taraba"}},{"type":"Feature","id":1090,"geometry":{"type":"Point","coordinates":[12.630125031841743,9.6153939131022135]},"properties":{"objectid":1090,"iso":"mzm","grn_num":14380,"iso_lang_name":"Mumuye","grn_name":"Mumuye: Saawa","scope":"Dialect","state":"Verified","parent_num":22823,"longitude":12.398400000000001,"latitude":9.3264999999999993,"location":"Nigeria, Adamawa"}},{"type":"Feature","id":1091,"geometry":{"type":"Point","coordinates":[12.313772374736969,9.1825275511576656]},"properties":{"objectid":1091,"iso":"mzm","grn_num":14381,"iso_lang_name":"Mumuye","grn_name":"Mumuye: Sagbee","scope":"Dialect","state":"Verified","parent_num":22823,"longitude":12.398400000000001,"latitude":9.3264999999999993,"location":"Nigeria, Adamawa"}},{"type":"Feature","id":1092,"geometry":{"type":"Point","coordinates":[12.357598795117058,9.0926350804115152]},"properties":{"objectid":1092,"iso":"mzm","grn_num":14382,"iso_lang_name":"Mumuye","grn_name":"Mumuye: Shaari","scope":"Dialect","state":"Verified","parent_num":22823,"longitude":12.398400000000001,"latitude":9.3264999999999993,"location":"Nigeria, Adamawa"}},{"type":"Feature","id":1093,"geometry":{"type":"Point","coordinates":[10.77562246424219,7.9123992501284883]},"properties":{"objectid":1093,"iso":"mzm","grn_num":30709,"iso_lang_name":"Mumuye","grn_name":"Mumuye: Shonkar","scope":"Dialect","state":"Verified","parent_num":22823,"longitude":10.774000000000001,"latitude":7.9993999999999996,"location":"Nigeria, Taraba"}},{"type":"Feature","id":1094,"geometry":{"type":"Point","coordinates":[10.88987311890622,7.8067274666199094]},"properties":{"objectid":1094,"iso":"mzm","grn_num":30507,"iso_lang_name":"Mumuye","grn_name":"Mumuye: Sudu","scope":"Dialect","state":"Verified","parent_num":22823,"longitude":10.774000000000001,"latitude":7.9993999999999996,"location":"Nigeria, Taraba"}},{"type":"Feature","id":1095,"geometry":{"type":"Point","coordinates":[10.605600288744196,8.2762789080248478]},"properties":{"objectid":1095,"iso":"mzm","grn_num":30078,"iso_lang_name":"Mumuye","grn_name":"Mumuye: Tolijanyabe","scope":"Dialect","state":"Verified","parent_num":22823,"longitude":10.774000000000001,"latitude":7.9993999999999996,"location":"Nigeria, Taraba"}},{"type":"Feature","id":1096,"geometry":{"type":"Point","coordinates":[12.549717606006299,8.9950058760406151]},"properties":{"objectid":1096,"iso":"mzm","grn_num":20948,"iso_lang_name":"Mumuye","grn_name":"Mumuye: Yaa","scope":"Dialect","state":"Verified","parent_num":22823,"longitude":12.398400000000001,"latitude":9.3264999999999993,"location":"Nigeria, Adamawa"}},{"type":"Feature","id":1097,"geometry":{"type":"Point","coordinates":[12.237025530683717,9.5371957687391458]},"properties":{"objectid":1097,"iso":"mzm","grn_num":14383,"iso_lang_name":"Mumuye","grn_name":"Mumuye: Yakoko","scope":"Dialect","state":"Verified","parent_num":22823,"longitude":12.398400000000001,"latitude":9.3264999999999993,"location":"Nigeria, Adamawa"}},{"type":"Feature","id":1098,"geometry":{"type":"Point","coordinates":[12.476126259678516,9.3897011957443137]},"properties":{"objectid":1098,"iso":"mzm","grn_num":2054,"iso_lang_name":"Mumuye","grn_name":"Mumuye: Yoro & Sagwe & Daffe","scope":"Dialect","state":"Verified","parent_num":22823,"longitude":12.398400000000001,"latitude":9.3264999999999993,"location":"Nigeria, Adamawa"}},{"type":"Feature","id":1099,"geometry":{"type":"Point","coordinates":[10.864711088609107,8.0416348653452605]},"properties":{"objectid":1099,"iso":"mzm","grn_num":30393,"iso_lang_name":"Mumuye","grn_name":"Mumuye: Yukwa","scope":"Dialect","state":"Unverified","parent_num":22823,"longitude":10.774000000000001,"latitude":7.9993999999999996,"location":"Nigeria, Taraba"}},{"type":"Feature","id":1100,"geometry":{"type":"Point","coordinates":[10.881385102178289,7.9658571986719666]},"properties":{"objectid":1100,"iso":"mzm","grn_num":30710,"iso_lang_name":"Mumuye","grn_name":"Mumuye: Yusa","scope":"Dialect","state":"Verified","parent_num":22823,"longitude":10.774000000000001,"latitude":7.9993999999999996,"location":"Nigeria, Taraba"}},{"type":"Feature","id":1101,"geometry":{"type":"Point","coordinates":[12.437238191028982,9.0277285297887548]},"properties":{"objectid":1101,"iso":"mzm","grn_num":30615,"iso_lang_name":"Mumuye","grn_name":"Mumuye: Zampuru","scope":"Dialect","state":"Verified","parent_num":2663,"longitude":12.398400000000001,"latitude":9.3264999999999993,"location":"Nigeria, Adamawa"}},{"type":"Feature","id":1102,"geometry":{"type":"Point","coordinates":[12.616719541128765,9.3070534890970293]},"properties":{"objectid":1102,"iso":"mzm","grn_num":2663,"iso_lang_name":"Mumuye","grn_name":"Mumuye: Zing","scope":"Dialect","state":"Verified","parent_num":22823,"longitude":12.398400000000001,"latitude":9.3264999999999993,"location":"Nigeria, Adamawa"}},{"type":"Feature","id":1103,"geometry":{"type":"Point","coordinates":[9.7343323840057998,9.0858882314304346]},"properties":{"objectid":1103,"iso":"nar","grn_num":2535,"iso_lang_name":"Iguta","grn_name":"Iguta","scope":"ISO_Lang","state":"Verified","parent_num":null,"longitude":9.5179000000000009,"latitude":9.2181999999999995,"location":"Nigeria, Plateau"}},{"type":"Feature","id":1104,"geometry":{"type":"Point","coordinates":[9.2232876074388361,9.3428474938720676]},"properties":{"objectid":1104,"iso":"nar","grn_num":27467,"iso_lang_name":"Iguta","grn_name":"Iguta: Anabor","scope":"Dialect","state":"Verified","parent_num":2535,"longitude":9.5179000000000009,"latitude":9.2181999999999995,"location":"Nigeria, Plateau"}},{"type":"Feature","id":1105,"geometry":{"type":"Point","coordinates":[9.5955209935665806,8.954729241924376]},"properties":{"objectid":1105,"iso":"nar","grn_num":27468,"iso_lang_name":"Iguta","grn_name":"Iguta: Anagohom","scope":"Dialect","state":"Verified","parent_num":2535,"longitude":9.5179000000000009,"latitude":9.2181999999999995,"location":"Nigeria, Plateau"}},{"type":"Feature","id":1106,"geometry":{"type":"Point","coordinates":[9.3483260800442061,9.0041568041708437]},"properties":{"objectid":1106,"iso":"nar","grn_num":27469,"iso_lang_name":"Iguta","grn_name":"Iguta: Andigwong","scope":"Dialect","state":"Verified","parent_num":2535,"longitude":9.5179000000000009,"latitude":9.2181999999999995,"location":"Nigeria, Plateau"}},{"type":"Feature","id":1107,"geometry":{"type":"Point","coordinates":[9.181010821348055,9.0891962502714563]},"properties":{"objectid":1107,"iso":"nar","grn_num":27470,"iso_lang_name":"Iguta","grn_name":"Iguta: Andirigizah","scope":"Dialect","state":"Verified","parent_num":2535,"longitude":9.5179000000000009,"latitude":9.2181999999999995,"location":"Nigeria, Plateau"}},{"type":"Feature","id":1108,"geometry":{"type":"Point","coordinates":[9.407440156591873,9.395332451968871]},"properties":{"objectid":1108,"iso":"nar","grn_num":27471,"iso_lang_name":"Iguta","grn_name":"Iguta: Andoho","scope":"Dialect","state":"Verified","parent_num":2535,"longitude":9.5179000000000009,"latitude":9.2181999999999995,"location":"Nigeria, Plateau"}},{"type":"Feature","id":1109,"geometry":null,"properties":{"objectid":1109,"iso":"nat","grn_num":6351,"iso_lang_name":"Ca\u0331hungwa\u0331rya\u0331","grn_name":"Ca\u0331hungwa\u0331rya\u0331","scope":"ISO_Lang","state":"Verified","parent_num":null,"longitude":null,"latitude":null,"location":"Nigeria, Niger","shape":null}},{"type":"Feature","id":1110,"geometry":{"type":"Point","coordinates":[8.1976426796154502,5.6630548520594228]},"properties":{"objectid":1110,"iso":"nbb","grn_num":23075,"iso_lang_name":"Ndoe","grn_name":"Ndoe","scope":"ISO_Lang","state":"Verified","parent_num":null,"longitude":8.5,"latitude":5.75,"location":"Nigeria, Cross River"}},{"type":"Feature","id":1111,"geometry":{"type":"Point","coordinates":[8.4440900780404871,6.0905595936139925]},"properties":{"objectid":1111,"iso":"nbb","grn_num":14787,"iso_lang_name":"Ndoe","grn_name":"Ndoe: Balep","scope":"Dialect","state":"Verified","parent_num":23075,"longitude":8.5,"latitude":5.75,"location":"Nigeria, Cross River"}},{"type":"Feature","id":1112,"geometry":{"type":"Point","coordinates":[8.6506075947500598,5.6397759877097871]},"properties":{"objectid":1112,"iso":"nbb","grn_num":2952,"iso_lang_name":"Ndoe","grn_name":"Ndoe: Ekparabongs","scope":"Dialect","state":"Verified","parent_num":23075,"longitude":8.5,"latitude":5.75,"location":"Nigeria, Cross River"}},{"type":"Feature","id":1113,"geometry":{"type":"Point","coordinates":[9.9833429544141712,10.148292502655696]},"properties":{"objectid":1113,"iso":"nbh","grn_num":2051,"iso_lang_name":"Ngamo","grn_name":"Ngamawa","scope":"ISO_Lang","state":"Verified","parent_num":null,"longitude":9.8404000000000007,"latitude":10.305999999999999,"location":"Nigeria, Bauchi"}},{"type":"Feature","id":1114,"geometry":{"type":"Point","coordinates":[9.8437745132608256,10.437835596577189]},"properties":{"objectid":1114,"iso":"nbh","grn_num":2060,"iso_lang_name":"Ngamo","grn_name":"Ngamawa: Janga","scope":"Dialect","state":"Verified","parent_num":2051,"longitude":9.8404000000000007,"latitude":10.305999999999999,"location":"Nigeria, Bauchi"}},{"type":"Feature","id":1115,"geometry":{"type":"Point","coordinates":[8.2871354236893815,5.662761672125991]},"properties":{"objectid":1115,"iso":"nbo","grn_num":15020,"iso_lang_name":"Nkukoli","grn_name":"Nkukoli","scope":"ISO_Lang","state":"Verified","parent_num":null,"longitude":8.5,"latitude":5.75,"location":"Nigeria, Cross River"}},{"type":"Feature","id":1116,"geometry":{"type":"Point","coordinates":[8.5345094612794217,5.9166795883066126]},"properties":{"objectid":1116,"iso":"nbp","grn_num":6326,"iso_lang_name":"Nnam","grn_name":"Nnam","scope":"ISO_Lang","state":"Verified","parent_num":null,"longitude":8.5,"latitude":5.75,"location":"Nigeria, Cross River"}},{"type":"Feature","id":1117,"geometry":{"type":"Point","coordinates":[7.4838320662740561,10.470375386591515]},"properties":{"objectid":1117,"iso":"nbr","grn_num":2250,"iso_lang_name":"Numana","grn_name":"Numana","scope":"ISO_Lang","state":"Verified","parent_num":null,"longitude":7.4408000000000003,"latitude":10.5015,"location":"Nigeria, Kaduna"}},{"type":"Feature","id":1118,"geometry":{"type":"Point","coordinates":[7.2105287832353202,10.608740296035387]},"properties":{"objectid":1118,"iso":"nbr","grn_num":24037,"iso_lang_name":"Numana","grn_name":"Numana: Gbantu","scope":"Dialect","state":"Verified","parent_num":2250,"longitude":7.4408000000000003,"latitude":10.5015,"location":"Nigeria, Kaduna"}},{"type":"Feature","id":1119,"geometry":{"type":"Point","coordinates":[7.3370189746623735,10.240328186060603]},"properties":{"objectid":1119,"iso":"nbr","grn_num":23877,"iso_lang_name":"Numana","grn_name":"Numana: Janda","scope":"Dialect","state":"Verified","parent_num":2250,"longitude":7.4408000000000003,"latitude":10.5015,"location":"Nigeria, Kaduna"}},{"type":"Feature","id":1120,"geometry":{"type":"Point","coordinates":[7.3292646946719664,10.768082091267305]},"properties":{"objectid":1120,"iso":"nbr","grn_num":23878,"iso_lang_name":"Numana","grn_name":"Numana: Ningye","scope":"Dialect","state":"Verified","parent_num":2250,"longitude":7.4408000000000003,"latitude":10.5015,"location":"Nigeria, Kaduna"}},{"type":"Feature","id":1121,"geometry":{"type":"Point","coordinates":[7.6238392401205779,10.397991278596981]},"properties":{"objectid":1121,"iso":"nbr","grn_num":15105,"iso_lang_name":"Numana","grn_name":"Numana: Numbu","scope":"Dialect","state":"Verified","parent_num":2250,"longitude":7.4408000000000003,"latitude":10.5015,"location":"Nigeria, Kaduna"}},{"type":"Feature","id":1122,"geometry":{"type":"Point","coordinates":[7.1684645825582534,10.443496730681376]},"properties":{"objectid":1122,"iso":"nbr","grn_num":15106,"iso_lang_name":"Numana","grn_name":"Numana: Nunku","scope":"Dialect","state":"Verified","parent_num":2250,"longitude":7.4408000000000003,"latitude":10.5015,"location":"Nigeria, Kaduna"}},{"type":"Feature","id":1123,"geometry":{"type":"Point","coordinates":[8.7656560980151603,5.7434934733947838]},"properties":{"objectid":1123,"iso":"ndd","grn_num":2200,"iso_lang_name":"Nde-Nsele-Nta","grn_name":"Nde","scope":"Dialect","state":"Verified","parent_num":23064,"longitude":8.5,"latitude":5.75,"location":"Nigeria, Cross River"}},{"type":"Feature","id":1124,"geometry":{"type":"Point","coordinates":[8.5284756167548466,5.6858037892107625]},"properties":{"objectid":1124,"iso":"ndd","grn_num":23064,"iso_lang_name":"Nde-Nsele-Nta","grn_name":"Nde-Nsele-Nta","scope":"ISO_Lang","state":"Verified","parent_num":null,"longitude":8.5,"latitude":5.75,"location":"Nigeria, Cross River"}},{"type":"Feature","id":1125,"geometry":{"type":"Point","coordinates":[8.5130138922380034,5.527334632953961]},"properties":{"objectid":1125,"iso":"ndd","grn_num":14782,"iso_lang_name":"Nde-Nsele-Nta","grn_name":"Nde-Nsele-Nta: Nta","scope":"Dialect","state":"Verified","parent_num":23064,"longitude":8.5,"latitude":5.75,"location":"Nigeria, Cross River"}},{"type":"Feature","id":1126,"geometry":{"type":"Point","coordinates":[8.3700683380802818,5.538505075048537]},"properties":{"objectid":1126,"iso":"ndd","grn_num":4985,"iso_lang_name":"Nde-Nsele-Nta","grn_name":"Nsele","scope":"Dialect","state":"Verified","parent_num":23064,"longitude":8.5,"latitude":5.75,"location":"Nigeria, Cross River"}},{"type":"Feature","id":1127,"geometry":{"type":"Point","coordinates":[12.318187032911363,8.9525251788825884]},"properties":{"objectid":1127,"iso":"ndi","grn_num":30774,"iso_lang_name":"Samba Leko","grn_name":"Samba Leko: Chamba Donga","scope":"Dialect","state":"Verified","parent_num":1888,"longitude":12.398400000000001,"latitude":9.3264999999999993,"location":"Nigeria, Adamawa"}},{"type":"Feature","id":1128,"geometry":{"type":"Point","coordinates":[12.267785038974679,9.1553410048030983]},"properties":{"objectid":1128,"iso":"ndi","grn_num":30044,"iso_lang_name":"Samba Leko","grn_name":"Samba Leko: Nigeria","scope":"Dialect","state":"Verified","parent_num":1888,"longitude":12.398400000000001,"latitude":9.3264999999999993,"location":"Nigeria, Adamawa"}},{"type":"Feature","id":1129,"geometry":{"type":"Point","coordinates":[10.915712435808452,8.1813115622430814]},"properties":{"objectid":1129,"iso":"ndr","grn_num":1749,"iso_lang_name":"Ndoola","grn_name":"Ndoola","scope":"ISO_Lang","state":"Verified","parent_num":null,"longitude":10.774000000000001,"latitude":7.9993999999999996,"location":"Nigeria, Taraba"}},{"type":"Feature","id":1130,"geometry":{"type":"Point","coordinates":[10.965894412569131,8.1001331080875723]},"properties":{"objectid":1130,"iso":"ned","grn_num":14778,"iso_lang_name":"Nde-Gbite","grn_name":"Nde-Gbite","scope":"ISO_Lang","state":"Verified","parent_num":null,"longitude":10.774000000000001,"latitude":7.9993999999999996,"location":"Nigeria, Taraba"}},{"type":"Feature","id":1131,"geometry":{"type":"Point","coordinates":[7.5792771848627671,10.369641248665532]},"properties":{"objectid":1131,"iso":"nfd","grn_num":23011,"iso_lang_name":"Ahwai","grn_name":"Ahwai","scope":"ISO_Lang","state":"Verified","parent_num":null,"longitude":7.4408000000000003,"latitude":10.5015,"location":"Nigeria, Kaduna"}},{"type":"Feature","id":1132,"geometry":{"type":"Point","coordinates":[7.2803378251616087,10.664479116836631]},"properties":{"objectid":1132,"iso":"nfd","grn_num":23987,"iso_lang_name":"Ahwai","grn_name":"Ahwai: Indung","scope":"Dialect","state":"Verified","parent_num":23011,"longitude":7.4408000000000003,"latitude":10.5015,"location":"Nigeria, Kaduna"}},{"type":"Feature","id":1133,"geometry":{"type":"Point","coordinates":[7.6419097827152687,10.615845735851448]},"properties":{"objectid":1133,"iso":"nfd","grn_num":19163,"iso_lang_name":"Ahwai","grn_name":"Ahwai: Inyeng","scope":"Dialect","state":"Verified","parent_num":23011,"longitude":7.4408000000000003,"latitude":10.5015,"location":"Nigeria, Kaduna"}},{"type":"Feature","id":1134,"geometry":{"type":"Point","coordinates":[7.2128791730739401,10.437239607379521]},"properties":{"objectid":1134,"iso":"nfd","grn_num":2249,"iso_lang_name":"Ahwai","grn_name":"Nandu","scope":"Dialect","state":"Verified","parent_num":23011,"longitude":7.4408000000000003,"latitude":10.5015,"location":"Nigeria, Kaduna"}},{"type":"Feature","id":1135,"geometry":{"type":"Point","coordinates":[7.4054692383646117,10.116393391888947]},"properties":{"objectid":1135,"iso":"nfd","grn_num":19164,"iso_lang_name":"Ahwai","grn_name":"Tari","scope":"Dialect","state":"Verified","parent_num":23011,"longitude":7.4408000000000003,"latitude":10.5015,"location":"Nigeria, Kaduna"}},{"type":"Feature","id":1136,"geometry":{"type":"Point","coordinates":[13.098981746223616,11.801904069094091]},"properties":{"objectid":1136,"iso":"ngi","grn_num":2062,"iso_lang_name":"Ngizim","grn_name":"Ngizimawa","scope":"ISO_Lang","state":"Verified","parent_num":null,"longitude":13.151999999999999,"latitude":11.884600000000001,"location":"Nigeria, Borno"}},{"type":"Feature","id":1137,"geometry":{"type":"Point","coordinates":[12.325630187691347,9.0547473408610006]},"properties":{"objectid":1137,"iso":"ngs","grn_num":2812,"iso_lang_name":"Gvoko","grn_name":"Guvoko","scope":"ISO_Lang","state":"Verified","parent_num":null,"longitude":12.398400000000001,"latitude":9.3264999999999993,"location":"Nigeria, Adamawa"}},{"type":"Feature","id":1138,"geometry":{"type":"Point","coordinates":[12.703938772287779,9.292639817355159]},"properties":{"objectid":1138,"iso":"ngw","grn_num":4751,"iso_lang_name":"Ngwaba","grn_name":"Ngwaba","scope":"ISO_Lang","state":"Verified","parent_num":null,"longitude":12.398400000000001,"latitude":9.3264999999999993,"location":"Nigeria, Adamawa"}},{"type":"Feature","id":1139,"geometry":{"type":"Point","coordinates":[13.325358102425247,11.811552826056914]},"properties":{"objectid":1139,"iso":"ngx","grn_num":14906,"iso_lang_name":"Nggwahyi","grn_name":"Nggwahyi","scope":"ISO_Lang","state":"Verified","parent_num":null,"longitude":13.151999999999999,"latitude":11.884600000000001,"location":"Nigeria, Borno"}},{"type":"Feature","id":1140,"geometry":{"type":"Point","coordinates":[7.242827655376944,10.650898130981972]},"properties":{"objectid":1140,"iso":"nin","grn_num":27520,"iso_lang_name":"Ninzo","grn_name":"Mada: Akiza","scope":"Dialect","state":"Verified","parent_num":2102,"longitude":7.4408000000000003,"latitude":10.5015,"location":"Nigeria, Kaduna"}},{"type":"Feature","id":1141,"geometry":{"type":"Point","coordinates":[7.4448234841375793,10.237294782665629]},"properties":{"objectid":1141,"iso":"nin","grn_num":27521,"iso_lang_name":"Ninzo","grn_name":"Mada: Amar Tita","scope":"Dialect","state":"Verified","parent_num":2102,"longitude":7.4408000000000003,"latitude":10.5015,"location":"Nigeria, Kaduna"}},{"type":"Feature","id":1142,"geometry":{"type":"Point","coordinates":[7.1299341278334341,10.523707293224454]},"properties":{"objectid":1142,"iso":"nin","grn_num":27522,"iso_lang_name":"Ninzo","grn_name":"Mada: Ancha","scope":"Dialect","state":"Verified","parent_num":2102,"longitude":7.4408000000000003,"latitude":10.5015,"location":"Nigeria, Kaduna"}},{"type":"Feature","id":1143,"geometry":{"type":"Point","coordinates":[7.1716336646074641,10.403783542075686]},"properties":{"objectid":1143,"iso":"nin","grn_num":27523,"iso_lang_name":"Ninzo","grn_name":"Mada: Fadan Wate","scope":"Dialect","state":"Verified","parent_num":2102,"longitude":7.4408000000000003,"latitude":10.5015,"location":"Nigeria, Kaduna"}},{"type":"Feature","id":1144,"geometry":{"type":"Point","coordinates":[7.4886232640795809,10.524596224628263]},"properties":{"objectid":1144,"iso":"nin","grn_num":3731,"iso_lang_name":"Ninzo","grn_name":"Mada: Katanza","scope":"Dialect","state":"Verified","parent_num":2102,"longitude":7.4408000000000003,"latitude":10.5015,"location":"Nigeria, Kaduna"}},{"type":"Feature","id":1145,"geometry":{"type":"Point","coordinates":[7.4972411709093887,10.418819586432289]},"properties":{"objectid":1145,"iso":"nin","grn_num":2102,"iso_lang_name":"Ninzo","grn_name":"Ninzam","scope":"ISO_Lang","state":"Verified","parent_num":null,"longitude":7.4408000000000003,"latitude":10.5015,"location":"Nigeria, Kaduna"}},{"type":"Feature","id":1146,"geometry":{"type":"Point","coordinates":[7.3185951920400694,10.627643345069222]},"properties":{"objectid":1146,"iso":"nin","grn_num":27472,"iso_lang_name":"Ninzo","grn_name":"Ninzo: Amar Randa","scope":"Dialect","state":"Verified","parent_num":2102,"longitude":7.4408000000000003,"latitude":10.5015,"location":"Nigeria, Kaduna"}},{"type":"Feature","id":1147,"geometry":{"type":"Point","coordinates":[12.551191542859861,9.0817308827932468]},"properties":{"objectid":1147,"iso":"nja","grn_num":1872,"iso_lang_name":"Nzanyi","grn_name":"Njai","scope":"Dialect","state":"Verified","parent_num":15205,"longitude":12.398400000000001,"latitude":9.3264999999999993,"location":"Nigeria, Adamawa"}},{"type":"Feature","id":1148,"geometry":{"type":"Point","coordinates":[12.103685332177392,9.5111438109092941]},"properties":{"objectid":1148,"iso":"nja","grn_num":15205,"iso_lang_name":"Nzanyi","grn_name":"Nzanyi","scope":"ISO_Lang","state":"Verified","parent_num":null,"longitude":12.398400000000001,"latitude":9.3264999999999993,"location":"Nigeria, Adamawa"}},{"type":"Feature","id":1149,"geometry":{"type":"Point","coordinates":[12.200462254378778,9.4461702124229561]},"properties":{"objectid":1149,"iso":"nja","grn_num":15206,"iso_lang_name":"Nzanyi","grn_name":"Nzanyi: Dede","scope":"Dialect","state":"Verified","parent_num":15205,"longitude":12.398400000000001,"latitude":9.3264999999999993,"location":"Nigeria, Adamawa"}},{"type":"Feature","id":1150,"geometry":{"type":"Point","coordinates":[12.058760791431075,9.3064160829224871]},"properties":{"objectid":1150,"iso":"nja","grn_num":15208,"iso_lang_name":"Nzanyi","grn_name":"Nzanyi: Hoode","scope":"Dialect","state":"Verified","parent_num":15205,"longitude":12.398400000000001,"latitude":9.3264999999999993,"location":"Nigeria, Adamawa"}},{"type":"Feature","id":1151,"geometry":{"type":"Point","coordinates":[12.719210680090143,9.4053712289798526]},"properties":{"objectid":1151,"iso":"nja","grn_num":15209,"iso_lang_name":"Nzanyi","grn_name":"Nzanyi: Lovi","scope":"Dialect","state":"Verified","parent_num":15205,"longitude":12.398400000000001,"latitude":9.3264999999999993,"location":"Nigeria, Adamawa"}},{"type":"Feature","id":1152,"geometry":{"type":"Point","coordinates":[12.617110028901328,8.9523286881211437]},"properties":{"objectid":1152,"iso":"nja","grn_num":15210,"iso_lang_name":"Nzanyi","grn_name":"Nzanyi: Magara","scope":"Dialect","state":"Verified","parent_num":15205,"longitude":12.398400000000001,"latitude":9.3264999999999993,"location":"Nigeria, Adamawa"}},{"type":"Feature","id":1153,"geometry":{"type":"Point","coordinates":[12.259997544674958,9.6094644190020677]},"properties":{"objectid":1153,"iso":"nja","grn_num":15211,"iso_lang_name":"Nzanyi","grn_name":"Nzanyi: Maiha","scope":"Dialect","state":"Verified","parent_num":15205,"longitude":12.398400000000001,"latitude":9.3264999999999993,"location":"Nigeria, Adamawa"}},{"type":"Feature","id":1154,"geometry":{"type":"Point","coordinates":[12.387518606789433,9.2443322868452604]},"properties":{"objectid":1154,"iso":"nja","grn_num":15212,"iso_lang_name":"Nzanyi","grn_name":"Nzanyi: Mutidi","scope":"Dialect","state":"Verified","parent_num":15205,"longitude":12.398400000000001,"latitude":9.3264999999999993,"location":"Nigeria, Adamawa"}},{"type":"Feature","id":1155,"geometry":{"type":"Point","coordinates":[12.165823102038768,9.2284904407787938]},"properties":{"objectid":1155,"iso":"nja","grn_num":15213,"iso_lang_name":"Nzanyi","grn_name":"Nzanyi: Nggwoli","scope":"Dialect","state":"Verified","parent_num":15205,"longitude":12.398400000000001,"latitude":9.3264999999999993,"location":"Nigeria, Adamawa"}},{"type":"Feature","id":1156,"geometry":{"type":"Point","coordinates":[12.658287180066273,9.2737740848505918]},"properties":{"objectid":1156,"iso":"nja","grn_num":15214,"iso_lang_name":"Nzanyi","grn_name":"Nzanyi: Paka","scope":"Dialect","state":"Verified","parent_num":15205,"longitude":12.398400000000001,"latitude":9.3264999999999993,"location":"Nigeria, Adamawa"}},{"type":"Feature","id":1157,"geometry":{"type":"Point","coordinates":[12.619678241331707,9.2373069750069963]},"properties":{"objectid":1157,"iso":"nja","grn_num":15215,"iso_lang_name":"Nzanyi","grn_name":"Nzanyi: Rogede","scope":"Dialect","state":"Verified","parent_num":15205,"longitude":12.398400000000001,"latitude":9.3264999999999993,"location":"Nigeria, Adamawa"}},{"type":"Feature","id":1158,"geometry":{"type":"Point","coordinates":[12.662450851645229,9.2129172912340227]},"properties":{"objectid":1158,"iso":"nja","grn_num":2886,"iso_lang_name":"Nzanyi","grn_name":"Nzera","scope":"Dialect","state":"Verified","parent_num":15205,"longitude":12.398400000000001,"latitude":9.3264999999999993,"location":"Nigeria, Adamawa"}},{"type":"Feature","id":1159,"geometry":{"type":"Point","coordinates":[12.561052299427963,9.1359143884281337]},"properties":{"objectid":1159,"iso":"njr","grn_num":15010,"iso_lang_name":"Njerep","grn_name":"Njerep","scope":"ISO_Lang","state":"Verified","parent_num":null,"longitude":12.398400000000001,"latitude":9.3264999999999993,"location":"Nigeria, Adamawa"}},{"type":"Feature","id":1160,"geometry":{"type":"Point","coordinates":[6.9316458196251922,4.6712806108514036]},"properties":{"objectid":1160,"iso":"nkx","grn_num":2397,"iso_lang_name":"Nkoroo","grn_name":"Nkoroo","scope":"ISO_Lang","state":"Verified","parent_num":null,"longitude":6.9112,"latitude":4.8395999999999999,"location":"Nigeria, Rivers"}},{"type":"Feature","id":1161,"geometry":{"type":"Point","coordinates":[7.7678381623737263,4.9648516649058134]},"properties":{"objectid":1161,"iso":"nkz","grn_num":15012,"iso_lang_name":"Nkari","grn_name":"Nkari","scope":"ISO_Lang","state":"Verified","parent_num":null,"longitude":7.8536999999999999,"latitude":4.9057000000000004,"location":"Nigeria, Akwa Ibom"}},{"type":"Feature","id":1162,"geometry":{"type":"Point","coordinates":[10.625298161815449,7.7407952210114805]},"properties":{"objectid":1162,"iso":"nmi","grn_num":15151,"iso_lang_name":"Nyam","grn_name":"Nyam","scope":"ISO_Lang","state":"Verified","parent_num":null,"longitude":10.774000000000001,"latitude":7.9993999999999996,"location":"Nigeria, Taraba"}},{"type":"Feature","id":1163,"geometry":{"type":"Point","coordinates":[9.7849241218934679,9.0074587631043759]},"properties":{"objectid":1163,"iso":"nqt","grn_num":2481,"iso_lang_name":"Nteng","grn_name":"Nteng","scope":"ISO_Lang","state":"Verified","parent_num":null,"longitude":9.5179000000000009,"latitude":9.2181999999999995,"location":"Nigeria, Plateau"}},{"type":"Feature","id":1164,"geometry":{"type":"Point","coordinates":[10.980918356606988,8.0172883319366548]},"properties":{"objectid":1164,"iso":"nsc","grn_num":15061,"iso_lang_name":"Nshi","grn_name":"Nshi","scope":"ISO_Lang","state":"Verified","parent_num":null,"longitude":10.774000000000001,"latitude":7.9993999999999996,"location":"Nigeria, Taraba"}},{"type":"Feature","id":1165,"geometry":{"type":"Point","coordinates":[10.810930611737211,8.2567142923157526]},"properties":{"objectid":1165,"iso":"nsc","grn_num":28834,"iso_lang_name":"Nshi","grn_name":"Nshi: Inkiri","scope":"Dialect","state":"Verified","parent_num":15061,"longitude":10.774000000000001,"latitude":7.9993999999999996,"location":"Nigeria, Taraba"}},{"type":"Feature","id":1166,"geometry":{"type":"Point","coordinates":[10.688213016618418,7.7244260970076537]},"properties":{"objectid":1166,"iso":"nuh","grn_num":14805,"iso_lang_name":"Ndunda","grn_name":"Ndunda","scope":"ISO_Lang","state":"Verified","parent_num":null,"longitude":10.774000000000001,"latitude":7.9993999999999996,"location":"Nigeria, Taraba"}},{"type":"Feature","id":1167,"geometry":{"type":"Point","coordinates":[11.121857452610708,7.9760057091199625]},"properties":{"objectid":1167,"iso":"nuh","grn_num":29997,"iso_lang_name":"Ndunda","grn_name":"Ndunda: Ngindik","scope":"Dialect","state":"Verified","parent_num":14805,"longitude":10.774000000000001,"latitude":7.9993999999999996,"location":"Nigeria, Taraba"}},{"type":"Feature","id":1168,"geometry":null,"properties":{"objectid":1168,"iso":"nup","grn_num":1769,"iso_lang_name":"Nupe-Nupe-Tako","grn_name":"Nupe-Nupe-Tako","scope":"ISO_Lang","state":"Verified","parent_num":null,"longitude":null,"latitude":null,"location":"Nigeria, Niger","shape":null}},{"type":"Feature","id":1169,"geometry":null,"properties":{"objectid":1169,"iso":"nup","grn_num":20605,"iso_lang_name":"Nupe-Nupe-Tako","grn_name":"Nupe-Nupe-Tako: Central","scope":"Dialect","state":"Verified","parent_num":1769,"longitude":null,"latitude":null,"location":"Nigeria, Niger","shape":null}},{"type":"Feature","id":1170,"geometry":null,"properties":{"objectid":1170,"iso":"nup","grn_num":344,"iso_lang_name":"Nupe-Nupe-Tako","grn_name":"Nupe-Nupe-Tako: Nupe Tako","scope":"Dialect","state":"Verified","parent_num":1769,"longitude":null,"latitude":null,"location":"Nigeria, Niger","shape":null}},{"type":"Feature","id":1171,"geometry":{"type":"Point","coordinates":[10.087141016349781,10.427575666275143]},"properties":{"objectid":1171,"iso":"nzr","grn_num":28619,"iso_lang_name":"Dir-Nyamzak-Mbarimi","grn_name":"Dir-Nyamzak-Mbarimi","scope":"ISO_Lang","state":"Verified","parent_num":null,"longitude":9.8404000000000007,"latitude":10.305999999999999,"location":"Nigeria, Bauchi"}},{"type":"Feature","id":1172,"geometry":{"type":"Point","coordinates":[10.050986996318594,10.266279342223935]},"properties":{"objectid":1172,"iso":"nzr","grn_num":2002,"iso_lang_name":"Dir-Nyamzak-Mbarimi","grn_name":"Dir-Nyamzak-Mbarimi: Dir","scope":"Dialect","state":"Verified","parent_num":28619,"longitude":9.8404000000000007,"latitude":10.305999999999999,"location":"Nigeria, Bauchi"}},{"type":"Feature","id":1173,"geometry":{"type":"Point","coordinates":[9.7783609163416454,10.259488585783782]},"properties":{"objectid":1173,"iso":"nzr","grn_num":30554,"iso_lang_name":"Dir-Nyamzak-Mbarimi","grn_name":"Dir-Nyamzak-Mbarimi: Langas","scope":"Dialect","state":"Verified","parent_num":28619,"longitude":9.8404000000000007,"latitude":10.305999999999999,"location":"Nigeria, Bauchi"}},{"type":"Feature","id":1174,"geometry":{"type":"Point","coordinates":[9.8951020369431948,10.069643118221062]},"properties":{"objectid":1174,"iso":"nzr","grn_num":28624,"iso_lang_name":"Dir-Nyamzak-Mbarimi","grn_name":"Dir-Nyamzak-Mbarimi: Mbarimi","scope":"Dialect","state":"Verified","parent_num":28619,"longitude":9.8404000000000007,"latitude":10.305999999999999,"location":"Nigeria, Bauchi"}},{"type":"Feature","id":1175,"geometry":{"type":"Point","coordinates":[10.004216962042484,10.227552212046399]},"properties":{"objectid":1175,"iso":"nzr","grn_num":15721,"iso_lang_name":"Dir-Nyamzak-Mbarimi","grn_name":"Dir-Nyamzak-Mbarimi: Nyamzak","scope":"Dialect","state":"Verified","parent_num":28619,"longitude":9.8404000000000007,"latitude":10.305999999999999,"location":"Nigeria, Bauchi"}},{"type":"Feature","id":1176,"geometry":{"type":"Point","coordinates":[7.1832166119494953,4.8422374681089693]},"properties":{"objectid":1176,"iso":"obu","grn_num":15226,"iso_lang_name":"Obulom","grn_name":"Obulom","scope":"ISO_Lang","state":"Verified","parent_num":null,"longitude":6.9112,"latitude":4.8395999999999999,"location":"Nigeria, Rivers"}},{"type":"Feature","id":1177,"geometry":{"type":"Point","coordinates":[8.5873711161258903,5.7445811480171711]},"properties":{"objectid":1177,"iso":"oda","grn_num":15232,"iso_lang_name":"Odut","grn_name":"Odut","scope":"ISO_Lang","state":"Verified","parent_num":null,"longitude":8.5,"latitude":5.75,"location":"Nigeria, Cross River"}},{"type":"Feature","id":1178,"geometry":{"type":"Point","coordinates":[7.1308944816693671,4.8513421308288649]},"properties":{"objectid":1178,"iso":"odu","grn_num":2372,"iso_lang_name":"Odual","grn_name":"Odual","scope":"ISO_Lang","state":"Verified","parent_num":null,"longitude":6.9112,"latitude":4.8395999999999999,"location":"Nigeria, Rivers"}},{"type":"Feature","id":1179,"geometry":{"type":"Point","coordinates":[6.7189199301043967,4.7802581951889085]},"properties":{"objectid":1179,"iso":"odu","grn_num":15230,"iso_lang_name":"Odual","grn_name":"Odual: Adibom","scope":"Dialect","state":"Verified","parent_num":2372,"longitude":6.9112,"latitude":4.8395999999999999,"location":"Nigeria, Rivers"}},{"type":"Feature","id":1180,"geometry":{"type":"Point","coordinates":[8.6574628641602942,5.7434412590544026]},"properties":{"objectid":1180,"iso":"ofu","grn_num":2201,"iso_lang_name":"Efutop","grn_name":"Ofutop","scope":"ISO_Lang","state":"Verified","parent_num":null,"longitude":8.5,"latitude":5.75,"location":"Nigeria, Cross River"}},{"type":"Feature","id":1181,"geometry":{"type":"Point","coordinates":[6.1164237955815466,4.7462867887449471]},"properties":{"objectid":1181,"iso":"ogb","grn_num":15236,"iso_lang_name":"Ogbia","grn_name":"Ogbia","scope":"ISO_Lang","state":"Verified","parent_num":null,"longitude":6.0698999999999996,"latitude":4.7719000000000005,"location":"Nigeria, Bayelsa"}},{"type":"Feature","id":1182,"geometry":{"type":"Point","coordinates":[5.9314533537185037,4.7689064397135761]},"properties":{"objectid":1182,"iso":"ogb","grn_num":15237,"iso_lang_name":"Ogbia","grn_name":"Ogbia: Anyama","scope":"Dialect","state":"Verified","parent_num":15236,"longitude":6.0698999999999996,"latitude":4.7719000000000005,"location":"Nigeria, Bayelsa"}},{"type":"Feature","id":1183,"geometry":{"type":"Point","coordinates":[5.9813790312471795,4.7870151957751101]},"properties":{"objectid":1183,"iso":"ogb","grn_num":2366,"iso_lang_name":"Ogbia","grn_name":"Ogbia: Kolo","scope":"Dialect","state":"Verified","parent_num":15236,"longitude":6.0698999999999996,"latitude":4.7719000000000005,"location":"Nigeria, Bayelsa"}},{"type":"Feature","id":1184,"geometry":{"type":"Point","coordinates":[6.1122822638810854,4.8884892662924555]},"properties":{"objectid":1184,"iso":"ogb","grn_num":2387,"iso_lang_name":"Ogbia","grn_name":"Ogbia: Oloibiri","scope":"Dialect","state":"Verified","parent_num":15236,"longitude":6.0698999999999996,"latitude":4.7719000000000005,"location":"Nigeria, Bayelsa"}},{"type":"Feature","id":1185,"geometry":{"type":"Point","coordinates":[6.9721463471417424,4.8153277573527662]},"properties":{"objectid":1185,"iso":"ogc","grn_num":2383,"iso_lang_name":"Ogbah","grn_name":"Ogba","scope":"ISO_Lang","state":"Verified","parent_num":null,"longitude":6.9112,"latitude":4.8395999999999999,"location":"Nigeria, Rivers"}},{"type":"Feature","id":1186,"geometry":{"type":"Point","coordinates":[7.0485667622853523,4.9421728252707098]},"properties":{"objectid":1186,"iso":"ogc","grn_num":15234,"iso_lang_name":"Ogbah","grn_name":"Ogbah: Egnih","scope":"Dialect","state":"Verified","parent_num":2383,"longitude":6.9112,"latitude":4.8395999999999999,"location":"Nigeria, Rivers"}},{"type":"Feature","id":1187,"geometry":{"type":"Point","coordinates":[6.9815010854052408,4.6573924055573324]},"properties":{"objectid":1187,"iso":"ogc","grn_num":15235,"iso_lang_name":"Ogbah","grn_name":"Ogbah: Igburu-Usomini","scope":"Dialect","state":"Verified","parent_num":2383,"longitude":6.9112,"latitude":4.8395999999999999,"location":"Nigeria, Rivers"}},{"type":"Feature","id":1188,"geometry":{"type":"Point","coordinates":[6.7984421093464942,4.9832776947393489]},"properties":{"objectid":1188,"iso":"ogg","grn_num":2386,"iso_lang_name":"Ogbogolo","grn_name":"Ogbogolo","scope":"ISO_Lang","state":"Verified","parent_num":null,"longitude":6.9112,"latitude":4.8395999999999999,"location":"Nigeria, Rivers"}},{"type":"Feature","id":1189,"geometry":{"type":"Point","coordinates":[6.7124488917007401,4.9314643821606658]},"properties":{"objectid":1189,"iso":"ogo","grn_num":2388,"iso_lang_name":"Khana","grn_name":"Khana","scope":"ISO_Lang","state":"Verified","parent_num":null,"longitude":6.9112,"latitude":4.8395999999999999,"location":"Nigeria, Rivers"}},{"type":"Feature","id":1190,"geometry":{"type":"Point","coordinates":[6.7304895132099425,4.7396853411194755]},"properties":{"objectid":1190,"iso":"ogo","grn_num":23907,"iso_lang_name":"Khana","grn_name":"Khana: Babbe","scope":"Dialect","state":"Verified","parent_num":2388,"longitude":6.9112,"latitude":4.8395999999999999,"location":"Nigeria, Rivers"}},{"type":"Feature","id":1191,"geometry":{"type":"Point","coordinates":[6.8754674796468667,4.8003102149427486]},"properties":{"objectid":1191,"iso":"ogo","grn_num":11933,"iso_lang_name":"Khana","grn_name":"Khana: Boue","scope":"Dialect","state":"Verified","parent_num":2388,"longitude":6.9112,"latitude":4.8395999999999999,"location":"Nigeria, Rivers"}},{"type":"Feature","id":1192,"geometry":{"type":"Point","coordinates":[7.0577477528982131,4.7810007697230796]},"properties":{"objectid":1192,"iso":"ogo","grn_num":11935,"iso_lang_name":"Khana","grn_name":"Khana: Norkhana","scope":"Dialect","state":"Verified","parent_num":2388,"longitude":6.9112,"latitude":4.8395999999999999,"location":"Nigeria, Rivers"}},{"type":"Feature","id":1193,"geometry":{"type":"Point","coordinates":[6.9248988367325399,4.5604482808193652]},"properties":{"objectid":1193,"iso":"ogo","grn_num":23990,"iso_lang_name":"Khana","grn_name":"Khana: Nyo-Kana","scope":"Dialect","state":"Verified","parent_num":2388,"longitude":6.9112,"latitude":4.8395999999999999,"location":"Nigeria, Rivers"}},{"type":"Feature","id":1194,"geometry":{"type":"Point","coordinates":[6.9215684244448372,4.9211523605722576]},"properties":{"objectid":1194,"iso":"ogo","grn_num":11936,"iso_lang_name":"Khana","grn_name":"Khana: Yeghe","scope":"Dialect","state":"Verified","parent_num":2388,"longitude":6.9112,"latitude":4.8395999999999999,"location":"Nigeria, Rivers"}},{"type":"Feature","id":1195,"geometry":{"type":"Point","coordinates":[6.7904910983088778,4.6612506610119535]},"properties":{"objectid":1195,"iso":"ogo","grn_num":4768,"iso_lang_name":"Khana","grn_name":"Ogoni: Khana","scope":"Dialect","state":"Verified","parent_num":2388,"longitude":6.9112,"latitude":4.8395999999999999,"location":"Nigeria, Rivers"}},{"type":"Feature","id":1196,"geometry":{"type":"Point","coordinates":[6.8240323449799662,4.595794131298339]},"properties":{"objectid":1196,"iso":"ogu","grn_num":15238,"iso_lang_name":"Ogbronuagum","grn_name":"Ogbronuagum","scope":"ISO_Lang","state":"Verified","parent_num":null,"longitude":6.9112,"latitude":4.8395999999999999,"location":"Nigeria, Rivers"}},{"type":"Feature","id":1197,"geometry":{"type":"Point","coordinates":[7.6897078022901217,4.9392321270859219]},"properties":{"objectid":1197,"iso":"okb","grn_num":15265,"iso_lang_name":"Okobo","grn_name":"Okobo","scope":"ISO_Lang","state":"Verified","parent_num":null,"longitude":7.8536999999999999,"latitude":4.9057000000000004,"location":"Nigeria, Akwa Ibom"}},{"type":"Feature","id":1198,"geometry":{"type":"Point","coordinates":[6.1455041316209185,4.7018476809889957]},"properties":{"objectid":1198,"iso":"okd","grn_num":15266,"iso_lang_name":"Okodia","grn_name":"Okodia","scope":"ISO_Lang","state":"Verified","parent_num":null,"longitude":6.0698999999999996,"latitude":4.7719000000000005,"location":"Nigeria, Bayelsa"}},{"type":"Feature","id":1199,"geometry":{"type":"Point","coordinates":[5.8318646274227079,6.5789007178587608]},"properties":{"objectid":1199,"iso":"oke","grn_num":2401,"iso_lang_name":"Okpe","grn_name":"Okpe","scope":"ISO_Lang","state":"Verified","parent_num":null,"longitude":6,"latitude":6.5,"location":"Nigeria, Edo"}},{"type":"Feature","id":1200,"geometry":{"type":"Point","coordinates":[6.9837025076202917,4.5962957869281444]},"properties":{"objectid":1200,"iso":"okr","grn_num":2398,"iso_lang_name":"Kirike","grn_name":"Kirike","scope":"ISO_Lang","state":"Verified","parent_num":null,"longitude":6.9112,"latitude":4.8395999999999999,"location":"Nigeria, Rivers"}},{"type":"Feature","id":1201,"geometry":{"type":"Point","coordinates":[6.8358966752117203,8.1518698968707728]},"properties":{"objectid":1201,"iso":"oks","grn_num":23100,"iso_lang_name":"Oko-Eni-Osayen","grn_name":"Oko-Eni-Osayen","scope":"ISO_Lang","state":"Verified","parent_num":null,"longitude":6.8780000000000001,"latitude":8.1195000000000004,"location":"Nigeria, Kogi"}},{"type":"Feature","id":1202,"geometry":{"type":"Point","coordinates":[6.9048279157817065,8.0528635332432419]},"properties":{"objectid":1202,"iso":"oks","grn_num":15267,"iso_lang_name":"Oko-Eni-Osayen","grn_name":"Oko-Eni-Osayen: Eni","scope":"Dialect","state":"Verified","parent_num":23100,"longitude":6.8780000000000001,"latitude":8.1195000000000004,"location":"Nigeria, Kogi"}},{"type":"Feature","id":1203,"geometry":{"type":"Point","coordinates":[6.8704692318464406,7.9902915335985085]},"properties":{"objectid":1203,"iso":"oks","grn_num":2381,"iso_lang_name":"Oko-Eni-Osayen","grn_name":"Oko-Eni-Osayen: Oko","scope":"Dialect","state":"Verified","parent_num":23100,"longitude":6.8780000000000001,"latitude":8.1195000000000004,"location":"Nigeria, Kogi"}},{"type":"Feature","id":1204,"geometry":{"type":"Point","coordinates":[6.87800000021437,8.1194999995938169]},"properties":{"objectid":1204,"iso":"oks","grn_num":15268,"iso_lang_name":"Oko-Eni-Osayen","grn_name":"Oko-Eni-Osayen: Osayen","scope":"Dialect","state":"Verified","parent_num":23100,"longitude":6.8780000000000001,"latitude":8.1195000000000004,"location":"Nigeria, Kogi"}},{"type":"Feature","id":1205,"geometry":{"type":"Point","coordinates":[6.0916168046375327,6.4241256801575046]},"properties":{"objectid":1205,"iso":"okx","grn_num":2373,"iso_lang_name":"Okpe","grn_name":"Okpe, Edo Northwestern","scope":"ISO_Lang","state":"Verified","parent_num":null,"longitude":6,"latitude":6.5,"location":"Nigeria, Edo"}},{"type":"Feature","id":1206,"geometry":{"type":"Point","coordinates":[6.0929064521105847,6.3748876008427287]},"properties":{"objectid":1206,"iso":"olm","grn_num":15280,"iso_lang_name":"Oloma","grn_name":"Oloma","scope":"ISO_Lang","state":"Verified","parent_num":null,"longitude":6,"latitude":6.5,"location":"Nigeria, Edo"}},{"type":"Feature","id":1207,"geometry":{"type":"Point","coordinates":[6.0905803536155432,6.5045062269511469]},"properties":{"objectid":1207,"iso":"opa","grn_num":15271,"iso_lang_name":"Okpamheri","grn_name":"Okpamheri: Emhalhe","scope":"Dialect","state":"Verified","parent_num":2207,"longitude":6,"latitude":6.5,"location":"Nigeria, Edo"}},{"type":"Feature","id":1208,"geometry":{"type":"Point","coordinates":[5.8838579967666957,6.6661734811518691]},"properties":{"objectid":1208,"iso":"opa","grn_num":10774,"iso_lang_name":"Okpamheri","grn_name":"Okpamheri: Ibilo","scope":"Dialect","state":"Verified","parent_num":2207,"longitude":6,"latitude":6.5,"location":"Nigeria, Edo"}},{"type":"Feature","id":1209,"geometry":{"type":"Point","coordinates":[5.8713525218487108,6.7177885305576472]},"properties":{"objectid":1209,"iso":"opa","grn_num":15272,"iso_lang_name":"Okpamheri","grn_name":"Okpamheri: Okulosho","scope":"Dialect","state":"Verified","parent_num":2207,"longitude":6,"latitude":6.5,"location":"Nigeria, Edo"}},{"type":"Feature","id":1210,"geometry":{"type":"Point","coordinates":[6.004634197809227,6.6245874889180616]},"properties":{"objectid":1210,"iso":"opa","grn_num":15273,"iso_lang_name":"Okpamheri","grn_name":"Okpamheri: Western","scope":"Dialect","state":"Verified","parent_num":2207,"longitude":6,"latitude":6.5,"location":"Nigeria, Edo"}},{"type":"Feature","id":1211,"geometry":{"type":"Point","coordinates":[6.0748418231253876,6.3373352355903991]},"properties":{"objectid":1211,"iso":"opa","grn_num":2207,"iso_lang_name":"Okpamheri","grn_name":"Opameri","scope":"ISO_Lang","state":"Verified","parent_num":null,"longitude":6,"latitude":6.5,"location":"Nigeria, Edo"}},{"type":"Feature","id":1212,"geometry":{"type":"Point","coordinates":[8.6602673640531407,7.3302885249345922]},"properties":{"objectid":1212,"iso":"org","grn_num":2244,"iso_lang_name":"Oring","grn_name":"Oring","scope":"ISO_Lang","state":"Verified","parent_num":null,"longitude":8.7403999999999993,"latitude":7.3369,"location":"Nigeria, Benue"}},{"type":"Feature","id":1213,"geometry":{"type":"Point","coordinates":[8.6881630683711428,7.1904418316690446]},"properties":{"objectid":1213,"iso":"org","grn_num":15315,"iso_lang_name":"Oring","grn_name":"Oring: Okpoto","scope":"Dialect","state":"Verified","parent_num":2244,"longitude":8.7403999999999993,"latitude":7.3369,"location":"Nigeria, Benue"}},{"type":"Feature","id":1214,"geometry":{"type":"Point","coordinates":[8.7463392651346261,7.2784663042424924]},"properties":{"objectid":1214,"iso":"org","grn_num":15316,"iso_lang_name":"Oring","grn_name":"Oring: Ufiom","scope":"Dialect","state":"Verified","parent_num":2244,"longitude":8.7403999999999993,"latitude":7.3369,"location":"Nigeria, Benue"}},{"type":"Feature","id":1215,"geometry":{"type":"Point","coordinates":[8.6311396885949243,7.4267823014132226]},"properties":{"objectid":1215,"iso":"org","grn_num":2131,"iso_lang_name":"Oring","grn_name":"Oring: Utonkon","scope":"Dialect","state":"Verified","parent_num":2244,"longitude":8.7403999999999993,"latitude":7.3369,"location":"Nigeria, Benue"}},{"type":"Feature","id":1216,"geometry":{"type":"Point","coordinates":[6.0710450801023121,4.8550229415590431]},"properties":{"objectid":1216,"iso":"orr","grn_num":15350,"iso_lang_name":"Oruma","grn_name":"Oruma","scope":"ISO_Lang","state":"Verified","parent_num":null,"longitude":6.0698999999999996,"latitude":4.7719000000000005,"location":"Nigeria, Bayelsa"}},{"type":"Feature","id":1217,"geometry":{"type":"Point","coordinates":[7.7735673639309333,4.8990885249752774]},"properties":{"objectid":1217,"iso":"orx","grn_num":2374,"iso_lang_name":"Oro","grn_name":"Oron","scope":"ISO_Lang","state":"Verified","parent_num":null,"longitude":7.8536999999999999,"latitude":4.9057000000000004,"location":"Nigeria, Akwa Ibom"}},{"type":"Feature","id":1218,"geometry":{"type":"Point","coordinates":[6.1032593560970101,6.5638454528428074]},"properties":{"objectid":1218,"iso":"oso","grn_num":2208,"iso_lang_name":"Ososo","grn_name":"Ososo","scope":"ISO_Lang","state":"Verified","parent_num":null,"longitude":6,"latitude":6.5,"location":"Nigeria, Edo"}},{"type":"Feature","id":1219,"geometry":{"type":"Point","coordinates":[9.2517107027786523,8.9695223502480452]},"properties":{"objectid":1219,"iso":"pai","grn_num":2482,"iso_lang_name":"Pye","grn_name":"Pai","scope":"ISO_Lang","state":"Verified","parent_num":null,"longitude":9.5179000000000009,"latitude":9.2181999999999995,"location":"Nigeria, Plateau"}},{"type":"Feature","id":1220,"geometry":{"type":"Point","coordinates":[10.927515498242867,7.8960192912073763]},"properties":{"objectid":1220,"iso":"pbl","grn_num":23918,"iso_lang_name":"Mak","grn_name":"Mak","scope":"ISO_Lang","state":"Verified","parent_num":null,"longitude":10.774000000000001,"latitude":7.9993999999999996,"location":"Nigeria, Taraba"}},{"type":"Feature","id":1221,"geometry":{"type":"Point","coordinates":[11.039306907018803,8.019414153559886]},"properties":{"objectid":1221,"iso":"pbl","grn_num":13345,"iso_lang_name":"Mak","grn_name":"Mak: Panya","scope":"Dialect","state":"Verified","parent_num":23918,"longitude":10.774000000000001,"latitude":7.9993999999999996,"location":"Nigeria, Taraba"}},{"type":"Feature","id":1222,"geometry":{"type":"Point","coordinates":[10.96633325306016,8.1387318254234522]},"properties":{"objectid":1222,"iso":"pbl","grn_num":6329,"iso_lang_name":"Mak","grn_name":"Mak: Zoh","scope":"Dialect","state":"Verified","parent_num":23918,"longitude":10.774000000000001,"latitude":7.9993999999999996,"location":"Nigeria, Taraba"}},{"type":"Feature","id":1223,"geometry":{"type":"Point","coordinates":[12.197501570695712,9.16129635226274]},"properties":{"objectid":1223,"iso":"pbn","grn_num":4492,"iso_lang_name":"Kpasham","grn_name":"Kpasham","scope":"ISO_Lang","state":"Verified","parent_num":null,"longitude":12.398400000000001,"latitude":9.3264999999999993,"location":"Nigeria, Adamawa"}},{"type":"Feature","id":1224,"geometry":{"type":"Point","coordinates":[8.7517801479098196,8.8598614813184859]},"properties":{"objectid":1224,"iso":"pcm","grn_num":6398,"iso_lang_name":"Pidgin, Nigeria","grn_name":"Pidgin, Nigeria","scope":"ISO_Lang","state":"Verified","parent_num":null,"longitude":8.6999999999999993,"latitude":9,"location":"Nigeria"}},{"type":"Feature","id":1225,"geometry":{"type":"Point","coordinates":[8.5675200048402314,9.0720431117955247]},"properties":{"objectid":1225,"iso":"pcm","grn_num":15653,"iso_lang_name":"Pidgin, Nigeria","grn_name":"Pidgin, Nigerian: Benin","scope":"Dialect","state":"Verified","parent_num":6398,"longitude":8.6999999999999993,"latitude":9,"location":"Nigeria"}},{"type":"Feature","id":1226,"geometry":{"type":"Point","coordinates":[8.5613878630640308,5.5357241171055804]},"properties":{"objectid":1226,"iso":"pcm","grn_num":15654,"iso_lang_name":"Pidgin, Nigeria","grn_name":"Pidgin, Nigerian: Cross River","scope":"Dialect","state":"Verified","parent_num":6398,"longitude":8.5,"latitude":5.75,"location":"Nigeria, Cross River"}},{"type":"Feature","id":1227,"geometry":{"type":"Point","coordinates":[5.87029229421778,5.5850422578572338]},"properties":{"objectid":1227,"iso":"pcm","grn_num":15655,"iso_lang_name":"Pidgin, Nigeria","grn_name":"Pidgin, Nigerian: Delta","scope":"Dialect","state":"Verified","parent_num":6398,"longitude":5.9339000000000004,"latitude":5.7039999999999997,"location":"Nigeria, Delta"}},{"type":"Feature","id":1228,"geometry":{"type":"Point","coordinates":[3.2999999998400833,6.5400000002976366]},"properties":{"objectid":1228,"iso":"pcm","grn_num":15656,"iso_lang_name":"Pidgin, Nigeria","grn_name":"Pidgin, Nigerian: Lagos","scope":"Dialect","state":"Verified","parent_num":6398,"longitude":3.2999999999999998,"latitude":6.54,"location":"Nigeria, Lagos"}},{"type":"Feature","id":1229,"geometry":{"type":"Point","coordinates":[7.35581279221479,10.160807861309641]},"properties":{"objectid":1229,"iso":"pcn","grn_num":2543,"iso_lang_name":"Abishi","grn_name":"Piti","scope":"ISO_Lang","state":"Verified","parent_num":null,"longitude":7.4408000000000003,"latitude":10.5015,"location":"Nigeria, Kaduna"}},{"type":"Feature","id":1230,"geometry":{"type":"Point","coordinates":[7.5350623167841917,10.211457141034076]},"properties":{"objectid":1230,"iso":"pcn","grn_num":2544,"iso_lang_name":"Abishi","grn_name":"Piti: Riban","scope":"Dialect","state":"Verified","parent_num":2543,"longitude":7.4408000000000003,"latitude":10.5015,"location":"Nigeria, Kaduna"}},{"type":"Feature","id":1231,"geometry":{"type":"Point","coordinates":[9.4990399620467425,9.4994113302417187]},"properties":{"objectid":1231,"iso":"pcw","grn_num":2548,"iso_lang_name":"Piapung","grn_name":"Piapung","scope":"ISO_Lang","state":"Verified","parent_num":null,"longitude":9.5179000000000009,"latitude":9.2181999999999995,"location":"Nigeria, Plateau"}},{"type":"Feature","id":1232,"geometry":{"type":"Point","coordinates":[9.7445583183133415,9.1991138573367746]},"properties":{"objectid":1232,"iso":"pcw","grn_num":23991,"iso_lang_name":"Piapung","grn_name":"Piapung: Moedom","scope":"Dialect","state":"Verified","parent_num":2548,"longitude":9.5179000000000009,"latitude":9.2181999999999995,"location":"Nigeria, Plateau"}},{"type":"Feature","id":1233,"geometry":{"type":"Point","coordinates":[9.460323740212754,9.2393671283089205]},"properties":{"objectid":1233,"iso":"pcw","grn_num":23992,"iso_lang_name":"Piapung","grn_name":"Piapung: Moewa","scope":"Dialect","state":"Verified","parent_num":2548,"longitude":9.5179000000000009,"latitude":9.2181999999999995,"location":"Nigeria, Plateau"}},{"type":"Feature","id":1234,"geometry":{"type":"Point","coordinates":[10.773999999939535,7.999400000288392]},"properties":{"objectid":1234,"iso":"pgs","grn_num":15468,"iso_lang_name":"Pangseng","grn_name":"Pangseng","scope":"ISO_Lang","state":"Verified","parent_num":null,"longitude":10.774000000000001,"latitude":7.9993999999999996,"location":"Nigeria, Taraba"}},{"type":"Feature","id":1235,"geometry":{"type":"Point","coordinates":[10.724082249144949,7.6420798447259832]},"properties":{"objectid":1235,"iso":"pgs","grn_num":15469,"iso_lang_name":"Pangseng","grn_name":"Pangseng: Jega","scope":"Dialect","state":"Verified","parent_num":15468,"longitude":10.774000000000001,"latitude":7.9993999999999996,"location":"Nigeria, Taraba"}},{"type":"Feature","id":1236,"geometry":{"type":"Point","coordinates":[10.575159782990434,8.1463991552587132]},"properties":{"objectid":1236,"iso":"pgs","grn_num":15470,"iso_lang_name":"Pangseng","grn_name":"Pangseng: Komo","scope":"Dialect","state":"Verified","parent_num":15468,"longitude":10.774000000000001,"latitude":7.9993999999999996,"location":"Nigeria, Taraba"}},{"type":"Feature","id":1237,"geometry":{"type":"Point","coordinates":[10.006766600906078,10.100628752945518]},"properties":{"objectid":1237,"iso":"pip","grn_num":2581,"iso_lang_name":"Pero","grn_name":"Pero","scope":"ISO_Lang","state":"Verified","parent_num":null,"longitude":9.8404000000000007,"latitude":10.305999999999999,"location":"Nigeria, Bauchi"}},{"type":"Feature","id":1238,"geometry":{"type":"Point","coordinates":[10.932101879265275,7.8089161598185077]},"properties":{"objectid":1238,"iso":"piy","grn_num":23085,"iso_lang_name":"Piya-Kwonci","grn_name":"Piya-Kwonci","scope":"ISO_Lang","state":"Verified","parent_num":null,"longitude":10.774000000000001,"latitude":7.9993999999999996,"location":"Nigeria, Taraba"}},{"type":"Feature","id":1239,"geometry":{"type":"Point","coordinates":[10.964404055410492,8.240760830720145]},"properties":{"objectid":1239,"iso":"piy","grn_num":29901,"iso_lang_name":"Piya-Kwonci","grn_name":"Piya-Kwonci: Kunshenu","scope":"Dialect","state":"Verified","parent_num":23085,"longitude":10.774000000000001,"latitude":7.9993999999999996,"location":"Nigeria, Taraba"}},{"type":"Feature","id":1240,"geometry":{"type":"Point","coordinates":[10.916988349837412,8.1165400413426934]},"properties":{"objectid":1240,"iso":"piy","grn_num":20618,"iso_lang_name":"Piya-Kwonci","grn_name":"Piya-Kwonci: Kwonci","scope":"Dialect","state":"Verified","parent_num":23085,"longitude":10.774000000000001,"latitude":7.9993999999999996,"location":"Nigeria, Taraba"}},{"type":"Feature","id":1241,"geometry":{"type":"Point","coordinates":[9.9831901231365503,10.487597346321616]},"properties":{"objectid":1241,"iso":"piy","grn_num":2582,"iso_lang_name":"Piya-Kwonci","grn_name":"Piya-Kwonci: Piya","scope":"Dialect","state":"Verified","parent_num":23085,"longitude":9.8404000000000007,"latitude":10.305999999999999,"location":"Nigeria, Bauchi"}},{"type":"Feature","id":1242,"geometry":{"type":"Point","coordinates":[9.9436486298308306,10.458548098604581]},"properties":{"objectid":1242,"iso":"piy","grn_num":6327,"iso_lang_name":"Piya-Kwonci","grn_name":"Wurkun: Ampandi","scope":"Dialect","state":"Verified","parent_num":23085,"longitude":9.8404000000000007,"latitude":10.305999999999999,"location":"Nigeria, Bauchi"}},{"type":"Feature","id":1243,"geometry":null,"properties":{"objectid":1243,"iso":"png","grn_num":2059,"iso_lang_name":"Pangu","grn_name":"Pangu","scope":"ISO_Lang","state":"Verified","parent_num":null,"longitude":null,"latitude":null,"location":"Nigeria, Niger","shape":null}},{"type":"Feature","id":1244,"geometry":null,"properties":{"objectid":1244,"iso":"png","grn_num":23893,"iso_lang_name":"Pangu","grn_name":"Pangu: Tarin","scope":"Dialect","state":"Verified","parent_num":2059,"longitude":null,"latitude":null,"location":"Nigeria, Niger","shape":null}},{"type":"Feature","id":1245,"geometry":null,"properties":{"objectid":1245,"iso":"png","grn_num":23894,"iso_lang_name":"Pangu","grn_name":"Pangu: Waga","scope":"Dialect","state":"Verified","parent_num":2059,"longitude":null,"latitude":null,"location":"Nigeria, Niger","shape":null}},{"type":"Feature","id":1246,"geometry":{"type":"Point","coordinates":[9.9694318828761439,10.329349562203435]},"properties":{"objectid":1246,"iso":"pqa","grn_num":2638,"iso_lang_name":"Pa'a","grn_name":"Pa'awa","scope":"ISO_Lang","state":"Verified","parent_num":null,"longitude":9.8404000000000007,"latitude":10.305999999999999,"location":"Nigeria, Bauchi"}},{"type":"Feature","id":1247,"geometry":{"type":"Point","coordinates":[9.5982623005724417,10.39180698784496]},"properties":{"objectid":1247,"iso":"pwb","grn_num":20450,"iso_lang_name":"Panawa","grn_name":"Panawa","scope":"ISO_Lang","state":"Verified","parent_num":null,"longitude":9.8404000000000007,"latitude":10.305999999999999,"location":"Nigeria, Bauchi"}},{"type":"Feature","id":1248,"geometry":{"type":"Point","coordinates":[9.1730114288458644,9.3105657356458487]},"properties":{"objectid":1248,"iso":"pym","grn_num":2449,"iso_lang_name":"Fyam","grn_name":"Gam","scope":"Dialect","state":"Verified","parent_num":2588,"longitude":9.5179000000000009,"latitude":9.2181999999999995,"location":"Nigeria, Plateau"}},{"type":"Feature","id":1249,"geometry":{"type":"Point","coordinates":[9.4088263082792434,9.4612278069573197]},"properties":{"objectid":1249,"iso":"pym","grn_num":2588,"iso_lang_name":"Fyam","grn_name":"Pyam","scope":"ISO_Lang","state":"Verified","parent_num":null,"longitude":9.5179000000000009,"latitude":9.2181999999999995,"location":"Nigeria, Plateau"}},{"type":"Feature","id":1250,"geometry":{"type":"Point","coordinates":[9.8327477524370668,10.571819286397355]},"properties":{"objectid":1250,"iso":"pze","grn_num":1968,"iso_lang_name":"Pesse","grn_name":"Pesse","scope":"ISO_Lang","state":"Verified","parent_num":null,"longitude":9.8404000000000007,"latitude":10.305999999999999,"location":"Nigeria, Bauchi"}},{"type":"Feature","id":1251,"geometry":{"type":"Point","coordinates":[10.904098007905604,7.7053694059494351]},"properties":{"objectid":1251,"iso":"rax","grn_num":15926,"iso_lang_name":"Rang","grn_name":"Rang","scope":"ISO_Lang","state":"Verified","parent_num":null,"longitude":10.774000000000001,"latitude":7.9993999999999996,"location":"Nigeria, Taraba"}},{"type":"Feature","id":1252,"geometry":{"type":"Point","coordinates":[4.1721167891657469,11.487412202707887]},"properties":{"objectid":1252,"iso":"res","grn_num":23919,"iso_lang_name":"Reshe","grn_name":"Reshe","scope":"ISO_Lang","state":"Verified","parent_num":null,"longitude":4.2332999999999998,"latitude":11.494199999999999,"location":"Nigeria, Kebbi"}},{"type":"Feature","id":1253,"geometry":{"type":"Point","coordinates":[4.2681925807794894,11.53423758343518]},"properties":{"objectid":1253,"iso":"res","grn_num":2074,"iso_lang_name":"Reshe","grn_name":"Reshe: Cirami","scope":"Dialect","state":"Verified","parent_num":23919,"longitude":4.2332999999999998,"latitude":11.494199999999999,"location":"Nigeria, Kebbi"}},{"type":"Feature","id":1254,"geometry":{"type":"Point","coordinates":[4.3264620648902845,11.34667218203578]},"properties":{"objectid":1254,"iso":"res","grn_num":23837,"iso_lang_name":"Reshe","grn_name":"Reshe: Tsupalame","scope":"Dialect","state":"Verified","parent_num":23919,"longitude":4.2332999999999998,"latitude":11.494199999999999,"location":"Nigeria, Kebbi"}},{"type":"Feature","id":1255,"geometry":{"type":"Point","coordinates":[9.3039899331140621,9.3985062030782984]},"properties":{"objectid":1255,"iso":"rin","grn_num":2145,"iso_lang_name":"Nungu","grn_name":"Nungu","scope":"ISO_Lang","state":"Verified","parent_num":null,"longitude":9.5179000000000009,"latitude":9.2181999999999995,"location":"Nigeria, Plateau"}},{"type":"Feature","id":1256,"geometry":{"type":"Point","coordinates":[9.3323469025675045,9.1153226770989288]},"properties":{"objectid":1256,"iso":"rin","grn_num":15127,"iso_lang_name":"Nungu","grn_name":"Nungu: Gudi","scope":"Dialect","state":"Verified","parent_num":2145,"longitude":9.5179000000000009,"latitude":9.2181999999999995,"location":"Nigeria, Plateau"}},{"type":"Feature","id":1257,"geometry":{"type":"Point","coordinates":[7.5356884892495977,10.158352451091405]},"properties":{"objectid":1257,"iso":"rin","grn_num":15128,"iso_lang_name":"Nungu","grn_name":"Nungu: Rindre","scope":"Dialect","state":"Verified","parent_num":2145,"longitude":7.4408000000000003,"latitude":10.5015,"location":"Nigeria, Kaduna"}},{"type":"Feature","id":1258,"geometry":null,"properties":{"objectid":1258,"iso":"rod","grn_num":15993,"iso_lang_name":"Rogo","grn_name":"Rogo","scope":"ISO_Lang","state":"Verified","parent_num":null,"longitude":null,"latitude":null,"location":"Nigeria, Niger","shape":null}},{"type":"Feature","id":1259,"geometry":{"type":"Point","coordinates":[7.5039231283518779,10.112039725694302]},"properties":{"objectid":1259,"iso":"rsw","grn_num":2545,"iso_lang_name":"Shuwa-Zamani","grn_name":"Rishiwa","scope":"ISO_Lang","state":"Verified","parent_num":null,"longitude":7.4408000000000003,"latitude":10.5015,"location":"Nigeria, Kaduna"}},{"type":"Feature","id":1260,"geometry":{"type":"Point","coordinates":[9.6818551712700245,9.4720656870561513]},"properties":{"objectid":1260,"iso":"ruk","grn_num":2547,"iso_lang_name":"Kuce","grn_name":"Ajanji","scope":"ISO_Lang","state":"Verified","parent_num":null,"longitude":9.5179000000000009,"latitude":9.2181999999999995,"location":"Nigeria, Plateau"}},{"type":"Feature","id":1261,"geometry":{"type":"Point","coordinates":[7.2035585537232327,10.334145114012845]},"properties":{"objectid":1261,"iso":"ruy","grn_num":2575,"iso_lang_name":"Mala (Nigeria)","grn_name":"Rumaya","scope":"ISO_Lang","state":"Verified","parent_num":null,"longitude":7.4408000000000003,"latitude":10.5015,"location":"Nigeria, Kaduna"}},{"type":"Feature","id":1262,"geometry":{"type":"Point","coordinates":[7.1876222447502194,10.685893639775244]},"properties":{"objectid":1262,"iso":"ruz","grn_num":2576,"iso_lang_name":"Ruma","grn_name":"Ruruma","scope":"ISO_Lang","state":"Verified","parent_num":null,"longitude":7.4408000000000003,"latitude":10.5015,"location":"Nigeria, Kaduna"}},{"type":"Feature","id":1263,"geometry":{"type":"Point","coordinates":[9.94859999455654,10.198947964932007]},"properties":{"objectid":1263,"iso":"say","grn_num":23994,"iso_lang_name":"Saya","grn_name":"Saya: Gambar","scope":"Dialect","state":"Verified","parent_num":1928,"longitude":9.8404000000000007,"latitude":10.305999999999999,"location":"Nigeria, Bauchi"}},{"type":"Feature","id":1264,"geometry":{"type":"Point","coordinates":[9.804010665362723,10.041874502105991]},"properties":{"objectid":1264,"iso":"say","grn_num":29172,"iso_lang_name":"Saya","grn_name":"Saya: Guus","scope":"Dialect","state":"Verified","parent_num":1928,"longitude":9.8404000000000007,"latitude":10.305999999999999,"location":"Nigeria, Bauchi"}},{"type":"Feature","id":1265,"geometry":{"type":"Point","coordinates":[9.7948384773413188,10.120904983199608]},"properties":{"objectid":1265,"iso":"say","grn_num":31017,"iso_lang_name":"Saya","grn_name":"Saya: Kal","scope":"Dialect","state":"Verified","parent_num":1928,"longitude":9.8404000000000007,"latitude":10.305999999999999,"location":"Nigeria, Bauchi"}},{"type":"Feature","id":1266,"geometry":{"type":"Point","coordinates":[10.010691008904052,10.404136806768554]},"properties":{"objectid":1266,"iso":"say","grn_num":31018,"iso_lang_name":"Saya","grn_name":"Saya: Num","scope":"Dialect","state":"Unverified","parent_num":1928,"longitude":9.8404000000000007,"latitude":10.305999999999999,"location":"Nigeria, Bauchi"}},{"type":"Feature","id":1267,"geometry":{"type":"Point","coordinates":[9.8531671900737408,10.154945095411898]},"properties":{"objectid":1267,"iso":"say","grn_num":23993,"iso_lang_name":"Saya","grn_name":"Saya: Okak","scope":"Dialect","state":"Verified","parent_num":1928,"longitude":9.8404000000000007,"latitude":10.305999999999999,"location":"Nigeria, Bauchi"}},{"type":"Feature","id":1268,"geometry":{"type":"Point","coordinates":[9.651724673222466,10.491500285804667]},"properties":{"objectid":1268,"iso":"say","grn_num":2496,"iso_lang_name":"Saya","grn_name":"Saya: Sigidi","scope":"Dialect","state":"Verified","parent_num":1928,"longitude":9.8404000000000007,"latitude":10.305999999999999,"location":"Nigeria, Bauchi"}},{"type":"Feature","id":1269,"geometry":{"type":"Point","coordinates":[9.704036771117476,10.112624613314464]},"properties":{"objectid":1269,"iso":"say","grn_num":1928,"iso_lang_name":"Saya","grn_name":"Seyawa","scope":"ISO_Lang","state":"Verified","parent_num":null,"longitude":9.8404000000000007,"latitude":10.305999999999999,"location":"Nigeria, Bauchi"}},{"type":"Feature","id":1270,"geometry":{"type":"Point","coordinates":[10.207987453071105,10.28528474596704]},"properties":{"objectid":1270,"iso":"say","grn_num":16403,"iso_lang_name":"Saya","grn_name":"Zaar","scope":"Dialect","state":"Verified","parent_num":1928,"longitude":9.8404000000000007,"latitude":10.305999999999999,"location":"Nigeria, Bauchi"}},{"type":"Feature","id":1271,"geometry":{"type":"Point","coordinates":[7.1753385072820119,10.496158381165351]},"properties":{"objectid":1271,"iso":"scv","grn_num":16608,"iso_lang_name":"Sheni","grn_name":"Sheni","scope":"ISO_Lang","state":"Verified","parent_num":null,"longitude":7.4408000000000003,"latitude":10.5015,"location":"Nigeria, Kaduna"}},{"type":"Feature","id":1272,"geometry":{"type":"Point","coordinates":[7.6886028116085914,10.518287781660334]},"properties":{"objectid":1272,"iso":"scv","grn_num":29180,"iso_lang_name":"Sheni","grn_name":"Sheni: Kere","scope":"Dialect","state":"Unverified","parent_num":16608,"longitude":7.4408000000000003,"latitude":10.5015,"location":"Nigeria, Kaduna"}},{"type":"Feature","id":1273,"geometry":{"type":"Point","coordinates":[7.4885421929217966,10.633588627096865]},"properties":{"objectid":1273,"iso":"scv","grn_num":29181,"iso_lang_name":"Sheni","grn_name":"Sheni: Ziriya","scope":"Dialect","state":"Verified","parent_num":16608,"longitude":7.4408000000000003,"latitude":10.5015,"location":"Nigeria, Kaduna"}},{"type":"Feature","id":1274,"geometry":{"type":"Point","coordinates":[9.6725714115920205,8.9964522216644109]},"properties":{"objectid":1274,"iso":"scw","grn_num":2566,"iso_lang_name":"Sya","grn_name":"Sya","scope":"ISO_Lang","state":"Verified","parent_num":null,"longitude":9.5179000000000009,"latitude":9.2181999999999995,"location":"Nigeria, Plateau"}},{"type":"Feature","id":1275,"geometry":{"type":"Point","coordinates":[7.3460255923970843,10.670334356778703]},"properties":{"objectid":1275,"iso":"sde","grn_num":2574,"iso_lang_name":"Vori","grn_name":"Surubu","scope":"ISO_Lang","state":"Verified","parent_num":null,"longitude":7.4408000000000003,"latitude":10.5015,"location":"Nigeria, Kaduna"}},{"type":"Feature","id":1276,"geometry":{"type":"Point","coordinates":[9.8314226179170774,10.486919763295035]},"properties":{"objectid":1276,"iso":"sha","grn_num":23046,"iso_lang_name":"Shall-Zwall","grn_name":"Shall-Zwall","scope":"ISO_Lang","state":"Verified","parent_num":null,"longitude":9.8404000000000007,"latitude":10.305999999999999,"location":"Nigeria, Bauchi"}},{"type":"Feature","id":1277,"geometry":{"type":"Point","coordinates":[9.7996180662184198,9.9249970510247039]},"properties":{"objectid":1277,"iso":"sha","grn_num":2031,"iso_lang_name":"Shall-Zwall","grn_name":"Shall-Zwall: Shall","scope":"Dialect","state":"Verified","parent_num":23046,"longitude":9.8404000000000007,"latitude":10.305999999999999,"location":"Nigeria, Bauchi"}},{"type":"Feature","id":1278,"geometry":{"type":"Point","coordinates":[9.8217305092637552,10.256281288228392]},"properties":{"objectid":1278,"iso":"sha","grn_num":16583,"iso_lang_name":"Shall-Zwall","grn_name":"Shall-Zwall: Zwall","scope":"Dialect","state":"Verified","parent_num":23046,"longitude":9.8404000000000007,"latitude":10.305999999999999,"location":"Nigeria, Bauchi"}},{"type":"Feature","id":1279,"geometry":{"type":"Point","coordinates":[4.1696922937061025,11.375242258252294]},"properties":{"objectid":1279,"iso":"sho","grn_num":2038,"iso_lang_name":"Shanga","grn_name":"Shangawa","scope":"ISO_Lang","state":"Verified","parent_num":null,"longitude":4.2332999999999998,"latitude":11.494199999999999,"location":"Nigeria, Kebbi"}},{"type":"Feature","id":1280,"geometry":{"type":"Point","coordinates":[13.146960926346887,11.962112450714024]},"properties":{"objectid":1280,"iso":"shu","grn_num":1775,"iso_lang_name":"Arabic, Western Sudanic","grn_name":"Arabic, Chadian: Shuwa","scope":"Dialect","state":"Verified","parent_num":1629,"longitude":13.151999999999999,"latitude":11.884600000000001,"location":"Nigeria, Borno"}},{"type":"Feature","id":1281,"geometry":{"type":"Point","coordinates":[9.8714324991001554,10.606944263195853]},"properties":{"objectid":1281,"iso":"sir","grn_num":16760,"iso_lang_name":"Siri","grn_name":"Siri","scope":"ISO_Lang","state":"Verified","parent_num":null,"longitude":9.8404000000000007,"latitude":10.305999999999999,"location":"Nigeria, Bauchi"}},{"type":"Feature","id":1282,"geometry":{"type":"Point","coordinates":[10.099360208068175,10.366245444663734]},"properties":{"objectid":1282,"iso":"sir","grn_num":30241,"iso_lang_name":"Siri","grn_name":"Siri: Babba","scope":"Dialect","state":"Verified","parent_num":16760,"longitude":9.8404000000000007,"latitude":10.305999999999999,"location":"Nigeria, Bauchi"}},{"type":"Feature","id":1283,"geometry":{"type":"Point","coordinates":[9.8320826667501589,10.116625893385198]},"properties":{"objectid":1283,"iso":"sir","grn_num":4006,"iso_lang_name":"Siri","grn_name":"Siri: Miya","scope":"Dialect","state":"Verified","parent_num":16760,"longitude":9.8404000000000007,"latitude":10.305999999999999,"location":"Nigeria, Bauchi"}},{"type":"Feature","id":1284,"geometry":{"type":"Point","coordinates":[9.7744549804008507,9.9679040331118749]},"properties":{"objectid":1284,"iso":"sir","grn_num":2085,"iso_lang_name":"Siri","grn_name":"Siri: Ningi","scope":"Dialect","state":"Verified","parent_num":16760,"longitude":9.8404000000000007,"latitude":10.305999999999999,"location":"Nigeria, Bauchi"}},{"type":"Feature","id":1285,"geometry":{"type":"Point","coordinates":[9.8042920949647954,10.175468429392053]},"properties":{"objectid":1285,"iso":"sir","grn_num":30553,"iso_lang_name":"Siri","grn_name":"Siri: Zurfu","scope":"Dialect","state":"Verified","parent_num":16760,"longitude":9.8404000000000007,"latitude":10.305999999999999,"location":"Nigeria, Bauchi"}},{"type":"Feature","id":1286,"geometry":null,"properties":{"objectid":1286,"iso":"sqa","grn_num":16585,"iso_lang_name":"Shama-Sambuga","grn_name":"Shama-Sambuga","scope":"ISO_Lang","state":"Verified","parent_num":null,"longitude":null,"latitude":null,"location":"Nigeria, Niger","shape":null}},{"type":"Feature","id":1287,"geometry":null,"properties":{"objectid":1287,"iso":"sqa","grn_num":16587,"iso_lang_name":"Shama-Sambuga","grn_name":"Shama-Sambuga: Shama","scope":"Dialect","state":"Verified","parent_num":16585,"longitude":null,"latitude":null,"location":"Nigeria, Niger","shape":null}},{"type":"Feature","id":1288,"geometry":{"type":"Point","coordinates":[9.4838928293390214,9.342682464997857]},"properties":{"objectid":1288,"iso":"sur","grn_num":2483,"iso_lang_name":"Mwaghavul","grn_name":"Mwaghavul","scope":"ISO_Lang","state":"Verified","parent_num":null,"longitude":9.5179000000000009,"latitude":9.2181999999999995,"location":"Nigeria, Plateau"}},{"type":"Feature","id":1289,"geometry":{"type":"Point","coordinates":[9.7383224157319379,9.0329299470173972]},"properties":{"objectid":1289,"iso":"sur","grn_num":2506,"iso_lang_name":"Mwaghavul","grn_name":"Mwaghavul: Gung & Kor","scope":"Dialect","state":"Verified","parent_num":2483,"longitude":9.5179000000000009,"latitude":9.2181999999999995,"location":"Nigeria, Plateau"}},{"type":"Feature","id":1290,"geometry":{"type":"Point","coordinates":[9.5758960097975123,9.5731202178162906]},"properties":{"objectid":1290,"iso":"sur","grn_num":22833,"iso_lang_name":"Mwaghavul","grn_name":"Mwaghavul: Mupun","scope":"Dialect","state":"Verified","parent_num":2483,"longitude":9.5179000000000009,"latitude":9.2181999999999995,"location":"Nigeria, Plateau"}},{"type":"Feature","id":1291,"geometry":{"type":"Point","coordinates":[9.3087368358912403,9.4972909991816756]},"properties":{"objectid":1291,"iso":"sur","grn_num":30561,"iso_lang_name":"Mwaghavul","grn_name":"Mwaghavul: Nyan Mangun","scope":"Dialect","state":"Verified","parent_num":2483,"longitude":9.5179000000000009,"latitude":9.2181999999999995,"location":"Nigeria, Plateau"}},{"type":"Feature","id":1292,"geometry":{"type":"Point","coordinates":[9.3073389549012013,8.9067509922730803]},"properties":{"objectid":1292,"iso":"sur","grn_num":27475,"iso_lang_name":"Mwaghavul","grn_name":"Mwaghavul: Takas","scope":"Dialect","state":"Verified","parent_num":2483,"longitude":9.5179000000000009,"latitude":9.2181999999999995,"location":"Nigeria, Plateau"}},{"type":"Feature","id":1293,"geometry":{"type":"Point","coordinates":[5.8639534393148915,6.3532376069145382]},"properties":{"objectid":1293,"iso":"sxs","grn_num":16371,"iso_lang_name":"Sasaru","grn_name":"Sasaru","scope":"ISO_Lang","state":"Verified","parent_num":null,"longitude":6,"latitude":6.5,"location":"Nigeria, Edo"}},{"type":"Feature","id":1294,"geometry":{"type":"Point","coordinates":[12.633342774731558,9.5142837550668062]},"properties":{"objectid":1294,"iso":"syk","grn_num":4430,"iso_lang_name":"Sukur","grn_name":"Sukur","scope":"ISO_Lang","state":"Verified","parent_num":null,"longitude":12.398400000000001,"latitude":9.3264999999999993,"location":"Nigeria, Adamawa"}},{"type":"Feature","id":1295,"geometry":{"type":"Point","coordinates":[9.6608153705728395,10.297931557687702]},"properties":{"objectid":1295,"iso":"tak","grn_num":17094,"iso_lang_name":"Tala","grn_name":"Tala-Zamwar","scope":"ISO_Lang","state":"Verified","parent_num":null,"longitude":9.8404000000000007,"latitude":10.305999999999999,"location":"Nigeria, Bauchi"}},{"type":"Feature","id":1296,"geometry":{"type":"Point","coordinates":[9.7208764268385188,10.614355834351622]},"properties":{"objectid":1296,"iso":"tak","grn_num":30555,"iso_lang_name":"Tala","grn_name":"Tala-Zamwar: Zangwal","scope":"Dialect","state":"Verified","parent_num":17094,"longitude":9.8404000000000007,"latitude":10.305999999999999,"location":"Nigeria, Bauchi"}},{"type":"Feature","id":1297,"geometry":{"type":"Point","coordinates":[9.157444944597211,9.4588122098254743]},"properties":{"objectid":1297,"iso":"tal","grn_num":2489,"iso_lang_name":"Tal","grn_name":"Tal","scope":"ISO_Lang","state":"Verified","parent_num":null,"longitude":9.5179000000000009,"latitude":9.2181999999999995,"location":"Nigeria, Plateau"}},{"type":"Feature","id":1298,"geometry":{"type":"Point","coordinates":[9.5787718206525447,8.859287347891069]},"properties":{"objectid":1298,"iso":"tal","grn_num":23995,"iso_lang_name":"Tal","grn_name":"Tal: Bongmuut","scope":"Dialect","state":"Verified","parent_num":2489,"longitude":9.5179000000000009,"latitude":9.2181999999999995,"location":"Nigeria, Plateau"}},{"type":"Feature","id":1299,"geometry":{"type":"Point","coordinates":[9.1607971643867838,9.1990311543731682]},"properties":{"objectid":1299,"iso":"tal","grn_num":23996,"iso_lang_name":"Tal","grn_name":"Tal: Buzuk","scope":"Dialect","state":"Verified","parent_num":2489,"longitude":9.5179000000000009,"latitude":9.2181999999999995,"location":"Nigeria, Plateau"}},{"type":"Feature","id":1300,"geometry":{"type":"Point","coordinates":[9.6959612077674002,9.3772663451165492]},"properties":{"objectid":1300,"iso":"tal","grn_num":23998,"iso_lang_name":"Tal","grn_name":"Tal: Muɗak","scope":"Dialect","state":"Verified","parent_num":2489,"longitude":9.5179000000000009,"latitude":9.2181999999999995,"location":"Nigeria, Plateau"}},{"type":"Feature","id":1301,"geometry":{"type":"Point","coordinates":[9.7862607117299767,9.3534637654210879]},"properties":{"objectid":1301,"iso":"tal","grn_num":24054,"iso_lang_name":"Tal","grn_name":"Tal: Muɗong","scope":"Dialect","state":"Verified","parent_num":2489,"longitude":9.5179000000000009,"latitude":9.2181999999999995,"location":"Nigeria, Plateau"}},{"type":"Feature","id":1302,"geometry":{"type":"Point","coordinates":[9.3522694793256207,9.4737698380562492]},"properties":{"objectid":1302,"iso":"tal","grn_num":23999,"iso_lang_name":"Tal","grn_name":"Tal: Takong","scope":"Dialect","state":"Verified","parent_num":2489,"longitude":9.5179000000000009,"latitude":9.2181999999999995,"location":"Nigeria, Plateau"}},{"type":"Feature","id":1303,"geometry":{"type":"Point","coordinates":[9.584839675393761,10.180688819704207]},"properties":{"objectid":1303,"iso":"tan","grn_num":310,"iso_lang_name":"Tangale","grn_name":"Tangale","scope":"ISO_Lang","state":"Verified","parent_num":null,"longitude":9.8404000000000007,"latitude":10.305999999999999,"location":"Nigeria, Bauchi"}},{"type":"Feature","id":1304,"geometry":{"type":"Point","coordinates":[10.083248429374088,10.179381259967927]},"properties":{"objectid":1304,"iso":"tan","grn_num":17189,"iso_lang_name":"Tangale","grn_name":"Tangale: Biliri","scope":"Dialect","state":"Verified","parent_num":310,"longitude":9.8404000000000007,"latitude":10.305999999999999,"location":"Nigeria, Bauchi"}},{"type":"Feature","id":1305,"geometry":{"type":"Point","coordinates":[9.8382859155710047,10.648438891742758]},"properties":{"objectid":1305,"iso":"tan","grn_num":17190,"iso_lang_name":"Tangale","grn_name":"Tangale: Kaltungo","scope":"Dialect","state":"Verified","parent_num":310,"longitude":9.8404000000000007,"latitude":10.305999999999999,"location":"Nigeria, Bauchi"}},{"type":"Feature","id":1306,"geometry":{"type":"Point","coordinates":[9.2651670453232224,9.3122117448634345]},"properties":{"objectid":1306,"iso":"tdk","grn_num":2507,"iso_lang_name":"Rom","grn_name":"Tembis","scope":"ISO_Lang","state":"Verified","parent_num":null,"longitude":9.5179000000000009,"latitude":9.2181999999999995,"location":"Nigeria, Plateau"}},{"type":"Feature","id":1307,"geometry":{"type":"Point","coordinates":[9.975798905353086,9.9809417260630102]},"properties":{"objectid":1307,"iso":"tdl","grn_num":2457,"iso_lang_name":"Kusur-Myet","grn_name":"Kusur-Myet","scope":"ISO_Lang","state":"Verified","parent_num":null,"longitude":9.8404000000000007,"latitude":10.305999999999999,"location":"Nigeria, Bauchi"}},{"type":"Feature","id":1308,"geometry":{"type":"Point","coordinates":[9.7602307283070413,10.649098495165006]},"properties":{"objectid":1308,"iso":"tdl","grn_num":23920,"iso_lang_name":"Kusur-Myet","grn_name":"Kusur-Myet: Kusur","scope":"Dialect","state":"Verified","parent_num":2457,"longitude":9.8404000000000007,"latitude":10.305999999999999,"location":"Nigeria, Bauchi"}},{"type":"Feature","id":1309,"geometry":{"type":"Point","coordinates":[9.9327751853749238,10.10189141801593]},"properties":{"objectid":1309,"iso":"tdl","grn_num":28584,"iso_lang_name":"Kusur-Myet","grn_name":"Kusur-Myet: Myet","scope":"Dialect","state":"Verified","parent_num":2457,"longitude":9.8404000000000007,"latitude":10.305999999999999,"location":"Nigeria, Bauchi"}},{"type":"Feature","id":1310,"geometry":{"type":"Point","coordinates":[12.705416678796583,9.2441332786002963]},"properties":{"objectid":1310,"iso":"tdo","grn_num":2655,"iso_lang_name":"Teme","grn_name":"Teme","scope":"ISO_Lang","state":"Verified","parent_num":null,"longitude":12.398400000000001,"latitude":9.3264999999999993,"location":"Nigeria, Adamawa"}},{"type":"Feature","id":1311,"geometry":{"type":"Point","coordinates":[10.764700270012433,7.6535926147607887]},"properties":{"objectid":1311,"iso":"tdq","grn_num":17524,"iso_lang_name":"Tita","grn_name":"Tita","scope":"ISO_Lang","state":"Verified","parent_num":null,"longitude":10.774000000000001,"latitude":7.9993999999999996,"location":"Nigeria, Taraba"}},{"type":"Feature","id":1312,"geometry":{"type":"Point","coordinates":[7.7180948383561487,8.4385785421301094]},"properties":{"objectid":1312,"iso":"tdv","grn_num":2304,"iso_lang_name":"Toro","grn_name":"Atoro","scope":"ISO_Lang","state":"Verified","parent_num":null,"longitude":7.7300000000000004,"latitude":8.5199999999999996,"location":"Nigeria, Nassarawa"}},{"type":"Feature","id":1313,"geometry":{"type":"Point","coordinates":[9.7472695622999073,10.144520624667367]},"properties":{"objectid":1313,"iso":"tgd","grn_num":2634,"iso_lang_name":"Choogen","grn_name":"Tsagu","scope":"ISO_Lang","state":"Verified","parent_num":null,"longitude":9.8404000000000007,"latitude":10.305999999999999,"location":"Nigeria, Bauchi"}},{"type":"Feature","id":1314,"geometry":{"type":"Point","coordinates":[10.048380793236532,10.067632401618662]},"properties":{"objectid":1314,"iso":"tgd","grn_num":29957,"iso_lang_name":"Choogen","grn_name":"Tsagu: Choogen","scope":"Dialect","state":"Unverified","parent_num":2634,"longitude":9.8404000000000007,"latitude":10.305999999999999,"location":"Nigeria, Bauchi"}},{"type":"Feature","id":1315,"geometry":{"type":"Point","coordinates":[10.675444879701219,8.1028245207740497]},"properties":{"objectid":1315,"iso":"thy","grn_num":17415,"iso_lang_name":"Tha","grn_name":"Tha","scope":"ISO_Lang","state":"Verified","parent_num":null,"longitude":10.774000000000001,"latitude":7.9993999999999996,"location":"Nigeria, Taraba"}},{"type":"Feature","id":1316,"geometry":{"type":"Point","coordinates":[8.6993465061602304,7.303208592783478]},"properties":{"objectid":1316,"iso":"tiv","grn_num":1756,"iso_lang_name":"Tiv","grn_name":"Tiv","scope":"ISO_Lang","state":"Verified","parent_num":null,"longitude":8.7403999999999993,"latitude":7.3369,"location":"Nigeria, Benue"}},{"type":"Feature","id":1317,"geometry":{"type":"Point","coordinates":[8.6543603832062566,7.2671043719664601]},"properties":{"objectid":1317,"iso":"tiv","grn_num":2107,"iso_lang_name":"Tiv","grn_name":"Uive","scope":"Dialect","state":"Verified","parent_num":1756,"longitude":8.7403999999999993,"latitude":7.3369,"location":"Nigeria, Benue"}},{"type":"Feature","id":1318,"geometry":{"type":"Point","coordinates":[7.0350469780205032,4.609869496427752]},"properties":{"objectid":1318,"iso":"tkq","grn_num":2359,"iso_lang_name":"Tee..","grn_name":"Tee..","scope":"ISO_Lang","state":"Verified","parent_num":null,"longitude":6.9112,"latitude":4.8395999999999999,"location":"Nigeria, Rivers"}},{"type":"Feature","id":1319,"geometry":null,"properties":{"objectid":1319,"iso":"tsw","grn_num":2078,"iso_lang_name":"Tsishingini","grn_name":"Tsishingini","scope":"ISO_Lang","state":"Verified","parent_num":null,"longitude":null,"latitude":null,"location":"Nigeria, Niger","shape":null}},{"type":"Feature","id":1320,"geometry":null,"properties":{"objectid":1320,"iso":"tsw","grn_num":17665,"iso_lang_name":"Tsishingini","grn_name":"Tsishingini: Ibeto","scope":"Dialect","state":"Verified","parent_num":2078,"longitude":null,"latitude":null,"location":"Nigeria, Niger","shape":null}},{"type":"Feature","id":1321,"geometry":{"type":"Point","coordinates":[12.305403607566364,9.648255274099979]},"properties":{"objectid":1321,"iso":"ttb","grn_num":9960,"iso_lang_name":"Gaa","grn_name":"Gaa","scope":"ISO_Lang","state":"Verified","parent_num":null,"longitude":12.398400000000001,"latitude":9.3264999999999993,"location":"Nigeria, Adamawa"}},{"type":"Feature","id":1322,"geometry":{"type":"Point","coordinates":[10.046436627857592,10.443414675560946]},"properties":{"objectid":1322,"iso":"ttr","grn_num":1935,"iso_lang_name":"Tera","grn_name":"Tera","scope":"ISO_Lang","state":"Verified","parent_num":null,"longitude":9.8404000000000007,"latitude":10.305999999999999,"location":"Nigeria, Bauchi"}},{"type":"Feature","id":1323,"geometry":{"type":"Point","coordinates":[9.7230398530120041,9.9425040268199592]},"properties":{"objectid":1323,"iso":"ttr","grn_num":17387,"iso_lang_name":"Tera","grn_name":"Tera: Bura Kokura","scope":"Dialect","state":"Verified","parent_num":1935,"longitude":9.8404000000000007,"latitude":10.305999999999999,"location":"Nigeria, Bauchi"}},{"type":"Feature","id":1324,"geometry":{"type":"Point","coordinates":[10.136625728871758,10.265087727115279]},"properties":{"objectid":1324,"iso":"ttr","grn_num":17388,"iso_lang_name":"Tera","grn_name":"Tera: Nyimatli","scope":"Dialect","state":"Verified","parent_num":1935,"longitude":9.8404000000000007,"latitude":10.305999999999999,"location":"Nigeria, Bauchi"}},{"type":"Feature","id":1325,"geometry":{"type":"Point","coordinates":[9.8531882124480159,10.213492116904142]},"properties":{"objectid":1325,"iso":"ttr","grn_num":17389,"iso_lang_name":"Tera","grn_name":"Tera: Pidlimdi","scope":"Dialect","state":"Verified","parent_num":1935,"longitude":9.8404000000000007,"latitude":10.305999999999999,"location":"Nigeria, Bauchi"}},{"type":"Feature","id":1326,"geometry":{"type":"Point","coordinates":[11.173100000158778,10.279099999821508]},"properties":{"objectid":1326,"iso":"tul","grn_num":1937,"iso_lang_name":"Tula","grn_name":"Tula","scope":"ISO_Lang","state":"Verified","parent_num":null,"longitude":11.1731,"latitude":10.2791,"location":"Nigeria, Gombe"}},{"type":"Feature","id":1327,"geometry":{"type":"Point","coordinates":[11.206821105719458,10.226905561655819]},"properties":{"objectid":1327,"iso":"tul","grn_num":17749,"iso_lang_name":"Tula","grn_name":"Tula: Baule","scope":"Dialect","state":"Verified","parent_num":1937,"longitude":11.1731,"latitude":10.2791,"location":"Nigeria, Gombe"}},{"type":"Feature","id":1328,"geometry":{"type":"Point","coordinates":[11.106185250127874,10.253187648228307]},"properties":{"objectid":1328,"iso":"tul","grn_num":29480,"iso_lang_name":"Tula","grn_name":"Tula: Wangke","scope":"Dialect","state":"Unverified","parent_num":1937,"longitude":11.1731,"latitude":10.2791,"location":"Nigeria, Gombe"}},{"type":"Feature","id":1329,"geometry":{"type":"Point","coordinates":[11.079820940705613,10.314570540876083]},"properties":{"objectid":1329,"iso":"tul","grn_num":17751,"iso_lang_name":"Tula","grn_name":"Tula: Yili","scope":"Dialect","state":"Verified","parent_num":1937,"longitude":11.1731,"latitude":10.2791,"location":"Nigeria, Gombe"}},{"type":"Feature","id":1330,"geometry":{"type":"Point","coordinates":[7.5241191217397239,10.278877436120695]},"properties":{"objectid":1330,"iso":"tuq","grn_num":17285,"iso_lang_name":"Tedaga","grn_name":"Tedaga: Kecherda","scope":"Dialect","state":"Verified","parent_num":3098,"longitude":7.4408000000000003,"latitude":10.5015,"location":"Nigeria, Kaduna"}},{"type":"Feature","id":1331,"geometry":{"type":"Point","coordinates":[4.2333000002230969,11.494199999849332]},"properties":{"objectid":1331,"iso":"tvd","grn_num":22835,"iso_lang_name":"Tsuvadi","grn_name":"Tsuvadi","scope":"ISO_Lang","state":"Verified","parent_num":null,"longitude":4.2332999999999998,"latitude":11.494199999999999,"location":"Nigeria, Kebbi"}},{"type":"Feature","id":1332,"geometry":{"type":"Point","coordinates":[4.2787501416488798,11.401609666304697]},"properties":{"objectid":1332,"iso":"tvd","grn_num":11363,"iso_lang_name":"Tsuvadi","grn_name":"Tsuvadi: Kakihum","scope":"Dialect","state":"Verified","parent_num":22835,"longitude":4.2332999999999998,"latitude":11.494199999999999,"location":"Nigeria, Kebbi"}},{"type":"Feature","id":1333,"geometry":{"type":"Point","coordinates":[4.1587657624101588,11.427214472671789]},"properties":{"objectid":1333,"iso":"tvd","grn_num":2076,"iso_lang_name":"Tsuvadi","grn_name":"Tsuvadi: Machuchi","scope":"Dialect","state":"Verified","parent_num":22835,"longitude":4.2332999999999998,"latitude":11.494199999999999,"location":"Nigeria, Kebbi"}},{"type":"Feature","id":1334,"geometry":{"type":"Point","coordinates":[4.1071153141460917,11.56386349627649]},"properties":{"objectid":1334,"iso":"tvd","grn_num":2077,"iso_lang_name":"Tsuvadi","grn_name":"Tsuvadi Mumuce","scope":"Dialect","state":"Verified","parent_num":22835,"longitude":4.2332999999999998,"latitude":11.494199999999999,"location":"Nigeria, Kebbi"}},{"type":"Feature","id":1335,"geometry":{"type":"Point","coordinates":[4.2705367803274781,11.456332831951885]},"properties":{"objectid":1335,"iso":"tvd","grn_num":2079,"iso_lang_name":"Tsuvadi","grn_name":"Tsuvadi Shambo","scope":"Dialect","state":"Verified","parent_num":22835,"longitude":4.2332999999999998,"latitude":11.494199999999999,"location":"Nigeria, Kebbi"}},{"type":"Feature","id":1336,"geometry":{"type":"Point","coordinates":[4.3911594071856559,11.468511789129128]},"properties":{"objectid":1336,"iso":"tvd","grn_num":24061,"iso_lang_name":"Tsuvadi","grn_name":"Tsuvadi: Tsuvadi-Agadi","scope":"Dialect","state":"Verified","parent_num":22835,"longitude":4.2332999999999998,"latitude":11.494199999999999,"location":"Nigeria, Kebbi"}},{"type":"Feature","id":1337,"geometry":{"type":"Point","coordinates":[4.2004255020204777,11.535910521960439]},"properties":{"objectid":1337,"iso":"tvd","grn_num":24062,"iso_lang_name":"Tsuvadi","grn_name":"Tsuvadi: Tsuvadi-Azozolo","scope":"Dialect","state":"Verified","parent_num":22835,"longitude":4.2332999999999998,"latitude":11.494199999999999,"location":"Nigeria, Kebbi"}},{"type":"Feature","id":1338,"geometry":{"type":"Point","coordinates":[4.0717236772285679,11.524266371029762]},"properties":{"objectid":1338,"iso":"tvd","grn_num":2505,"iso_lang_name":"Tsuvadi","grn_name":"Tsuvadi Ubaka","scope":"Dialect","state":"Verified","parent_num":22835,"longitude":4.2332999999999998,"latitude":11.494199999999999,"location":"Nigeria, Kebbi"}},{"type":"Feature","id":1339,"geometry":{"type":"Point","coordinates":[9.6508715467904036,10.106153005033278]},"properties":{"objectid":1339,"iso":"tvi","grn_num":28310,"iso_lang_name":"Tulai","grn_name":"Tulai","scope":"ISO_Lang","state":"Verified","parent_num":null,"longitude":9.8404000000000007,"latitude":10.305999999999999,"location":"Nigeria, Bauchi"}},{"type":"Feature","id":1340,"geometry":{"type":"Point","coordinates":[4.292767227865129,11.577548306852986]},"properties":{"objectid":1340,"iso":"tye","grn_num":8669,"iso_lang_name":"Kyanga","grn_name":"Cenka","scope":"ISO_Lang","state":"Verified","parent_num":null,"longitude":4.2332999999999998,"latitude":11.494199999999999,"location":"Nigeria, Kebbi"}},{"type":"Feature","id":1341,"geometry":{"type":"Point","coordinates":[9.2547979258475905,9.1821899298852916]},"properties":{"objectid":1341,"iso":"tyy","grn_num":2459,"iso_lang_name":"Tiyaa","grn_name":"Tiyaa","scope":"ISO_Lang","state":"Verified","parent_num":null,"longitude":9.5179000000000009,"latitude":9.2181999999999995,"location":"Nigeria, Plateau"}},{"type":"Feature","id":1342,"geometry":{"type":"Point","coordinates":[8.6228242193684093,5.838716668644504]},"properties":{"objectid":1342,"iso":"uba","grn_num":4986,"iso_lang_name":"Ubang","grn_name":"Ubang","scope":"ISO_Lang","state":"Verified","parent_num":null,"longitude":8.5,"latitude":5.75,"location":"Nigeria, Cross River"}},{"type":"Feature","id":1343,"geometry":{"type":"Point","coordinates":[7.812646506038023,4.872008593418558]},"properties":{"objectid":1343,"iso":"uda","grn_num":17884,"iso_lang_name":"Uda","grn_name":"Uda","scope":"ISO_Lang","state":"Verified","parent_num":null,"longitude":7.8536999999999999,"latitude":4.9057000000000004,"location":"Nigeria, Akwa Ibom"}},{"type":"Feature","id":1344,"geometry":{"type":"Point","coordinates":[4.7309171192491739,7.0808610848838773]},"properties":{"objectid":1344,"iso":"uha","grn_num":17905,"iso_lang_name":"Uhami","grn_name":"Uhami","scope":"ISO_Lang","state":"Verified","parent_num":null,"longitude":4.8417000000000003,"latitude":7.0999999999999996,"location":"Nigeria, Ondo"}},{"type":"Feature","id":1345,"geometry":null,"properties":{"objectid":1345,"iso":"uji","grn_num":17197,"iso_lang_name":"Rjili","grn_name":"Rjili","scope":"ISO_Lang","state":"Verified","parent_num":null,"longitude":null,"latitude":null,"location":"Nigeria, Niger","shape":null}},{"type":"Feature","id":1346,"geometry":null,"properties":{"objectid":1346,"iso":"uji","grn_num":28999,"iso_lang_name":"Rjili","grn_name":"Tanjijili: Koro Apita","scope":"Dialect","state":"Verified","parent_num":17197,"longitude":null,"latitude":null,"location":"Nigeria, Niger","shape":null}},{"type":"Feature","id":1347,"geometry":{"type":"Point","coordinates":[8.3993042542420273,5.8543819499199055]},"properties":{"objectid":1347,"iso":"ukp","grn_num":23087,"iso_lang_name":"Bukpe","grn_name":"Bukpe","scope":"ISO_Lang","state":"Verified","parent_num":null,"longitude":8.5,"latitude":5.75,"location":"Nigeria, Cross River"}},{"type":"Feature","id":1348,"geometry":{"type":"Point","coordinates":[8.1580317842675072,5.618896024691491]},"properties":{"objectid":1348,"iso":"ukp","grn_num":17914,"iso_lang_name":"Bukpe","grn_name":"Bukpe: Bayobiri","scope":"Dialect","state":"Verified","parent_num":23087,"longitude":8.5,"latitude":5.75,"location":"Nigeria, Cross River"}},{"type":"Feature","id":1349,"geometry":{"type":"Point","coordinates":[8.4968578301936653,6.0174644115702183]},"properties":{"objectid":1349,"iso":"ukp","grn_num":2285,"iso_lang_name":"Bukpe","grn_name":"Ukpe-Bayogin: Ukpe","scope":"Dialect","state":"Verified","parent_num":23087,"longitude":8.5,"latitude":5.75,"location":"Nigeria, Cross River"}},{"type":"Feature","id":1350,"geometry":{"type":"Point","coordinates":[8.7179886413803125,5.7166863986536507]},"properties":{"objectid":1350,"iso":"ukq","grn_num":17920,"iso_lang_name":"Ukwa","grn_name":"Ukwa","scope":"ISO_Lang","state":"Verified","parent_num":null,"longitude":8.5,"latitude":5.75,"location":"Nigeria, Cross River"}},{"type":"Feature","id":1351,"geometry":{"type":"Point","coordinates":[4.9207946712337831,6.9447618275857064]},"properties":{"objectid":1351,"iso":"uku","grn_num":17918,"iso_lang_name":"Ukue","grn_name":"Ukue","scope":"ISO_Lang","state":"Verified","parent_num":null,"longitude":4.8417000000000003,"latitude":7.0999999999999996,"location":"Nigeria, Ondo"}},{"type":"Feature","id":1352,"geometry":{"type":"Point","coordinates":[5.8240658439948296,5.6839364371580752]},"properties":{"objectid":1352,"iso":"ukw","grn_num":23095,"iso_lang_name":"Ukwuani-Aboh-Ndoni","grn_name":"Ukwuani-Aboh-Ndoni","scope":"ISO_Lang","state":"Verified","parent_num":null,"longitude":5.9339000000000004,"latitude":5.7039999999999997,"location":"Nigeria, Delta"}},{"type":"Feature","id":1353,"geometry":{"type":"Point","coordinates":[6.0648319534066175,5.6721469229004358]},"properties":{"objectid":1353,"iso":"ukw","grn_num":4772,"iso_lang_name":"Ukwuani-Aboh-Ndoni","grn_name":"Ukwuani-Aboh-Ndoni: Ndoni & Aboh","scope":"Dialect","state":"Verified","parent_num":23095,"longitude":5.9339000000000004,"latitude":5.7039999999999997,"location":"Nigeria, Delta"}},{"type":"Feature","id":1354,"geometry":{"type":"Point","coordinates":[5.9299164620315228,5.5170050845717782]},"properties":{"objectid":1354,"iso":"ukw","grn_num":2389,"iso_lang_name":"Ukwuani-Aboh-Ndoni","grn_name":"Ukwuani-Aboh-Ndoni: Ukwuani","scope":"Dialect","state":"Verified","parent_num":23095,"longitude":5.9339000000000004,"latitude":5.7039999999999997,"location":"Nigeria, Delta"}},{"type":"Feature","id":1355,"geometry":null,"properties":{"objectid":1355,"iso":"ula","grn_num":9948,"iso_lang_name":"Fungwa","grn_name":"Fungwa","scope":"ISO_Lang","state":"Verified","parent_num":null,"longitude":null,"latitude":null,"location":"Nigeria, Niger","shape":null}},{"type":"Feature","id":1356,"geometry":{"type":"Point","coordinates":[5.7800257278833795,5.7120435360377222]},"properties":{"objectid":1356,"iso":"ulb","grn_num":17924,"iso_lang_name":"Ulukwumi","grn_name":"Ulukwumi","scope":"ISO_Lang","state":"Verified","parent_num":null,"longitude":5.9339000000000004,"latitude":5.7039999999999997,"location":"Nigeria, Delta"}},{"type":"Feature","id":1357,"geometry":{"type":"Point","coordinates":[9.6779567614146806,10.0230787897283]},"properties":{"objectid":1357,"iso":"uly","grn_num":1938,"iso_lang_name":"Buli","grn_name":"Buli","scope":"ISO_Lang","state":"Verified","parent_num":null,"longitude":9.8404000000000007,"latitude":10.305999999999999,"location":"Nigeria, Bauchi"}},{"type":"Feature","id":1358,"geometry":{"type":"Point","coordinates":[9.919370893014543,9.9244950020963856]},"properties":{"objectid":1358,"iso":"uly","grn_num":29495,"iso_lang_name":"Buli","grn_name":"Buli: Babban","scope":"Dialect","state":"Unverified","parent_num":1938,"longitude":9.8404000000000007,"latitude":10.305999999999999,"location":"Nigeria, Bauchi"}},{"type":"Feature","id":1359,"geometry":{"type":"Point","coordinates":[9.6054590124356736,10.579989640414658]},"properties":{"objectid":1359,"iso":"uly","grn_num":29496,"iso_lang_name":"Buli","grn_name":"Buli: Mulan","scope":"Dialect","state":"Unverified","parent_num":1938,"longitude":9.8404000000000007,"latitude":10.305999999999999,"location":"Nigeria, Bauchi"}},{"type":"Feature","id":1360,"geometry":{"type":"Point","coordinates":[8.4396106881650148,5.371827811823664]},"properties":{"objectid":1360,"iso":"umm","grn_num":2964,"iso_lang_name":"Umon","grn_name":"Umon","scope":"ISO_Lang","state":"Verified","parent_num":null,"longitude":8.5,"latitude":5.75,"location":"Nigeria, Cross River"}},{"type":"Feature","id":1361,"geometry":{"type":"Point","coordinates":[5.9509657516330483,6.4796004231000932]},"properties":{"objectid":1361,"iso":"une","grn_num":2209,"iso_lang_name":"Uneme","grn_name":"Uneme","scope":"ISO_Lang","state":"Verified","parent_num":null,"longitude":6,"latitude":6.5,"location":"Nigeria, Edo"}},{"type":"Feature","id":1362,"geometry":{"type":"Point","coordinates":[6.0507094723496424,6.5395891722882338]},"properties":{"objectid":1362,"iso":"une","grn_num":28004,"iso_lang_name":"Uneme","grn_name":"Uneme: Anegbete","scope":"Dialect","state":"Verified","parent_num":2209,"longitude":6,"latitude":6.5,"location":"Nigeria, Edo"}},{"type":"Feature","id":1363,"geometry":{"type":"Point","coordinates":[6.0488782063373137,6.2356379667399953]},"properties":{"objectid":1363,"iso":"une","grn_num":29584,"iso_lang_name":"Uneme","grn_name":"Uneme: Ekpedo","scope":"Dialect","state":"Verified","parent_num":2209,"longitude":6,"latitude":6.5,"location":"Nigeria, Edo"}},{"type":"Feature","id":1364,"geometry":{"type":"Point","coordinates":[5.883731558890462,5.5310523049593678]},"properties":{"objectid":1364,"iso":"urh","grn_num":2400,"iso_lang_name":"Urhobo","grn_name":"Urhobo","scope":"ISO_Lang","state":"Verified","parent_num":null,"longitude":5.9339000000000004,"latitude":5.7039999999999997,"location":"Nigeria, Delta"}},{"type":"Feature","id":1365,"geometry":{"type":"Point","coordinates":[5.987508186125063,5.7767442008838179]},"properties":{"objectid":1365,"iso":"urh","grn_num":17960,"iso_lang_name":"Urhobo","grn_name":"Urhobo: Agbarho","scope":"Dialect","state":"Verified","parent_num":2400,"longitude":5.9339000000000004,"latitude":5.7039999999999997,"location":"Nigeria, Delta"}},{"type":"Feature","id":1366,"geometry":{"type":"Point","coordinates":[5.8207430350476601,5.5750968190237398]},"properties":{"objectid":1366,"iso":"urh","grn_num":24001,"iso_lang_name":"Urhobo","grn_name":"Urhobo: Agbon","scope":"Dialect","state":"Verified","parent_num":2400,"longitude":5.9339000000000004,"latitude":5.7039999999999997,"location":"Nigeria, Delta"}},{"type":"Feature","id":1367,"geometry":{"type":"Point","coordinates":[4.2374887419850173,11.403972301163323]},"properties":{"objectid":1367,"iso":"uss","grn_num":2064,"iso_lang_name":"us-Saare","grn_name":"us-Saare","scope":"ISO_Lang","state":"Verified","parent_num":null,"longitude":4.2332999999999998,"latitude":11.494199999999999,"location":"Nigeria, Kebbi"}},{"type":"Feature","id":1368,"geometry":{"type":"Point","coordinates":[8.7562514430662475,5.8331905130238635]},"properties":{"objectid":1368,"iso":"uta","grn_num":2108,"iso_lang_name":"Otank","grn_name":"Utange","scope":"ISO_Lang","state":"Verified","parent_num":null,"longitude":8.5,"latitude":5.75,"location":"Nigeria, Cross River"}},{"type":"Feature","id":1369,"geometry":null,"properties":{"objectid":1369,"iso":"uth","grn_num":2063,"iso_lang_name":"ut-Hun","grn_name":"ut-Hun","scope":"ISO_Lang","state":"Verified","parent_num":null,"longitude":null,"latitude":null,"location":"Nigeria, Niger","shape":null}},{"type":"Feature","id":1370,"geometry":{"type":"Point","coordinates":[8.74095770889741,7.1529121420292476]},"properties":{"objectid":1370,"iso":"utr","grn_num":1760,"iso_lang_name":"Etulo","grn_name":"Etulo","scope":"ISO_Lang","state":"Verified","parent_num":null,"longitude":8.7403999999999993,"latitude":7.3369,"location":"Nigeria, Benue"}},{"type":"Feature","id":1371,"geometry":{"type":"Point","coordinates":[8.573985759353393,5.9522059462904506]},"properties":{"objectid":1371,"iso":"uya","grn_num":9368,"iso_lang_name":"Deko-Dusanga","grn_name":"Doko-Uyanga","scope":"ISO_Lang","state":"Verified","parent_num":null,"longitude":8.5,"latitude":5.75,"location":"Nigeria, Cross River"}},{"type":"Feature","id":1372,"geometry":{"type":"Point","coordinates":[12.360035071083336,9.2897762692371337]},"properties":{"objectid":1372,"iso":"vem","grn_num":24017,"iso_lang_name":"Vemgo-Mabas","grn_name":"Vemgo-Mabas: Vemgo","scope":"Dialect","state":"Verified","parent_num":2927,"longitude":12.398400000000001,"latitude":9.3264999999999993,"location":"Nigeria, Adamawa"}},{"type":"Feature","id":1373,"geometry":{"type":"Point","coordinates":[12.411373757231406,9.5926192981137604]},"properties":{"objectid":1373,"iso":"vem","grn_num":18036,"iso_lang_name":"Vemgo-Mabas","grn_name":"Vemgo-Mabas: Visik","scope":"Dialect","state":"Verified","parent_num":2927,"longitude":12.398400000000001,"latitude":9.3264999999999993,"location":"Nigeria, Adamawa"}},{"type":"Feature","id":1374,"geometry":{"type":"Point","coordinates":[12.296395790580728,9.5154483941808312]},"properties":{"objectid":1374,"iso":"vem","grn_num":2927,"iso_lang_name":"Vemgo-Mabas","grn_name":"Vengo-Mabas","scope":"ISO_Lang","state":"Verified","parent_num":null,"longitude":12.398400000000001,"latitude":9.3264999999999993,"location":"Nigeria, Adamawa"}},{"type":"Feature","id":1375,"geometry":{"type":"Point","coordinates":[12.578053412049957,8.9500883709193477]},"properties":{"objectid":1375,"iso":"ver","grn_num":4988,"iso_lang_name":"Mom Jango","grn_name":"Vere: Ugi","scope":"Dialect","state":"Verified","parent_num":1894,"longitude":12.398400000000001,"latitude":9.3264999999999993,"location":"Nigeria, Adamawa"}},{"type":"Feature","id":1376,"geometry":{"type":"Point","coordinates":[12.561033097040474,9.4341915778582681]},"properties":{"objectid":1376,"iso":"ver","grn_num":1894,"iso_lang_name":"Mom Jango","grn_name":"Verre","scope":"ISO_Lang","state":"Verified","parent_num":null,"longitude":12.398400000000001,"latitude":9.3264999999999993,"location":"Nigeria, Adamawa"}},{"type":"Feature","id":1377,"geometry":{"type":"Point","coordinates":[12.245726852375871,9.3642166257198678]},"properties":{"objectid":1377,"iso":"ver","grn_num":23861,"iso_lang_name":"Mom Jango","grn_name":"Verre: Bai","scope":"Dialect","state":"Verified","parent_num":1894,"longitude":12.398400000000001,"latitude":9.3264999999999993,"location":"Nigeria, Adamawa"}},{"type":"Feature","id":1378,"geometry":{"type":"Point","coordinates":[12.522795194857586,9.2280183180810376]},"properties":{"objectid":1378,"iso":"ver","grn_num":23860,"iso_lang_name":"Mom Jango","grn_name":"Verre: Gweri","scope":"Dialect","state":"Verified","parent_num":1894,"longitude":12.398400000000001,"latitude":9.3264999999999993,"location":"Nigeria, Adamawa"}},{"type":"Feature","id":1379,"geometry":{"type":"Point","coordinates":[12.469532780003313,9.5894273999527915]},"properties":{"objectid":1379,"iso":"ver","grn_num":24018,"iso_lang_name":"Mom Jango","grn_name":"Verre: Momi","scope":"Dialect","state":"Verified","parent_num":1894,"longitude":12.398400000000001,"latitude":9.3264999999999993,"location":"Nigeria, Adamawa"}},{"type":"Feature","id":1380,"geometry":{"type":"Point","coordinates":[12.487013481595906,9.4279960404292655]},"properties":{"objectid":1380,"iso":"ver","grn_num":14219,"iso_lang_name":"Mom Jango","grn_name":"Verre: Mom Jango","scope":"Dialect","state":"Verified","parent_num":1894,"longitude":12.398400000000001,"latitude":9.3264999999999993,"location":"Nigeria, Adamawa"}},{"type":"Feature","id":1381,"geometry":{"type":"Point","coordinates":[12.486535021807624,9.6659579140528056]},"properties":{"objectid":1381,"iso":"ver","grn_num":23859,"iso_lang_name":"Mom Jango","grn_name":"Verre: Wombi","scope":"Dialect","state":"Verified","parent_num":1894,"longitude":12.398400000000001,"latitude":9.3264999999999993,"location":"Nigeria, Adamawa"}},{"type":"Feature","id":1382,"geometry":{"type":"Point","coordinates":[10.843086575391855,7.7848050855844937]},"properties":{"objectid":1382,"iso":"vit","grn_num":18060,"iso_lang_name":"Viti","grn_name":"Viti","scope":"ISO_Lang","state":"Verified","parent_num":null,"longitude":10.774000000000001,"latitude":7.9993999999999996,"location":"Nigeria, Taraba"}},{"type":"Feature","id":1383,"geometry":null,"properties":{"objectid":1383,"iso":"vkn","grn_num":2071,"iso_lang_name":"Koro Nulu","grn_name":"Koro: Adunu","scope":"Dialect","state":"Verified","parent_num":26216,"longitude":null,"latitude":null,"location":"Nigeria, Niger","shape":null}},{"type":"Feature","id":1384,"geometry":null,"properties":{"objectid":1384,"iso":"vkn","grn_num":26216,"iso_lang_name":"Koro Nulu","grn_name":"Koro Nulu","scope":"ISO_Lang","state":"Verified","parent_num":null,"longitude":null,"latitude":null,"location":"Nigeria, Niger","shape":null}},{"type":"Feature","id":1385,"geometry":{"type":"Point","coordinates":[7.0706909463114522,8.8341136853228974]},"properties":{"objectid":1385,"iso":"vkz","grn_num":12282,"iso_lang_name":"Koro Zuba","grn_name":"Koro Zuba","scope":"ISO_Lang","state":"Verified","parent_num":null,"longitude":7.1859999999999999,"latitude":8.8940999999999999,"location":"Nigeria, Abuja Capital Territory"}},{"type":"Feature","id":1386,"geometry":{"type":"Point","coordinates":[12.348898113025371,9.34573703282034]},"properties":{"objectid":1386,"iso":"vor","grn_num":23179,"iso_lang_name":"Voro","grn_name":"Voro (Nigeria)","scope":"ISO_Lang","state":"Verified","parent_num":null,"longitude":12.398400000000001,"latitude":9.3264999999999993,"location":"Nigeria, Adamawa"}},{"type":"Feature","id":1387,"geometry":{"type":"Point","coordinates":[10.477154287077228,7.8712889641812689]},"properties":{"objectid":1387,"iso":"wav","grn_num":18114,"iso_lang_name":"Waka","grn_name":"Waka","scope":"ISO_Lang","state":"Verified","parent_num":null,"longitude":10.774000000000001,"latitude":7.9993999999999996,"location":"Nigeria, Taraba"}},{"type":"Feature","id":1388,"geometry":{"type":"Point","coordinates":[12.11439754790441,9.263796787591323]},"properties":{"objectid":1388,"iso":"wja","grn_num":1788,"iso_lang_name":"Waja","grn_name":"Wagga: Vemngo","scope":"Dialect","state":"Verified","parent_num":1969,"longitude":12.398400000000001,"latitude":9.3264999999999993,"location":"Nigeria, Adamawa"}},{"type":"Feature","id":1389,"geometry":{"type":"Point","coordinates":[12.359331224888569,9.1467011480269207]},"properties":{"objectid":1389,"iso":"wja","grn_num":1969,"iso_lang_name":"Waja","grn_name":"Waja","scope":"ISO_Lang","state":"Verified","parent_num":null,"longitude":12.398400000000001,"latitude":9.3264999999999993,"location":"Nigeria, Adamawa"}},{"type":"Feature","id":1390,"geometry":{"type":"Point","coordinates":[12.259126760957649,9.4776129659892323]},"properties":{"objectid":1390,"iso":"wja","grn_num":18112,"iso_lang_name":"Waja","grn_name":"Waja: Deruwo","scope":"Dialect","state":"Verified","parent_num":1969,"longitude":12.398400000000001,"latitude":9.3264999999999993,"location":"Nigeria, Adamawa"}},{"type":"Feature","id":1391,"geometry":{"type":"Point","coordinates":[10.100888372622189,10.313159053827967]},"properties":{"objectid":1391,"iso":"wji","grn_num":2090,"iso_lang_name":"Warji","grn_name":"Warji","scope":"ISO_Lang","state":"Verified","parent_num":null,"longitude":9.8404000000000007,"latitude":10.305999999999999,"location":"Nigeria, Bauchi"}},{"type":"Feature","id":1392,"geometry":{"type":"Point","coordinates":[9.925645388118884,10.024654200973226]},"properties":{"objectid":1392,"iso":"wji","grn_num":30673,"iso_lang_name":"Warji","grn_name":"Warji: Diryah","scope":"Dialect","state":"Verified","parent_num":2090,"longitude":9.8404000000000007,"latitude":10.305999999999999,"location":"Nigeria, Bauchi"}},{"type":"Feature","id":1393,"geometry":{"type":"Point","coordinates":[12.411941905716029,9.5060116417914671]},"properties":{"objectid":1393,"iso":"wom","grn_num":4755,"iso_lang_name":"Wom (Nigeria)","grn_name":"Wom [Nigeria]","scope":"ISO_Lang","state":"Verified","parent_num":null,"longitude":12.398400000000001,"latitude":9.3264999999999993,"location":"Nigeria, Adamawa"}},{"type":"Feature","id":1394,"geometry":{"type":"Point","coordinates":[7.3477405418514756,10.199552828583283]},"properties":{"objectid":1394,"iso":"xab","grn_num":20471,"iso_lang_name":"Sambe","grn_name":"Sambe","scope":"ISO_Lang","state":"Verified","parent_num":null,"longitude":7.4408000000000003,"latitude":10.5015,"location":"Nigeria, Kaduna"}},{"type":"Feature","id":1395,"geometry":{"type":"Point","coordinates":[13.072092821573772,12.099908040701447]},"properties":{"objectid":1395,"iso":"xed","grn_num":2813,"iso_lang_name":"Hdi","grn_name":"Hdi: Tur","scope":"Dialect","state":"Verified","parent_num":10607,"longitude":13.151999999999999,"latitude":11.884600000000001,"location":"Nigeria, Borno"}},{"type":"Feature","id":1396,"geometry":{"type":"Point","coordinates":[7.4899432422698649,10.567765335623601]},"properties":{"objectid":1396,"iso":"xsh","grn_num":16584,"iso_lang_name":"Shamang","grn_name":"Shamang","scope":"ISO_Lang","state":"Verified","parent_num":null,"longitude":7.4408000000000003,"latitude":10.5015,"location":"Nigeria, Kaduna"}},{"type":"Feature","id":1397,"geometry":{"type":"Point","coordinates":[9.6067359379676329,10.226946771324965]},"properties":{"objectid":1397,"iso":"xsn","grn_num":1936,"iso_lang_name":"Sanga (Nigeria)","grn_name":"Sanga","scope":"ISO_Lang","state":"Verified","parent_num":null,"longitude":9.8404000000000007,"latitude":10.305999999999999,"location":"Nigeria, Bauchi"}},{"type":"Feature","id":1398,"geometry":{"type":"Point","coordinates":[9.8778352880000995,10.268329063867579]},"properties":{"objectid":1398,"iso":"xsn","grn_num":16278,"iso_lang_name":"Sanga (Nigeria)","grn_name":"Sanga: Bujiyel","scope":"Dialect","state":"Verified","parent_num":1936,"longitude":9.8404000000000007,"latitude":10.305999999999999,"location":"Nigeria, Bauchi"}},{"type":"Feature","id":1399,"geometry":{"type":"Point","coordinates":[10.900093239317249,7.6639551330324469]},"properties":{"objectid":1399,"iso":"yam","grn_num":30607,"iso_lang_name":"Yamba","grn_name":"Yamba: Bukwuk","scope":"Dialect","state":"Verified","parent_num":12599,"longitude":10.774000000000001,"latitude":7.9993999999999996,"location":"Nigeria, Taraba"}},{"type":"Feature","id":1400,"geometry":{"type":"Point","coordinates":[10.952313350625477,7.7288290012632306]},"properties":{"objectid":1400,"iso":"yam","grn_num":30606,"iso_lang_name":"Yamba","grn_name":"Yamba: Dektup","scope":"Dialect","state":"Verified","parent_num":12599,"longitude":10.774000000000001,"latitude":7.9993999999999996,"location":"Nigeria, Taraba"}},{"type":"Feature","id":1401,"geometry":{"type":"Point","coordinates":[10.718007562716005,7.8675451949843307]},"properties":{"objectid":1401,"iso":"yam","grn_num":29986,"iso_lang_name":"Yamba","grn_name":"Yamba: Furmi Jan","scope":"Dialect","state":"Verified","parent_num":2621,"longitude":10.774000000000001,"latitude":7.9993999999999996,"location":"Nigeria, Taraba"}},{"type":"Feature","id":1402,"geometry":{"type":"Point","coordinates":[10.662343592679466,8.187711267596038]},"properties":{"objectid":1402,"iso":"yam","grn_num":30605,"iso_lang_name":"Yamba","grn_name":"Yamba: Ghab","scope":"Dialect","state":"Verified","parent_num":12599,"longitude":10.774000000000001,"latitude":7.9993999999999996,"location":"Nigeria, Taraba"}},{"type":"Feature","id":1403,"geometry":{"type":"Point","coordinates":[10.809279000696865,7.7438472029684684]},"properties":{"objectid":1403,"iso":"yam","grn_num":29987,"iso_lang_name":"Yamba","grn_name":"Yamba: Mbinti Nyang","scope":"Dialect","state":"Verified","parent_num":2621,"longitude":10.774000000000001,"latitude":7.9993999999999996,"location":"Nigeria, Taraba"}},{"type":"Feature","id":1404,"geometry":{"type":"Point","coordinates":[10.60748363997503,7.9042480333705782]},"properties":{"objectid":1404,"iso":"yam","grn_num":30603,"iso_lang_name":"Yamba","grn_name":"Yamba: Sam","scope":"Dialect","state":"Verified","parent_num":12599,"longitude":10.774000000000001,"latitude":7.9993999999999996,"location":"Nigeria, Taraba"}},{"type":"Feature","id":1405,"geometry":{"type":"Point","coordinates":[10.559820381167519,7.873002923281164]},"properties":{"objectid":1405,"iso":"yam","grn_num":30604,"iso_lang_name":"Yamba","grn_name":"Yamba: Tum","scope":"Dialect","state":"Verified","parent_num":12599,"longitude":10.774000000000001,"latitude":7.9993999999999996,"location":"Nigeria, Taraba"}},{"type":"Feature","id":1406,"geometry":{"type":"Point","coordinates":[10.810486081317165,8.2036077699112226]},"properties":{"objectid":1406,"iso":"yam","grn_num":30600,"iso_lang_name":"Yamba","grn_name":"Yamba: Tup","scope":"Dialect","state":"Verified","parent_num":12599,"longitude":10.774000000000001,"latitude":7.9993999999999996,"location":"Nigeria, Taraba"}},{"type":"Feature","id":1407,"geometry":{"type":"Point","coordinates":[10.623777280801768,8.2263780347787048]},"properties":{"objectid":1407,"iso":"yam","grn_num":30092,"iso_lang_name":"Yamba","grn_name":"Yamba: Yapugam","scope":"Dialect","state":"Verified","parent_num":2621,"longitude":10.774000000000001,"latitude":7.9993999999999996,"location":"Nigeria, Taraba"}},{"type":"Feature","id":1408,"geometry":{"type":"Point","coordinates":[8.4792255882025156,5.9253786867389486]},"properties":{"objectid":1408,"iso":"yay","grn_num":2942,"iso_lang_name":"Agwagwune","grn_name":"Agwagwune","scope":"ISO_Lang","state":"Verified","parent_num":null,"longitude":8.5,"latitude":5.75,"location":"Nigeria, Cross River"}},{"type":"Feature","id":1409,"geometry":{"type":"Point","coordinates":[8.2945400281672264,5.7385358167202432]},"properties":{"objectid":1409,"iso":"yay","grn_num":2941,"iso_lang_name":"Agwagwune","grn_name":"Agwagwune: Abayongo","scope":"Dialect","state":"Verified","parent_num":2942,"longitude":8.5,"latitude":5.75,"location":"Nigeria, Cross River"}},{"type":"Feature","id":1410,"geometry":{"type":"Point","coordinates":[8.2044050659202981,5.5703673195757197]},"properties":{"objectid":1410,"iso":"yay","grn_num":4960,"iso_lang_name":"Agwagwune","grn_name":"Agwagwune: Abini","scope":"Dialect","state":"Verified","parent_num":2942,"longitude":8.5,"latitude":5.75,"location":"Nigeria, Cross River"}},{"type":"Feature","id":1411,"geometry":{"type":"Point","coordinates":[8.6649248736797571,5.8063432990765387]},"properties":{"objectid":1411,"iso":"yay","grn_num":2945,"iso_lang_name":"Agwagwune","grn_name":"Agwagwune: Adim","scope":"Dialect","state":"Verified","parent_num":2942,"longitude":8.5,"latitude":5.75,"location":"Nigeria, Cross River"}},{"type":"Feature","id":1412,"geometry":{"type":"Point","coordinates":[8.4489045404152403,5.8419519182815778]},"properties":{"objectid":1412,"iso":"yay","grn_num":6760,"iso_lang_name":"Agwagwune","grn_name":"Agwagwune: Erei","scope":"Dialect","state":"Verified","parent_num":2942,"longitude":8.5,"latitude":5.75,"location":"Nigeria, Cross River"}},{"type":"Feature","id":1413,"geometry":{"type":"Point","coordinates":[8.3666852378045213,5.6577369305756537]},"properties":{"objectid":1413,"iso":"yay","grn_num":6761,"iso_lang_name":"Agwagwune","grn_name":"Agwagwune: Etono","scope":"Dialect","state":"Verified","parent_num":2942,"longitude":8.5,"latitude":5.75,"location":"Nigeria, Cross River"}},{"type":"Feature","id":1414,"geometry":{"type":"Point","coordinates":[8.6396432794149334,5.9994470338657928]},"properties":{"objectid":1414,"iso":"yay","grn_num":6762,"iso_lang_name":"Agwagwune","grn_name":"Agwagwune: Orum","scope":"Dialect","state":"Verified","parent_num":2942,"longitude":8.5,"latitude":5.75,"location":"Nigeria, Cross River"}},{"type":"Feature","id":1415,"geometry":{"type":"Point","coordinates":[8.6215338550398073,5.4965402914150374]},"properties":{"objectid":1415,"iso":"yaz","grn_num":2210,"iso_lang_name":"Lokaa","grn_name":"Lokaa","scope":"ISO_Lang","state":"Verified","parent_num":null,"longitude":8.5,"latitude":5.75,"location":"Nigeria, Cross River"}},{"type":"Feature","id":1416,"geometry":{"type":"Point","coordinates":[8.3555637532273241,5.8933032537324994]},"properties":{"objectid":1416,"iso":"yaz","grn_num":13037,"iso_lang_name":"Lokaa","grn_name":"Lokaa: Nkpam","scope":"Dialect","state":"Verified","parent_num":2210,"longitude":8.5,"latitude":5.75,"location":"Nigeria, Cross River"}},{"type":"Feature","id":1417,"geometry":{"type":"Point","coordinates":[8.3618415226908862,5.9980025263894294]},"properties":{"objectid":1417,"iso":"yaz","grn_num":13038,"iso_lang_name":"Lokaa","grn_name":"Lokaa: Ugep","scope":"Dialect","state":"Verified","parent_num":2210,"longitude":8.5,"latitude":5.75,"location":"Nigeria, Cross River"}},{"type":"Feature","id":1418,"geometry":{"type":"Point","coordinates":[8.7678056586922128,5.6982808297851975]},"properties":{"objectid":1418,"iso":"yba","grn_num":2277,"iso_lang_name":"Yala","grn_name":"Yala","scope":"ISO_Lang","state":"Verified","parent_num":null,"longitude":8.5,"latitude":5.75,"location":"Nigeria, Cross River"}},{"type":"Feature","id":1419,"geometry":{"type":"Point","coordinates":[8.3321651472739777,5.5757051868128924]},"properties":{"objectid":1419,"iso":"yba","grn_num":18418,"iso_lang_name":"Yala","grn_name":"Yala: Nkum","scope":"Dialect","state":"Verified","parent_num":2277,"longitude":8.5,"latitude":5.75,"location":"Nigeria, Cross River"}},{"type":"Feature","id":1420,"geometry":{"type":"Point","coordinates":[8.6050710192242548,5.4111074853797883]},"properties":{"objectid":1420,"iso":"yba","grn_num":18419,"iso_lang_name":"Yala","grn_name":"Yala: Nkum Akpambe","scope":"Dialect","state":"Verified","parent_num":2277,"longitude":8.5,"latitude":5.75,"location":"Nigeria, Cross River"}},{"type":"Feature","id":1421,"geometry":{"type":"Point","coordinates":[8.3448385739124245,5.4917722249414718]},"properties":{"objectid":1421,"iso":"yba","grn_num":6328,"iso_lang_name":"Yala","grn_name":"Yala: Yala Ogoja","scope":"Dialect","state":"Verified","parent_num":2277,"longitude":8.5,"latitude":5.75,"location":"Nigeria, Cross River"}},{"type":"Feature","id":1422,"geometry":{"type":"Point","coordinates":[9.5937105136716223,9.4159336497918371]},"properties":{"objectid":1422,"iso":"ybj","grn_num":2288,"iso_lang_name":"Hasha","grn_name":"Yashi","scope":"ISO_Lang","state":"Verified","parent_num":null,"longitude":9.5179000000000009,"latitude":9.2181999999999995,"location":"Nigeria, Plateau"}},{"type":"Feature","id":1423,"geometry":{"type":"Point","coordinates":[10.678633197375612,7.9031844923355639]},"properties":{"objectid":1423,"iso":"ybl","grn_num":1753,"iso_lang_name":"Yukuben","grn_name":"Yukuben","scope":"ISO_Lang","state":"Verified","parent_num":null,"longitude":10.774000000000001,"latitude":7.9993999999999996,"location":"Nigeria, Taraba"}},{"type":"Feature","id":1424,"geometry":{"type":"Point","coordinates":[9.6871683827820707,9.2904364488081992]},"properties":{"objectid":1424,"iso":"yer","grn_num":2490,"iso_lang_name":"Tarok","grn_name":"Tarok","scope":"ISO_Lang","state":"Verified","parent_num":null,"longitude":9.5179000000000009,"latitude":9.2181999999999995,"location":"Nigeria, Plateau"}},{"type":"Feature","id":1425,"geometry":{"type":"Point","coordinates":[9.642392541961387,9.059852123559418]},"properties":{"objectid":1425,"iso":"yer","grn_num":17222,"iso_lang_name":"Tarok","grn_name":"Tarok: Igyang","scope":"Dialect","state":"Verified","parent_num":2490,"longitude":9.5179000000000009,"latitude":9.2181999999999995,"location":"Nigeria, Plateau"}},{"type":"Feature","id":1426,"geometry":{"type":"Point","coordinates":[9.5075837650521553,8.8975661647076194]},"properties":{"objectid":1426,"iso":"yer","grn_num":17223,"iso_lang_name":"Tarok","grn_name":"Tarok: Itarok","scope":"Dialect","state":"Verified","parent_num":2490,"longitude":9.5179000000000009,"latitude":9.2181999999999995,"location":"Nigeria, Plateau"}},{"type":"Feature","id":1427,"geometry":{"type":"Point","coordinates":[9.2060042630191621,9.3992755979806368]},"properties":{"objectid":1427,"iso":"yer","grn_num":17224,"iso_lang_name":"Tarok","grn_name":"Tarok: Itarok Oga Asa","scope":"Dialect","state":"Verified","parent_num":2490,"longitude":9.5179000000000009,"latitude":9.2181999999999995,"location":"Nigeria, Plateau"}},{"type":"Feature","id":1428,"geometry":{"type":"Point","coordinates":[9.5650762908838143,8.9105994589066952]},"properties":{"objectid":1428,"iso":"yer","grn_num":17225,"iso_lang_name":"Tarok","grn_name":"Tarok: Izini","scope":"Dialect","state":"Verified","parent_num":2490,"longitude":9.5179000000000009,"latitude":9.2181999999999995,"location":"Nigeria, Plateau"}},{"type":"Feature","id":1429,"geometry":{"type":"Point","coordinates":[9.2037888603233515,9.1678508027461749]},"properties":{"objectid":1429,"iso":"yer","grn_num":17226,"iso_lang_name":"Tarok","grn_name":"Tarok: Selyer","scope":"Dialect","state":"Verified","parent_num":2490,"longitude":9.5179000000000009,"latitude":9.2181999999999995,"location":"Nigeria, Plateau"}},{"type":"Feature","id":1430,"geometry":{"type":"Point","coordinates":[7.3133990202297241,10.289233308416458]},"properties":{"objectid":1430,"iso":"yes","grn_num":2032,"iso_lang_name":"Nyankpa","grn_name":"Nyankpa","scope":"ISO_Lang","state":"Verified","parent_num":null,"longitude":7.4408000000000003,"latitude":10.5015,"location":"Nigeria, Kaduna"}},{"type":"Feature","id":1431,"geometry":{"type":"Point","coordinates":[12.107993028849222,9.1659726301976399]},"properties":{"objectid":1431,"iso":"ynq","grn_num":18541,"iso_lang_name":"Yendang","grn_name":"Yendang","scope":"ISO_Lang","state":"Verified","parent_num":null,"longitude":12.398400000000001,"latitude":9.3264999999999993,"location":"Nigeria, Adamawa"}},{"type":"Feature","id":1432,"geometry":{"type":"Point","coordinates":[12.471748321937973,9.2649651220369655]},"properties":{"objectid":1432,"iso":"ynq","grn_num":1878,"iso_lang_name":"Yendang","grn_name":"Yendang: Akule & Ikume","scope":"Dialect","state":"Verified","parent_num":18541,"longitude":12.398400000000001,"latitude":9.3264999999999993,"location":"Nigeria, Adamawa"}},{"type":"Feature","id":1433,"geometry":{"type":"Point","coordinates":[12.487097232428166,9.0805979682367219]},"properties":{"objectid":1433,"iso":"ynq","grn_num":18542,"iso_lang_name":"Yendang","grn_name":"Yendang: Kuseki","scope":"Dialect","state":"Verified","parent_num":18541,"longitude":12.398400000000001,"latitude":9.3264999999999993,"location":"Nigeria, Adamawa"}},{"type":"Feature","id":1434,"geometry":{"type":"Point","coordinates":[12.196353786070652,9.3279599756643456]},"properties":{"objectid":1434,"iso":"ynq","grn_num":18543,"iso_lang_name":"Yendang","grn_name":"Yendang: Yofo","scope":"Dialect","state":"Verified","parent_num":18541,"longitude":12.398400000000001,"latitude":9.3264999999999993,"location":"Nigeria, Adamawa"}},{"type":"Feature","id":1435,"geometry":{"type":"Point","coordinates":[9.5067209413065914,11.868470541320743]},"properties":{"objectid":1435,"iso":"yor","grn_num":4448,"iso_lang_name":"Yoruba","grn_name":"Iyara: Ijumu","scope":"Dialect","state":"Verified","parent_num":62,"longitude":9.5999999999999996,"latitude":11.833,"location":"Nigeria, Kwara"}},{"type":"Feature","id":1436,"geometry":{"type":"Point","coordinates":[8.8276854735611021,9.0443632985833329]},"properties":{"objectid":1436,"iso":"yor","grn_num":62,"iso_lang_name":"Yoruba","grn_name":"Yoruba","scope":"ISO_Lang","state":"Verified","parent_num":null,"longitude":8.6999999999999993,"latitude":9,"location":"Nigeria"}},{"type":"Feature","id":1437,"geometry":{"type":"Point","coordinates":[3.981793838988565,7.8712144408870754]},"properties":{"objectid":1437,"iso":"yor","grn_num":1773,"iso_lang_name":"Yoruba","grn_name":"Yoruba: Abunu","scope":"Dialect","state":"Verified","parent_num":62,"longitude":3.9367999999999999,"latitude":7.843,"location":"Nigeria, Oyo"}},{"type":"Feature","id":1438,"geometry":{"type":"Point","coordinates":[7.309412042775584,10.396283335218834]},"properties":{"objectid":1438,"iso":"yor","grn_num":18610,"iso_lang_name":"Yoruba","grn_name":"Yoruba: Akono","scope":"Dialect","state":"Verified","parent_num":62,"longitude":7.4408000000000003,"latitude":10.5015,"location":"Nigeria, Kaduna"}},{"type":"Feature","id":1439,"geometry":{"type":"Point","coordinates":[8.658946506412196,8.9663085930083604]},"properties":{"objectid":1439,"iso":"yor","grn_num":18611,"iso_lang_name":"Yoruba","grn_name":"Yoruba: Awori","scope":"Dialect","state":"Verified","parent_num":62,"longitude":8.6999999999999993,"latitude":9,"location":"Nigeria"}},{"type":"Feature","id":1440,"geometry":{"type":"Point","coordinates":[8.6999999999866926,9.0000000003980904]},"properties":{"objectid":1440,"iso":"yor","grn_num":18612,"iso_lang_name":"Yoruba","grn_name":"Yoruba: Aworo","scope":"Dialect","state":"Verified","parent_num":62,"longitude":8.6999999999999993,"latitude":9,"location":"Nigeria"}},{"type":"Feature","id":1441,"geometry":{"type":"Point","coordinates":[8.6102316617667984,9.0404802438051508]},"properties":{"objectid":1441,"iso":"yor","grn_num":18613,"iso_lang_name":"Yoruba","grn_name":"Yoruba: Egba","scope":"Dialect","state":"Verified","parent_num":62,"longitude":8.6999999999999993,"latitude":9,"location":"Nigeria"}},{"type":"Feature","id":1442,"geometry":{"type":"Point","coordinates":[5.3109999999723714,7.7190000000854608]},"properties":{"objectid":1442,"iso":"yor","grn_num":2536,"iso_lang_name":"Yoruba","grn_name":"Yoruba: Ekiti","scope":"Dialect","state":"Verified","parent_num":62,"longitude":5.3109999999999999,"latitude":7.7190000000000003,"location":"Nigeria, Ekiti"}},{"type":"Feature","id":1443,"geometry":{"type":"Point","coordinates":[8.7081825913146833,8.860914027353072]},"properties":{"objectid":1443,"iso":"yor","grn_num":18614,"iso_lang_name":"Yoruba","grn_name":"Yoruba: Gbedde","scope":"Dialect","state":"Verified","parent_num":62,"longitude":8.6999999999999993,"latitude":9,"location":"Nigeria"}},{"type":"Feature","id":1444,"geometry":{"type":"Point","coordinates":[3.8909290306075777,7.8697647978407188]},"properties":{"objectid":1444,"iso":"yor","grn_num":1768,"iso_lang_name":"Yoruba","grn_name":"Yoruba: Igbomina","scope":"Dialect","state":"Verified","parent_num":62,"longitude":3.9367999999999999,"latitude":7.843,"location":"Nigeria, Oyo"}},{"type":"Feature","id":1445,"geometry":{"type":"Point","coordinates":[8.7594672276287575,9.0833483071076309]},"properties":{"objectid":1445,"iso":"yor","grn_num":18615,"iso_lang_name":"Yoruba","grn_name":"Yoruba: Ijebu","scope":"Dialect","state":"Verified","parent_num":62,"longitude":8.6999999999999993,"latitude":9,"location":"Nigeria"}},{"type":"Feature","id":1446,"geometry":{"type":"Point","coordinates":[8.6577704284489574,9.1103950275597256]},"properties":{"objectid":1446,"iso":"yor","grn_num":18616,"iso_lang_name":"Yoruba","grn_name":"Yoruba: Ijesha","scope":"Dialect","state":"Verified","parent_num":62,"longitude":8.6999999999999993,"latitude":9,"location":"Nigeria"}},{"type":"Feature","id":1447,"geometry":{"type":"Point","coordinates":[8.7506840604310554,8.9129585508010134]},"properties":{"objectid":1447,"iso":"yor","grn_num":18617,"iso_lang_name":"Yoruba","grn_name":"Yoruba: Ikale","scope":"Dialect","state":"Verified","parent_num":62,"longitude":8.6999999999999993,"latitude":9,"location":"Nigeria"}},{"type":"Feature","id":1448,"geometry":{"type":"Point","coordinates":[8.607348677864211,8.8916020056178198]},"properties":{"objectid":1448,"iso":"yor","grn_num":18618,"iso_lang_name":"Yoruba","grn_name":"Yoruba: Ila","scope":"Dialect","state":"Verified","parent_num":62,"longitude":8.6999999999999993,"latitude":9,"location":"Nigeria"}},{"type":"Feature","id":1449,"geometry":{"type":"Point","coordinates":[8.6158539296691856,8.9793960479124024]},"properties":{"objectid":1449,"iso":"yor","grn_num":18619,"iso_lang_name":"Yoruba","grn_name":"Yoruba: Ilaje","scope":"Dialect","state":"Verified","parent_num":62,"longitude":8.6999999999999993,"latitude":9,"location":"Nigeria"}},{"type":"Feature","id":1450,"geometry":{"type":"Point","coordinates":[8.6179931830766758,8.9324954974288122]},"properties":{"objectid":1450,"iso":"yor","grn_num":18620,"iso_lang_name":"Yoruba","grn_name":"Yoruba: Iworro","scope":"Dialect","state":"Verified","parent_num":62,"longitude":8.6999999999999993,"latitude":9,"location":"Nigeria"}},{"type":"Feature","id":1451,"geometry":{"type":"Point","coordinates":[8.6065982692932899,9.1246045417841746]},"properties":{"objectid":1451,"iso":"yor","grn_num":20730,"iso_lang_name":"Yoruba","grn_name":"Yoruba: Jumu","scope":"Dialect","state":"Verified","parent_num":62,"longitude":8.6999999999999993,"latitude":9,"location":"Nigeria"}},{"type":"Feature","id":1452,"geometry":{"type":"Point","coordinates":[4.7258141359714942,7.1500854782798218]},"properties":{"objectid":1452,"iso":"yor","grn_num":18621,"iso_lang_name":"Yoruba","grn_name":"Yoruba: Ondo","scope":"Dialect","state":"Verified","parent_num":62,"longitude":4.8417000000000003,"latitude":7.0999999999999996,"location":"Nigeria, Ondo"}},{"type":"Feature","id":1453,"geometry":{"type":"Point","coordinates":[8.7796183627445785,9.0217789442187559]},"properties":{"objectid":1453,"iso":"yor","grn_num":28592,"iso_lang_name":"Yoruba","grn_name":"Yoruba: Onko","scope":"Dialect","state":"Verified","parent_num":62,"longitude":8.6999999999999993,"latitude":9,"location":"Nigeria"}},{"type":"Feature","id":1454,"geometry":{"type":"Point","coordinates":[8.8142796738276914,8.9815409796229755]},"properties":{"objectid":1454,"iso":"yor","grn_num":18622,"iso_lang_name":"Yoruba","grn_name":"Yoruba: Owe","scope":"Dialect","state":"Verified","parent_num":62,"longitude":8.6999999999999993,"latitude":9,"location":"Nigeria"}},{"type":"Feature","id":1455,"geometry":{"type":"Point","coordinates":[3.9368000004046215,7.8430000000108651]},"properties":{"objectid":1455,"iso":"yor","grn_num":18623,"iso_lang_name":"Yoruba","grn_name":"Yoruba: Oyo","scope":"Dialect","state":"Verified","parent_num":62,"longitude":3.9367999999999999,"latitude":7.843,"location":"Nigeria, Oyo"}},{"type":"Feature","id":1456,"geometry":{"type":"Point","coordinates":[8.6603063060206811,8.8632963646640039]},"properties":{"objectid":1456,"iso":"yor","grn_num":18624,"iso_lang_name":"Yoruba","grn_name":"Yoruba: Wo","scope":"Dialect","state":"Verified","parent_num":62,"longitude":8.6999999999999993,"latitude":9,"location":"Nigeria"}},{"type":"Feature","id":1457,"geometry":{"type":"Point","coordinates":[3.9174826213483853,7.7935294119967216]},"properties":{"objectid":1457,"iso":"yor","grn_num":1774,"iso_lang_name":"Yoruba","grn_name":"Yoruba: Yagba","scope":"Dialect","state":"Verified","parent_num":62,"longitude":3.9367999999999999,"latitude":7.843,"location":"Nigeria, Oyo"}},{"type":"Feature","id":1458,"geometry":{"type":"Point","coordinates":[10.64160135622522,7.6458347167619127]},"properties":{"objectid":1458,"iso":"yot","grn_num":2585,"iso_lang_name":"Yotti","grn_name":"Yotti","scope":"ISO_Lang","state":"Verified","parent_num":null,"longitude":10.774000000000001,"latitude":7.9993999999999996,"location":"Nigeria, Taraba"}},{"type":"Feature","id":1459,"geometry":{"type":"Point","coordinates":[12.216557214814106,9.5862013633534424]},"properties":{"objectid":1459,"iso":"yun","grn_num":24063,"iso_lang_name":"Bena","grn_name":"Bena","scope":"ISO_Lang","state":"Verified","parent_num":null,"longitude":12.398400000000001,"latitude":9.3264999999999993,"location":"Nigeria, Adamawa"}},{"type":"Feature","id":1460,"geometry":{"type":"Point","coordinates":[12.133243948341992,9.5662605806648209]},"properties":{"objectid":1460,"iso":"yun","grn_num":28074,"iso_lang_name":"Bena","grn_name":"Yungur: Ɓəna-Yonggon","scope":"Dialect","state":"Verified","parent_num":24063,"longitude":12.398400000000001,"latitude":9.3264999999999993,"location":"Nigeria, Adamawa"}},{"type":"Feature","id":1461,"geometry":{"type":"Point","coordinates":[12.280513863818399,9.0240675474038774]},"properties":{"objectid":1461,"iso":"yun","grn_num":1781,"iso_lang_name":"Bena","grn_name":"Yungur: Kama","scope":"Dialect","state":"Verified","parent_num":24063,"longitude":12.398400000000001,"latitude":9.3264999999999993,"location":"Nigeria, Adamawa"}},{"type":"Feature","id":1462,"geometry":{"type":"Point","coordinates":[9.7990983243512257,10.612907193728535]},"properties":{"objectid":1462,"iso":"zah","grn_num":18675,"iso_lang_name":"Zamwal","grn_name":"Zamwal","scope":"ISO_Lang","state":"Verified","parent_num":null,"longitude":9.8404000000000007,"latitude":10.305999999999999,"location":"Nigeria, Bauchi"}},{"type":"Feature","id":1463,"geometry":{"type":"Point","coordinates":[9.9215738845864223,10.624446880111169]},"properties":{"objectid":1463,"iso":"zaz","grn_num":20187,"iso_lang_name":"Zari","grn_name":"Zari","scope":"ISO_Lang","state":"Verified","parent_num":null,"longitude":9.8404000000000007,"latitude":10.305999999999999,"location":"Nigeria, Bauchi"}},{"type":"Feature","id":1464,"geometry":{"type":"Point","coordinates":[9.6154725912982588,10.351927357910812]},"properties":{"objectid":1464,"iso":"zaz","grn_num":18693,"iso_lang_name":"Zari","grn_name":"Zari: Boto","scope":"Dialect","state":"Verified","parent_num":20187,"longitude":9.8404000000000007,"latitude":10.305999999999999,"location":"Nigeria, Bauchi"}},{"type":"Feature","id":1465,"geometry":{"type":"Point","coordinates":[9.7680409203390237,10.491892556070251]},"properties":{"objectid":1465,"iso":"zaz","grn_num":30560,"iso_lang_name":"Zari","grn_name":"Zari: Danche","scope":"Dialect","state":"Verified","parent_num":1970,"longitude":9.8404000000000007,"latitude":10.305999999999999,"location":"Nigeria, Bauchi"}},{"type":"Feature","id":1466,"geometry":{"type":"Point","coordinates":[9.8761813853574587,10.541257550358832]},"properties":{"objectid":1466,"iso":"zaz","grn_num":30558,"iso_lang_name":"Zari","grn_name":"Zari: Gurdun","scope":"Dialect","state":"Verified","parent_num":1970,"longitude":9.8404000000000007,"latitude":10.305999999999999,"location":"Nigeria, Bauchi"}},{"type":"Feature","id":1467,"geometry":{"type":"Point","coordinates":[10.037183269863789,9.9898582009409829]},"properties":{"objectid":1467,"iso":"zaz","grn_num":30557,"iso_lang_name":"Zari","grn_name":"Zari: Morgi","scope":"Dialect","state":"Verified","parent_num":1970,"longitude":9.8404000000000007,"latitude":10.305999999999999,"location":"Nigeria, Bauchi"}},{"type":"Feature","id":1468,"geometry":{"type":"Point","coordinates":[9.8805164743572504,10.488326393707638]},"properties":{"objectid":1468,"iso":"zaz","grn_num":1970,"iso_lang_name":"Zari","grn_name":"Zari: Zakshi","scope":"Dialect","state":"Verified","parent_num":20187,"longitude":9.8404000000000007,"latitude":10.305999999999999,"location":"Nigeria, Bauchi"}},{"type":"Feature","id":1469,"geometry":{"type":"Point","coordinates":[10.005761846938871,10.290551350763007]},"properties":{"objectid":1469,"iso":"zbu","grn_num":26213,"iso_lang_name":"Bu (Bauchi State)","grn_name":"Bu (Bauchi State)","scope":"ISO_Lang","state":"Verified","parent_num":null,"longitude":9.8404000000000007,"latitude":10.305999999999999,"location":"Nigeria, Bauchi"}},{"type":"Feature","id":1470,"geometry":{"type":"Point","coordinates":[9.8028462951425865,10.442154888834484]},"properties":{"objectid":1470,"iso":"zbu","grn_num":4989,"iso_lang_name":"Bu (Bauchi State)","grn_name":"Bu: Zarandawa","scope":"Dialect","state":"Verified","parent_num":26213,"longitude":9.8404000000000007,"latitude":10.305999999999999,"location":"Nigeria, Bauchi"}},{"type":"Feature","id":1471,"geometry":{"type":"Point","coordinates":[10.078232717426259,10.110754359933766]},"properties":{"objectid":1471,"iso":"zem","grn_num":28311,"iso_lang_name":"Zeem","grn_name":"Zeem","scope":"ISO_Lang","state":"Verified","parent_num":null,"longitude":9.8404000000000007,"latitude":10.305999999999999,"location":"Nigeria, Bauchi"}},{"type":"Feature","id":1472,"geometry":{"type":"Point","coordinates":[9.6552605643516447,9.9750643871970635]},"properties":{"objectid":1472,"iso":"zem","grn_num":18701,"iso_lang_name":"Zeem","grn_name":"Zeem: Danshe","scope":"Dialect","state":"Verified","parent_num":28311,"longitude":9.8404000000000007,"latitude":10.305999999999999,"location":"Nigeria, Bauchi"}},{"type":"Feature","id":1473,"geometry":{"type":"Point","coordinates":[9.667160456190528,10.588968499310514]},"properties":{"objectid":1473,"iso":"zem","grn_num":1919,"iso_lang_name":"Zeem","grn_name":"Zeem: Lushi","scope":"Dialect","state":"Verified","parent_num":28311,"longitude":9.8404000000000007,"latitude":10.305999999999999,"location":"Nigeria, Bauchi"}},{"type":"Feature","id":1474,"geometry":{"type":"Point","coordinates":[7.3061161123200673,10.569931740742545]},"properties":{"objectid":1474,"iso":"zhi","grn_num":4425,"iso_lang_name":"Zhire","grn_name":"Zhire","scope":"ISO_Lang","state":"Verified","parent_num":null,"longitude":7.4408000000000003,"latitude":10.5015,"location":"Nigeria, Kaduna"}},{"type":"Feature","id":1475,"geometry":{"type":"Point","coordinates":[10.143082576588899,10.379214271433026]},"properties":{"objectid":1475,"iso":"zlu","grn_num":1972,"iso_lang_name":"Zul","grn_name":"Zul","scope":"ISO_Lang","state":"Verified","parent_num":null,"longitude":9.8404000000000007,"latitude":10.305999999999999,"location":"Nigeria, Bauchi"}},{"type":"Feature","id":1476,"geometry":{"type":"Point","coordinates":[9.7186884344369755,9.9900810583036304]},"properties":{"objectid":1476,"iso":"zns","grn_num":6385,"iso_lang_name":"Mansi","grn_name":"Mangas","scope":"ISO_Lang","state":"Verified","parent_num":null,"longitude":9.8404000000000007,"latitude":10.305999999999999,"location":"Nigeria, Bauchi"}}]}